-- MySQL dump 10.13  Distrib 9.0.0, for Win64 (x86_64)
--
-- Host: 127.0.0.1    Database: teashop
-- ------------------------------------------------------
-- Server version	9.0.0

/*!40101 SET @OLD_CHARACTER_SET_CLIENT=@@CHARACTER_SET_CLIENT */;
/*!40101 SET @OLD_CHARACTER_SET_RESULTS=@@CHARACTER_SET_RESULTS */;
/*!40101 SET @OLD_COLLATION_CONNECTION=@@COLLATION_CONNECTION */;
/*!50503 SET NAMES utf8mb4 */;
/*!40103 SET @OLD_TIME_ZONE=@@TIME_ZONE */;
/*!40103 SET TIME_ZONE='+00:00' */;
/*!40014 SET @OLD_UNIQUE_CHECKS=@@UNIQUE_CHECKS, UNIQUE_CHECKS=0 */;
/*!40014 SET @OLD_FOREIGN_KEY_CHECKS=@@FOREIGN_KEY_CHECKS, FOREIGN_KEY_CHECKS=0 */;
/*!40101 SET @OLD_SQL_MODE=@@SQL_MODE, SQL_MODE='NO_AUTO_VALUE_ON_ZERO' */;
/*!40111 SET @OLD_SQL_NOTES=@@SQL_NOTES, SQL_NOTES=0 */;

--
-- Table structure for table `address`
--

DROP TABLE IF EXISTS `address`;
/*!40101 SET @saved_cs_client     = @@character_set_client */;
/*!50503 SET character_set_client = utf8mb4 */;
CREATE TABLE `address` (
  `id` bigint NOT NULL AUTO_INCREMENT,
  `receiver_name` varchar(255) DEFAULT NULL,
  `receiver_phone` varchar(255) DEFAULT NULL,
  `user_id` bigint DEFAULT NULL,
  `address` varchar(255) DEFAULT NULL,
  `city_id` bigint NOT NULL,
  `district_id` bigint NOT NULL,
  `ward_id` bigint NOT NULL,
  `receiver_location` varchar(255) DEFAULT NULL,
  PRIMARY KEY (`id`),
  KEY `FK6i66ijb8twgcqtetl8eeeed6v` (`user_id`),
  CONSTRAINT `FK6i66ijb8twgcqtetl8eeeed6v` FOREIGN KEY (`user_id`) REFERENCES `users` (`user_id`)
) ENGINE=InnoDB AUTO_INCREMENT=50 DEFAULT CHARSET=utf8mb4 COLLATE=utf8mb4_0900_ai_ci;
/*!40101 SET character_set_client = @saved_cs_client */;

--
-- Dumping data for table `address`
--

/*!40000 ALTER TABLE `address` DISABLE KEYS */;
INSERT INTO `address` VALUES (40,'Minh','0343921331',NULL,'1111',2,32,589,NULL),(42,'Minh123','0343921331',NULL,NULL,4,56,982,NULL),(44,'Minh11','0332264123',3,'ok update',3,45,815,'ok update Xã Cần Yên Huyện Hà Quảng Tỉnh Cao Bằng'),(45,'Minh','0343921331',3,'ok',2,32,591,'ok Thị trấn Đồng Văn Huyện Đồng Văn Tỉnh Hà Giang'),(46,'Minh','0343921331',88,'ok',11,127,2139,'ok Xã Lam Vỹ Huyện Định Hóa Tỉnh Hoà Bình'),(47,'Minh','9343921331',88,'1',12,126,2128,'1 Phường Châu Sơn Thành phố Sông Công Tỉnh Thái Nguyên'),(48,'Minh','0343921331',88,'ok',3,45,815,'ok Xã Cần Yên Huyện Hà Quảng Tỉnh Cao Bằng'),(49,'Minh Đặng','0343921331',88,'ok',12,125,2097,'ok Phường Túc Duyên Thành phố Thái Nguyên Tỉnh Thái Nguyên');
/*!40000 ALTER TABLE `address` ENABLE KEYS */;

--
-- Table structure for table `cart_detail`
--

DROP TABLE IF EXISTS `cart_detail`;
/*!40101 SET @saved_cs_client     = @@character_set_client */;
/*!50503 SET character_set_client = utf8mb4 */;
CREATE TABLE `cart_detail` (
  `id` bigint NOT NULL AUTO_INCREMENT,
  `price` double NOT NULL,
  `cart_id` bigint DEFAULT NULL,
  `product_id` bigint DEFAULT NULL,
  `quantity` bigint NOT NULL,
  PRIMARY KEY (`id`),
  KEY `FKbql1m2v2po7hcawonqsgqex88` (`cart_id`),
  KEY `FKclb1c0wg3mofxnpgidib1t987` (`product_id`),
  CONSTRAINT `FKbql1m2v2po7hcawonqsgqex88` FOREIGN KEY (`cart_id`) REFERENCES `carts` (`id`),
  CONSTRAINT `FKclb1c0wg3mofxnpgidib1t987` FOREIGN KEY (`product_id`) REFERENCES `products` (`product_id`)
) ENGINE=InnoDB AUTO_INCREMENT=171 DEFAULT CHARSET=utf8mb4 COLLATE=utf8mb4_0900_ai_ci;
/*!40101 SET character_set_client = @saved_cs_client */;

--
-- Dumping data for table `cart_detail`
--

/*!40000 ALTER TABLE `cart_detail` DISABLE KEYS */;
INSERT INTO `cart_detail` VALUES (151,45000,64,9,1);
/*!40000 ALTER TABLE `cart_detail` ENABLE KEYS */;

--
-- Table structure for table `carts`
--

DROP TABLE IF EXISTS `carts`;
/*!40101 SET @saved_cs_client     = @@character_set_client */;
/*!50503 SET character_set_client = utf8mb4 */;
CREATE TABLE `carts` (
  `id` bigint NOT NULL AUTO_INCREMENT,
  `sum` bigint NOT NULL,
  `user_id` bigint DEFAULT NULL,
  PRIMARY KEY (`id`),
  UNIQUE KEY `UK64t7ox312pqal3p7fg9o503c2` (`user_id`),
  CONSTRAINT `FKb5o626f86h46m4s7ms6ginnop` FOREIGN KEY (`user_id`) REFERENCES `users` (`user_id`)
) ENGINE=InnoDB AUTO_INCREMENT=76 DEFAULT CHARSET=utf8mb4 COLLATE=utf8mb4_0900_ai_ci;
/*!40101 SET character_set_client = @saved_cs_client */;

--
-- Dumping data for table `carts`
--

/*!40000 ALTER TABLE `carts` DISABLE KEYS */;
INSERT INTO `carts` VALUES (64,1,93);
/*!40000 ALTER TABLE `carts` ENABLE KEYS */;

--
-- Table structure for table `categories`
--

DROP TABLE IF EXISTS `categories`;
/*!40101 SET @saved_cs_client     = @@character_set_client */;
/*!50503 SET character_set_client = utf8mb4 */;
CREATE TABLE `categories` (
  `category_id` bigint NOT NULL AUTO_INCREMENT,
  `name` varchar(255) DEFAULT NULL,
  `slug` varchar(255) DEFAULT NULL,
  `parent_id` bigint DEFAULT NULL,
  PRIMARY KEY (`category_id`),
  KEY `FK622k6xit9jwlv0k1pn725h195` (`parent_id`),
  CONSTRAINT `FK622k6xit9jwlv0k1pn725h195` FOREIGN KEY (`parent_id`) REFERENCES `parent_categories` (`id`)
) ENGINE=InnoDB AUTO_INCREMENT=18 DEFAULT CHARSET=utf8mb4 COLLATE=utf8mb4_0900_ai_ci;
/*!40101 SET character_set_client = @saved_cs_client */;

--
-- Dumping data for table `categories`
--

/*!40000 ALTER TABLE `categories` DISABLE KEYS */;
INSERT INTO `categories` VALUES (1,'Máy khoan','may-khoan',65),(2,'Máy cắt','may-cat',65),(3,'Máy hàn','may-han',66),(4,'Máy mài','may-mai',66),(5,'Máy phay','may-phay',67),(6,'Đèn pin','den-pin',67),(7,'Búa','bua',65),(8,'Kìm','kim',65),(9,'Tuốc-nơ-vít','tuoc-no-vit',66),(10,'Mỏ lết','mo-let',66),(11,'Kìm bấm','kim-bam',67),(12,'Thước','thuoc',67),(13,'Nồi cơm điện','noi-com-dien',65),(14,'Lò nướng','lo-nuong',65),(15,'Chảo chống dính','chao-chong-dinh',66),(16,'Bếp gas','bep-gas',66),(17,'Nồi áp suất','noi-ap-suat',67);
/*!40000 ALTER TABLE `categories` ENABLE KEYS */;

--
-- Table structure for table `collaborators`
--

DROP TABLE IF EXISTS `collaborators`;
/*!40101 SET @saved_cs_client     = @@character_set_client */;
/*!50503 SET character_set_client = utf8mb4 */;
CREATE TABLE `collaborators` (
  `id` bigint NOT NULL AUTO_INCREMENT,
  `balance` double NOT NULL,
  `commission_rate` double NOT NULL,
  `total_earnings` double NOT NULL,
  `user_id` bigint NOT NULL,
  `available_balance` double NOT NULL,
  PRIMARY KEY (`id`),
  UNIQUE KEY `UKifps8cmsids4rmg11b4nn0k6f` (`user_id`),
  CONSTRAINT `FKmg9syr136b4f774tvh50ghff` FOREIGN KEY (`user_id`) REFERENCES `users` (`user_id`)
) ENGINE=InnoDB AUTO_INCREMENT=14 DEFAULT CHARSET=utf8mb4 COLLATE=utf8mb4_0900_ai_ci;
/*!40101 SET character_set_client = @saved_cs_client */;

--
-- Dumping data for table `collaborators`
--

/*!40000 ALTER TABLE `collaborators` DISABLE KEYS */;
INSERT INTO `collaborators` VALUES (13,0,0.2,117600,93,9446678);
/*!40000 ALTER TABLE `collaborators` ENABLE KEYS */;

--
-- Table structure for table `districts`
--

DROP TABLE IF EXISTS `districts`;
/*!40101 SET @saved_cs_client     = @@character_set_client */;
/*!50503 SET character_set_client = utf8mb4 */;
CREATE TABLE `districts` (
  `id` bigint NOT NULL AUTO_INCREMENT,
  `code` varchar(255) DEFAULT NULL,
  `name` varchar(255) DEFAULT NULL,
  `province_id` bigint DEFAULT NULL,
  PRIMARY KEY (`id`),
  KEY `FK82doq1t64jhly7a546lpvnu2c` (`province_id`),
  CONSTRAINT `FK82doq1t64jhly7a546lpvnu2c` FOREIGN KEY (`province_id`) REFERENCES `provinces` (`id`)
) ENGINE=InnoDB AUTO_INCREMENT=394 DEFAULT CHARSET=utf8mb4 COLLATE=utf8mb4_0900_ai_ci;
/*!40101 SET character_set_client = @saved_cs_client */;

--
-- Dumping data for table `districts`
--

/*!40000 ALTER TABLE `districts` DISABLE KEYS */;
INSERT INTO `districts` VALUES (1,'001','Quận Ba Đình',1),(2,'002','Quận Hoàn Kiếm',1),(3,'003','Quận Tây Hồ',1),(4,'004','Quận Long Biên',1),(5,'005','Quận Cầu Giấy',1),(6,'006','Quận Đống Đa',1),(7,'007','Quận Hai Bà Trưng',1),(8,'008','Quận Hoàng Mai',1),(9,'009','Quận Thanh Xuân',1),(10,'016','Huyện Sóc Sơn',1),(11,'017','Huyện Đông Anh',1),(12,'018','Huyện Gia Lâm',1),(13,'019','Quận Nam Từ Liêm',1),(14,'020','Huyện Thanh Trì',1),(15,'021','Quận Bắc Từ Liêm',1),(16,'250','Huyện Mê Linh',1),(17,'268','Quận Hà Đông',1),(18,'269','Thị xã Sơn Tây',1),(19,'271','Huyện Ba Vì',1),(20,'272','Huyện Phúc Thọ',1),(21,'273','Huyện Đan Phượng',1),(22,'274','Huyện Hoài Đức',1),(23,'275','Huyện Quốc Oai',1),(24,'276','Huyện Thạch Thất',1),(25,'277','Huyện Chương Mỹ',1),(26,'278','Huyện Thanh Oai',1),(27,'279','Huyện Thường Tín',1),(28,'280','Huyện Phú Xuyên',1),(29,'281','Huyện Ứng Hòa',1),(30,'282','Huyện Mỹ Đức',1),(31,'024','Thành phố Hà Giang',2),(32,'026','Huyện Đồng Văn',2),(33,'027','Huyện Mèo Vạc',2),(34,'028','Huyện Yên Minh',2),(35,'029','Huyện Quản Bạ',2),(36,'030','Huyện Vị Xuyên',2),(37,'031','Huyện Bắc Mê',2),(38,'032','Huyện Hoàng Su Phì',2),(39,'033','Huyện Xín Mần',2),(40,'034','Huyện Bắc Quang',2),(41,'035','Huyện Quang Bình',2),(42,'040','Thành phố Cao Bằng',3),(43,'042','Huyện Bảo Lâm',3),(44,'043','Huyện Bảo Lạc',3),(45,'045','Huyện Hà Quảng',3),(46,'047','Huyện Trùng Khánh',3),(47,'048','Huyện Hạ Lang',3),(48,'049','Huyện Quảng Hòa',3),(49,'051','Huyện Hoà An',3),(50,'052','Huyện Nguyên Bình',3),(51,'053','Huyện Thạch An',3),(52,'058','Thành Phố Bắc Kạn',4),(53,'060','Huyện Pác Nặm',4),(54,'061','Huyện Ba Bể',4),(55,'062','Huyện Ngân Sơn',4),(56,'063','Huyện Bạch Thông',4),(57,'064','Huyện Chợ Đồn',4),(58,'065','Huyện Chợ Mới',4),(59,'066','Huyện Na Rì',4),(60,'070','Thành phố Tuyên Quang',5),(61,'071','Huyện Lâm Bình',5),(62,'072','Huyện Na Hang',5),(63,'073','Huyện Chiêm Hóa',5),(64,'074','Huyện Hàm Yên',5),(65,'075','Huyện Yên Sơn',5),(66,'076','Huyện Sơn Dương',5),(67,'080','Thành phố Lào Cai',6),(68,'082','Huyện Bát Xát',6),(69,'083','Huyện Mường Khương',6),(70,'084','Huyện Si Ma Cai',6),(71,'085','Huyện Bắc Hà',6),(72,'086','Huyện Bảo Thắng',6),(73,'087','Huyện Bảo Yên',6),(74,'088','Thị xã Sa Pa',6),(75,'089','Huyện Văn Bàn',6),(76,'094','Thành phố Điện Biên Phủ',7),(77,'095','Thị Xã Mường Lay',7),(78,'096','Huyện Mường Nhé',7),(79,'097','Huyện Mường Chà',7),(80,'098','Huyện Tủa Chùa',7),(81,'099','Huyện Tuần Giáo',7),(82,'100','Huyện Điện Biên',7),(83,'101','Huyện Điện Biên Đông',7),(84,'102','Huyện Mường Ảng',7),(85,'103','Huyện Nậm Pồ',7),(86,'105','Thành phố Lai Châu',8),(87,'106','Huyện Tam Đường',8),(88,'107','Huyện Mường Tè',8),(89,'108','Huyện Sìn Hồ',8),(90,'109','Huyện Phong Thổ',8),(91,'110','Huyện Than Uyên',8),(92,'111','Huyện Tân Uyên',8),(93,'112','Huyện Nậm Nhùn',8),(94,'116','Thành phố Sơn La',9),(95,'118','Huyện Quỳnh Nhai',9),(96,'119','Huyện Thuận Châu',9),(97,'120','Huyện Mường La',9),(98,'121','Huyện Bắc Yên',9),(99,'122','Huyện Phù Yên',9),(100,'123','Huyện Mộc Châu',9),(101,'124','Huyện Yên Châu',9),(102,'125','Huyện Mai Sơn',9),(103,'126','Huyện Sông Mã',9),(104,'127','Huyện Sốp Cộp',9),(105,'128','Huyện Vân Hồ',9),(106,'132','Thành phố Yên Bái',10),(107,'133','Thị xã Nghĩa Lộ',10),(108,'135','Huyện Lục Yên',10),(109,'136','Huyện Văn Yên',10),(110,'137','Huyện Mù Căng Chải',10),(111,'138','Huyện Trấn Yên',10),(112,'139','Huyện Trạm Tấu',10),(113,'140','Huyện Văn Chấn',10),(114,'141','Huyện Yên Bình',10),(115,'148','Thành phố Hòa Bình',11),(116,'150','Huyện Đà Bắc',11),(117,'152','Huyện Lương Sơn',11),(118,'153','Huyện Kim Bôi',11),(119,'154','Huyện Cao Phong',11),(120,'155','Huyện Tân Lạc',11),(121,'156','Huyện Mai Châu',11),(122,'157','Huyện Lạc Sơn',11),(123,'158','Huyện Yên Thủy',11),(124,'159','Huyện Lạc Thủy',11),(125,'164','Thành phố Thái Nguyên',12),(126,'165','Thành phố Sông Công',12),(127,'167','Huyện Định Hóa',12),(128,'168','Huyện Phú Lương',12),(129,'169','Huyện Đồng Hỷ',12),(130,'170','Huyện Võ Nhai',12),(131,'171','Huyện Đại Từ',12),(132,'172','Thị xã Phổ Yên',12),(133,'173','Huyện Phú Bình',12),(134,'178','Thành phố Lạng Sơn',13),(135,'180','Huyện Tràng Định',13),(136,'181','Huyện Bình Gia',13),(137,'182','Huyện Văn Lãng',13),(138,'183','Huyện Cao Lộc',13),(139,'184','Huyện Văn Quan',13),(140,'185','Huyện Bắc Sơn',13),(141,'186','Huyện Hữu Lũng',13),(142,'187','Huyện Chi Lăng',13),(143,'188','Huyện Lộc Bình',13),(144,'189','Huyện Đình Lập',13),(145,'193','Thành phố Hạ Long',14),(146,'194','Thành phố Móng Cái',14),(147,'195','Thành phố Cẩm Phả',14),(148,'196','Thành phố Uông Bí',14),(149,'198','Huyện Bình Liêu',14),(150,'199','Huyện Tiên Yên',14),(151,'200','Huyện Đầm Hà',14),(152,'201','Huyện Hải Hà',14),(153,'202','Huyện Ba Chẽ',14),(154,'203','Huyện Vân Đồn',14),(155,'205','Thị xã Đông Triều',14),(156,'206','Thị xã Quảng Yên',14),(157,'207','Huyện Cô Tô',14),(158,'213','Thành phố Bắc Giang',15),(159,'215','Huyện Yên Thế',15),(160,'216','Huyện Tân Yên',15),(161,'217','Huyện Lạng Giang',15),(162,'218','Huyện Lục Nam',15),(163,'219','Huyện Lục Ngạn',15),(164,'220','Huyện Sơn Động',15),(165,'221','Huyện Yên Dũng',15),(166,'222','Huyện Việt Yên',15),(167,'223','Huyện Hiệp Hòa',15),(168,'227','Thành phố Việt Trì',16),(169,'228','Thị xã Phú Thọ',16),(170,'230','Huyện Đoan Hùng',16),(171,'231','Huyện Hạ Hoà',16),(172,'232','Huyện Thanh Ba',16),(173,'233','Huyện Phù Ninh',16),(174,'234','Huyện Yên Lập',16),(175,'235','Huyện Cẩm Khê',16),(176,'236','Huyện Tam Nông',16),(177,'237','Huyện Lâm Thao',16),(178,'238','Huyện Thanh Sơn',16),(179,'239','Huyện Thanh Thuỷ',16),(180,'240','Huyện Tân Sơn',16),(181,'243','Thành phố Vĩnh Yên',17),(182,'244','Thành phố Phúc Yên',17),(183,'246','Huyện Lập Thạch',17),(184,'247','Huyện Tam Dương',17),(185,'248','Huyện Tam Đảo',17),(186,'249','Huyện Bình Xuyên',17),(187,'251','Huyện Yên Lạc',17),(188,'252','Huyện Vĩnh Tường',17),(189,'253','Huyện Sông Lô',17),(190,'256','Thành phố Bắc Ninh',18),(191,'258','Huyện Yên Phong',18),(192,'259','Huyện Quế Võ',18),(193,'260','Huyện Tiên Du',18),(194,'261','Thị xã Từ Sơn',18),(195,'262','Huyện Thuận Thành',18),(196,'263','Huyện Gia Bình',18),(197,'264','Huyện Lương Tài',18),(198,'288','Thành phố Hải Dương',19),(199,'290','Thành phố Chí Linh',19),(200,'291','Huyện Nam Sách',19),(201,'292','Thị xã Kinh Môn',19),(202,'293','Huyện Kim Thành',19),(203,'294','Huyện Thanh Hà',19),(204,'295','Huyện Cẩm Giàng',19),(205,'296','Huyện Bình Giang',19),(206,'297','Huyện Gia Lộc',19),(207,'298','Huyện Tứ Kỳ',19),(208,'299','Huyện Ninh Giang',19),(209,'300','Huyện Thanh Miện',19),(210,'303','Quận Hồng Bàng',20),(211,'304','Quận Ngô Quyền',20),(212,'305','Quận Lê Chân',20),(213,'306','Quận Hải An',20),(214,'307','Quận Kiến An',20),(215,'308','Quận Đồ Sơn',20),(216,'309','Quận Dương Kinh',20),(217,'311','Huyện Thuỷ Nguyên',20),(218,'312','Huyện An Dương',20),(219,'313','Huyện An Lão',20),(220,'314','Huyện Kiến Thuỵ',20),(221,'315','Huyện Tiên Lãng',20),(222,'316','Huyện Vĩnh Bảo',20),(223,'317','Huyện Cát Hải',20),(224,'323','Thành phố Hưng Yên',21),(225,'325','Huyện Văn Lâm',21),(226,'326','Huyện Văn Giang',21),(227,'327','Huyện Yên Mỹ',21),(228,'328','Thị xã Mỹ Hào',21),(229,'329','Huyện Ân Thi',21),(230,'330','Huyện Khoái Châu',21),(231,'331','Huyện Kim Động',21),(232,'332','Huyện Tiên Lữ',21),(233,'333','Huyện Phù Cừ',21),(234,'336','Thành phố Thái Bình',22),(235,'338','Huyện Quỳnh Phụ',22),(236,'339','Huyện Hưng Hà',22),(237,'340','Huyện Đông Hưng',22),(238,'341','Huyện Thái Thụy',22),(239,'342','Huyện Tiền Hải',22),(240,'343','Huyện Kiến Xương',22),(241,'344','Huyện Vũ Thư',22),(242,'347','Thành phố Phủ Lý',23),(243,'349','Thị xã Duy Tiên',23),(244,'350','Huyện Kim Bảng',23),(245,'351','Huyện Thanh Liêm',23),(246,'352','Huyện Bình Lục',23),(247,'353','Huyện Lý Nhân',23),(248,'356','Thành phố Nam Định',24),(249,'358','Huyện Mỹ Lộc',24),(250,'359','Huyện Vụ Bản',24),(251,'360','Huyện Ý Yên',24),(252,'361','Huyện Nghĩa Hưng',24),(253,'362','Huyện Nam Trực',24),(254,'363','Huyện Trực Ninh',24),(255,'364','Huyện Xuân Trường',24),(256,'365','Huyện Giao Thủy',24),(257,'366','Huyện Hải Hậu',24),(258,'369','Thành phố Ninh Bình',25),(259,'370','Thành phố Tam Điệp',25),(260,'372','Huyện Nho Quan',25),(261,'373','Huyện Gia Viễn',25),(262,'374','Huyện Hoa Lư',25),(263,'375','Huyện Yên Khánh',25),(264,'376','Huyện Kim Sơn',25),(265,'377','Huyện Yên Mô',25),(266,'380','Thành phố Thanh Hóa',26),(267,'381','Thị xã Bỉm Sơn',26),(268,'382','Thành phố Sầm Sơn',26),(269,'384','Huyện Mường Lát',26),(270,'385','Huyện Quan Hóa',26),(271,'386','Huyện Bá Thước',26),(272,'387','Huyện Quan Sơn',26),(273,'388','Huyện Lang Chánh',26),(274,'389','Huyện Ngọc Lặc',26),(275,'390','Huyện Cẩm Thủy',26),(276,'391','Huyện Thạch Thành',26),(277,'392','Huyện Hà Trung',26),(278,'393','Huyện Vĩnh Lộc',26),(279,'394','Huyện Yên Định',26),(280,'395','Huyện Thọ Xuân',26),(281,'396','Huyện Thường Xuân',26),(282,'397','Huyện Triệu Sơn',26),(283,'398','Huyện Thiệu Hóa',26),(284,'399','Huyện Hoằng Hóa',26),(285,'400','Huyện Hậu Lộc',26),(286,'401','Huyện Nga Sơn',26),(287,'402','Huyện Như Xuân',26),(288,'403','Huyện Như Thanh',26),(289,'404','Huyện Nông Cống',26),(290,'405','Huyện Đông Sơn',26),(291,'406','Huyện Quảng Xương',26),(292,'407','Thị xã Nghi Sơn',26),(293,'412','Thành phố Vinh',27),(294,'413','Thị xã Cửa Lò',27),(295,'414','Thị xã Thái Hoà',27),(296,'415','Huyện Quế Phong',27),(297,'416','Huyện Quỳ Châu',27),(298,'417','Huyện Kỳ Sơn',27),(299,'418','Huyện Tương Dương',27),(300,'419','Huyện Nghĩa Đàn',27),(301,'420','Huyện Quỳ Hợp',27),(302,'421','Huyện Quỳnh Lưu',27),(303,'422','Huyện Con Cuông',27),(304,'423','Huyện Tân Kỳ',27),(305,'424','Huyện Anh Sơn',27),(306,'425','Huyện Diễn Châu',27),(307,'426','Huyện Yên Thành',27),(308,'427','Huyện Đô Lương',27),(309,'428','Huyện Thanh Chương',27),(310,'429','Huyện Nghi Lộc',27),(311,'430','Huyện Nam Đàn',27),(312,'431','Huyện Hưng Nguyên',27),(313,'432','Thị xã Hoàng Mai',27),(314,'436','Thành phố Hà Tĩnh',28),(315,'437','Thị xã Hồng Lĩnh',28),(316,'439','Huyện Hương Sơn',28),(317,'440','Huyện Đức Thọ',28),(318,'441','Huyện Vũ Quang',28),(319,'442','Huyện Nghi Xuân',28),(320,'443','Huyện Can Lộc',28),(321,'444','Huyện Hương Khê',28),(322,'445','Huyện Thạch Hà',28),(323,'446','Huyện Cẩm Xuyên',28),(324,'447','Huyện Kỳ Anh',28),(325,'448','Huyện Lộc Hà',28),(326,'449','Thị xã Kỳ Anh',28),(327,'450','Thành Phố Đồng Hới',29),(328,'452','Huyện Minh Hóa',29),(329,'453','Huyện Tuyên Hóa',29),(330,'454','Huyện Quảng Trạch',29),(331,'455','Huyện Bố Trạch',29),(332,'456','Huyện Quảng Ninh',29),(333,'457','Huyện Lệ Thủy',29),(334,'458','Thị xã Ba Đồn',29),(335,'461','Thành phố Đông Hà',30),(336,'462','Thị xã Quảng Trị',30),(337,'464','Huyện Vĩnh Linh',30),(338,'465','Huyện Hướng Hóa',30),(339,'466','Huyện Gio Linh',30),(340,'467','Huyện Đa Krông',30),(341,'468','Huyện Cam Lộ',30),(342,'469','Huyện Triệu Phong',30),(343,'470','Huyện Hải Lăng',30),(344,'474','Thành phố Huế',31),(345,'476','Huyện Phong Điền',31),(346,'477','Huyện Quảng Điền',31),(347,'478','Huyện Phú Vang',31),(348,'479','Thị xã Hương Thủy',31),(349,'480','Thị xã Hương Trà',31),(350,'481','Huyện A Lưới',31),(351,'482','Huyện Phú Lộc',31),(352,'483','Huyện Nam Đông',31),(353,'490','Quận Liên Chiểu',32),(354,'491','Quận Thanh Khê',32),(355,'492','Quận Hải Châu',32),(356,'493','Quận Sơn Trà',32),(357,'494','Quận Ngũ Hành Sơn',32),(358,'495','Quận Cẩm Lệ',32),(359,'497','Huyện Hòa Vang',32),(360,'502','Thành phố Tam Kỳ',33),(361,'503','Thành phố Hội An',33),(362,'504','Huyện Tây Giang',33),(363,'505','Huyện Đông Giang',33),(364,'506','Huyện Đại Lộc',33),(365,'507','Thị xã Điện Bàn',33),(366,'508','Huyện Duy Xuyên',33),(367,'509','Huyện Quế Sơn',33),(368,'510','Huyện Nam Giang',33),(369,'511','Huyện Phước Sơn',33),(370,'512','Huyện Hiệp Đức',33),(371,'513','Huyện Thăng Bình',33),(372,'514','Huyện Tiên Phước',33),(373,'515','Huyện Bắc Trà My',33),(374,'516','Huyện Nam Trà My',33),(375,'517','Huyện Núi Thành',33),(376,'518','Huyện Phú Ninh',33),(377,'519','Huyện Nông Sơn',33),(378,'522','Thành phố Quảng Ngãi',34),(379,'524','Huyện Bình Sơn',34),(380,'525','Huyện Trà Bồng',34),(381,'527','Huyện Sơn Tịnh',34),(382,'528','Huyện Tư Nghĩa',34),(383,'529','Huyện Sơn Hà',34),(384,'530','Huyện Sơn Tây',34),(385,'531','Huyện Minh Long',34),(386,'532','Huyện Nghĩa Hành',34),(387,'533','Huyện Mộ Đức',34),(388,'534','Thị xã Đức Phổ',34),(389,'535','Huyện Ba Tơ',34),(390,'540','Thành phố Quy Nhơn',35),(391,'542','Huyện An Lão',35),(392,'543','Thị xã Hoài Nhơn',35),(393,'544','Huyện Hoài Ân',35);
/*!40000 ALTER TABLE `districts` ENABLE KEYS */;

--
-- Table structure for table `order_details`
--

DROP TABLE IF EXISTS `order_details`;
/*!40101 SET @saved_cs_client     = @@character_set_client */;
/*!50503 SET character_set_client = utf8mb4 */;
CREATE TABLE `order_details` (
  `id` bigint NOT NULL AUTO_INCREMENT,
  `price` double NOT NULL,
  `quantity` bigint NOT NULL,
  `order_id` bigint DEFAULT NULL,
  `product_id` bigint DEFAULT NULL,
  `affiliate_id` bigint DEFAULT NULL,
  `commission_rate` double NOT NULL,
  PRIMARY KEY (`id`),
  KEY `FKjyu2qbqt8gnvno9oe9j2s2ldk` (`order_id`),
  KEY `FK4q98utpd73imf4yhttm3w0eax` (`product_id`),
  KEY `FK5wysg7xg0dku81d9h7tohsucf` (`affiliate_id`),
  CONSTRAINT `FK4q98utpd73imf4yhttm3w0eax` FOREIGN KEY (`product_id`) REFERENCES `products` (`product_id`),
  CONSTRAINT `FK5wysg7xg0dku81d9h7tohsucf` FOREIGN KEY (`affiliate_id`) REFERENCES `users` (`user_id`),
  CONSTRAINT `FKjyu2qbqt8gnvno9oe9j2s2ldk` FOREIGN KEY (`order_id`) REFERENCES `orders` (`id`)
) ENGINE=InnoDB AUTO_INCREMENT=89 DEFAULT CHARSET=utf8mb4 COLLATE=utf8mb4_0900_ai_ci;
/*!40101 SET character_set_client = @saved_cs_client */;

--
-- Dumping data for table `order_details`
--

/*!40000 ALTER TABLE `order_details` DISABLE KEYS */;
INSERT INTO `order_details` VALUES (84,84000,3,73,8,93,0.2),(85,196000,7,74,8,NULL,0),(86,45000,1,74,9,NULL,0),(87,168000,6,75,8,93,0.2),(88,336000,12,76,8,93,0.2);
/*!40000 ALTER TABLE `order_details` ENABLE KEYS */;

--
-- Table structure for table `orders`
--

DROP TABLE IF EXISTS `orders`;
/*!40101 SET @saved_cs_client     = @@character_set_client */;
/*!50503 SET character_set_client = utf8mb4 */;
CREATE TABLE `orders` (
  `id` bigint NOT NULL AUTO_INCREMENT,
  `receiver_address` varchar(255) DEFAULT NULL,
  `receiver_name` varchar(255) DEFAULT NULL,
  `receiver_phone` varchar(255) DEFAULT NULL,
  `status` enum('CANCELED','DELIVERED','PENDING','PROCESSING','RETURNED','SHIPPING') CHARACTER SET utf8mb4 COLLATE utf8mb4_0900_ai_ci DEFAULT NULL,
  `total_price` double NOT NULL,
  `user_id` bigint DEFAULT NULL,
  `order_date` datetime(6) DEFAULT NULL,
  `customer_code` varchar(255) DEFAULT NULL,
  PRIMARY KEY (`id`),
  KEY `FK32ql8ubntj5uh44ph9659tiih` (`user_id`),
  CONSTRAINT `FK32ql8ubntj5uh44ph9659tiih` FOREIGN KEY (`user_id`) REFERENCES `users` (`user_id`)
) ENGINE=InnoDB AUTO_INCREMENT=77 DEFAULT CHARSET=utf8mb4 COLLATE=utf8mb4_0900_ai_ci;
/*!40101 SET character_set_client = @saved_cs_client */;

--
-- Dumping data for table `orders`
--

/*!40000 ALTER TABLE `orders` DISABLE KEYS */;
INSERT INTO `orders` VALUES (73,'Hoà Bình','Minh','0343921331','DELIVERED',84000,3,'2024-12-06 04:28:38.515501','CUSTOM-0005-0795'),(74,'ok update Xã Cần Yên Huyện Hà Quảng Tỉnh Cao Bằng','Minh11','0332264123','DELIVERED',241000,3,'2024-12-06 04:29:12.013425','CUSTOM-0005-0795'),(75,'Hoà Bình','Minh','0343921331','DELIVERED',168000,3,'2024-12-06 04:58:20.441503','CUSTOM-0005-0795'),(76,'Hoà Bình','Minh','0343921331','DELIVERED',336000,3,'2024-12-06 05:00:50.466846','CUSTOM-0005-0795');
/*!40000 ALTER TABLE `orders` ENABLE KEYS */;

--
-- Table structure for table `parent_categories`
--

DROP TABLE IF EXISTS `parent_categories`;
/*!40101 SET @saved_cs_client     = @@character_set_client */;
/*!50503 SET character_set_client = utf8mb4 */;
CREATE TABLE `parent_categories` (
  `id` bigint NOT NULL AUTO_INCREMENT,
  `name` varchar(255) DEFAULT NULL,
  `slug` varchar(255) DEFAULT NULL,
  PRIMARY KEY (`id`)
) ENGINE=InnoDB AUTO_INCREMENT=68 DEFAULT CHARSET=utf8mb4 COLLATE=utf8mb4_0900_ai_ci;
/*!40101 SET character_set_client = @saved_cs_client */;

--
-- Dumping data for table `parent_categories`
--

/*!40000 ALTER TABLE `parent_categories` DISABLE KEYS */;
INSERT INTO `parent_categories` VALUES (65,'Electronics',NULL),(66,'Clothing',NULL),(67,'Furniture',NULL);
/*!40000 ALTER TABLE `parent_categories` ENABLE KEYS */;

--
-- Table structure for table `payments`
--

DROP TABLE IF EXISTS `payments`;
/*!40101 SET @saved_cs_client     = @@character_set_client */;
/*!50503 SET character_set_client = utf8mb4 */;
CREATE TABLE `payments` (
  `id` bigint NOT NULL AUTO_INCREMENT,
  `description` varchar(255) DEFAULT NULL,
  `name` varchar(255) DEFAULT NULL,
  `price` varchar(255) DEFAULT NULL,
  `status` tinyint(1) DEFAULT NULL,
  `url_icon` varchar(255) DEFAULT NULL,
  PRIMARY KEY (`id`)
) ENGINE=InnoDB AUTO_INCREMENT=6 DEFAULT CHARSET=utf8mb4 COLLATE=utf8mb4_0900_ai_ci;
/*!40101 SET character_set_client = @saved_cs_client */;

--
-- Dumping data for table `payments`
--

/*!40000 ALTER TABLE `payments` DISABLE KEYS */;
INSERT INTO `payments` VALUES (4,'Thanh toán khi nhận hàng','Thanh toán khi nhận hàng','0',1,NULL);
/*!40000 ALTER TABLE `payments` ENABLE KEYS */;

--
-- Table structure for table `product_images`
--

DROP TABLE IF EXISTS `product_images`;
/*!40101 SET @saved_cs_client     = @@character_set_client */;
/*!50503 SET character_set_client = utf8mb4 */;
CREATE TABLE `product_images` (
  `id` bigint NOT NULL AUTO_INCREMENT,
  `name` varchar(255) DEFAULT NULL,
  `url` varchar(255) DEFAULT NULL,
  `product_id` bigint DEFAULT NULL,
  PRIMARY KEY (`id`),
  KEY `FKqnq71xsohugpqwf3c9gxmsuy` (`product_id`),
  CONSTRAINT `FKqnq71xsohugpqwf3c9gxmsuy` FOREIGN KEY (`product_id`) REFERENCES `products` (`product_id`)
) ENGINE=InnoDB AUTO_INCREMENT=52 DEFAULT CHARSET=utf8mb4 COLLATE=utf8mb4_0900_ai_ci;
/*!40101 SET character_set_client = @saved_cs_client */;

--
-- Dumping data for table `product_images`
--

/*!40000 ALTER TABLE `product_images` DISABLE KEYS */;
INSERT INTO `product_images` VALUES (1,'item-1_cg2hjw.png','https://res.cloudinary.com/dwjqosrrk/image/upload/item-1_cg2hjw.png',1),(2,'item-4_rjexgl.png','https://res.cloudinary.com/dwjqosrrk/image/upload/item-4_rjexgl.png',1),(3,'item-7_gbpngj.webp','https://res.cloudinary.com/dwjqosrrk/image/upload/item-7_gbpngj.webp',1),(4,'item-1_cg2hjw.png','https://res.cloudinary.com/dwjqosrrk/image/upload/item-1_cg2hjw.png',2),(5,'item-4_rjexgl.png','https://res.cloudinary.com/dwjqosrrk/image/upload/item-4_rjexgl.png',2),(6,'item-7_gbpngj.webp','https://res.cloudinary.com/dwjqosrrk/image/upload/item-7_gbpngj.webp',2),(7,'item-1_cg2hjw.png','https://res.cloudinary.com/dwjqosrrk/image/upload/item-1_cg2hjw.png',3),(8,'item-4_rjexgl.png','https://res.cloudinary.com/dwjqosrrk/image/upload/item-4_rjexgl.png',3),(9,'item-7_gbpngj.webp','https://res.cloudinary.com/dwjqosrrk/image/upload/item-7_gbpngj.webp',3),(10,'item-1_cg2hjw.png','https://res.cloudinary.com/dwjqosrrk/image/upload/item-1_cg2hjw.png',4),(11,'item-4_rjexgl.png','https://res.cloudinary.com/dwjqosrrk/image/upload/item-4_rjexgl.png',4),(12,'item-7_gbpngj.webp','https://res.cloudinary.com/dwjqosrrk/image/upload/item-7_gbpngj.webp',4),(13,'item-1_cg2hjw.png','https://res.cloudinary.com/dwjqosrrk/image/upload/item-1_cg2hjw.png',5),(14,'item-4_rjexgl.png','https://res.cloudinary.com/dwjqosrrk/image/upload/item-4_rjexgl.png',5),(15,'item-7_gbpngj.webp','https://res.cloudinary.com/dwjqosrrk/image/upload/item-7_gbpngj.webp',5),(16,'item-1_cg2hjw.png','https://res.cloudinary.com/dwjqosrrk/image/upload/item-1_cg2hjw.png',6),(17,'item-4_rjexgl.png','https://res.cloudinary.com/dwjqosrrk/image/upload/item-4_rjexgl.png',6),(18,'item-7_gbpngj.webp','https://res.cloudinary.com/dwjqosrrk/image/upload/item-7_gbpngj.webp',6),(19,'item-1_cg2hjw.png','https://res.cloudinary.com/dwjqosrrk/image/upload/item-1_cg2hjw.png',7),(20,'item-4_rjexgl.png','https://res.cloudinary.com/dwjqosrrk/image/upload/item-4_rjexgl.png',7),(21,'item-7_gbpngj.webp','https://res.cloudinary.com/dwjqosrrk/image/upload/item-7_gbpngj.webp',7),(22,'item-1_cg2hjw.png','https://res.cloudinary.com/dwjqosrrk/image/upload/item-1_cg2hjw.png',8),(23,'item-4_rjexgl.png','https://res.cloudinary.com/dwjqosrrk/image/upload/item-4_rjexgl.png',8),(24,'item-7_gbpngj.webp','https://res.cloudinary.com/dwjqosrrk/image/upload/item-7_gbpngj.webp',8),(25,'item-1_cg2hjw.png','https://res.cloudinary.com/dwjqosrrk/image/upload/item-1_cg2hjw.png',9),(26,'item-4_rjexgl.png','https://res.cloudinary.com/dwjqosrrk/image/upload/item-4_rjexgl.png',9),(27,'item-7_gbpngj.webp','https://res.cloudinary.com/dwjqosrrk/image/upload/item-7_gbpngj.webp',9),(28,'item-1_cg2hjw.png','https://res.cloudinary.com/dwjqosrrk/image/upload/item-1_cg2hjw.png',10),(29,'item-4_rjexgl.png','https://res.cloudinary.com/dwjqosrrk/image/upload/item-4_rjexgl.png',10),(30,'item-7_gbpngj.webp','https://res.cloudinary.com/dwjqosrrk/image/upload/item-7_gbpngj.webp',10),(31,'item-1_cg2hjw.png','https://res.cloudinary.com/dwjqosrrk/image/upload/item-1_cg2hjw.png',11),(32,'item-4_rjexgl.png','https://res.cloudinary.com/dwjqosrrk/image/upload/item-4_rjexgl.png',11),(33,'item-7_gbpngj.webp','https://res.cloudinary.com/dwjqosrrk/image/upload/item-7_gbpngj.webp',11),(34,'item-1_cg2hjw.png','https://res.cloudinary.com/dwjqosrrk/image/upload/item-1_cg2hjw.png',12),(35,'item-4_rjexgl.png','https://res.cloudinary.com/dwjqosrrk/image/upload/item-4_rjexgl.png',12),(36,'item-7_gbpngj.webp','https://res.cloudinary.com/dwjqosrrk/image/upload/item-7_gbpngj.webp',12),(37,'item-1_cg2hjw.png','https://res.cloudinary.com/dwjqosrrk/image/upload/item-1_cg2hjw.png',13),(38,'item-4_rjexgl.png','https://res.cloudinary.com/dwjqosrrk/image/upload/item-4_rjexgl.png',13),(39,'item-7_gbpngj.webp','https://res.cloudinary.com/dwjqosrrk/image/upload/item-7_gbpngj.webp',13),(40,'item-1_cg2hjw.png','https://res.cloudinary.com/dwjqosrrk/image/upload/item-1_cg2hjw.png',14),(41,'item-4_rjexgl.png','https://res.cloudinary.com/dwjqosrrk/image/upload/item-4_rjexgl.png',14),(42,'item-7_gbpngj.webp','https://res.cloudinary.com/dwjqosrrk/image/upload/item-7_gbpngj.webp',14),(43,'item-1_cg2hjw.png','https://res.cloudinary.com/dwjqosrrk/image/upload/item-1_cg2hjw.png',15),(44,'item-4_rjexgl.png','https://res.cloudinary.com/dwjqosrrk/image/upload/item-4_rjexgl.png',15),(45,'item-7_gbpngj.webp','https://res.cloudinary.com/dwjqosrrk/image/upload/item-7_gbpngj.webp',15),(46,'item-1_cg2hjw.png','https://res.cloudinary.com/dwjqosrrk/image/upload/item-1_cg2hjw.png',16),(47,'item-4_rjexgl.png','https://res.cloudinary.com/dwjqosrrk/image/upload/item-4_rjexgl.png',16),(48,'item-7_gbpngj.webp','https://res.cloudinary.com/dwjqosrrk/image/upload/item-7_gbpngj.webp',16),(49,'item-1_cg2hjw.png','https://res.cloudinary.com/dwjqosrrk/image/upload/item-1_cg2hjw.png',17),(50,'item-4_rjexgl.png','https://res.cloudinary.com/dwjqosrrk/image/upload/item-4_rjexgl.png',17),(51,'item-7_gbpngj.webp','https://res.cloudinary.com/dwjqosrrk/image/upload/item-7_gbpngj.webp',17);
/*!40000 ALTER TABLE `product_images` ENABLE KEYS */;

--
-- Table structure for table `products`
--

DROP TABLE IF EXISTS `products`;
/*!40101 SET @saved_cs_client     = @@character_set_client */;
/*!50503 SET character_set_client = utf8mb4 */;
CREATE TABLE `products` (
  `product_id` bigint NOT NULL AUTO_INCREMENT,
  `deleted_at` datetime(6) DEFAULT NULL,
  `description` longtext,
  `factor` double DEFAULT NULL,
  `fisrt_price` double DEFAULT NULL,
  `name` varchar(255) DEFAULT NULL,
  `price` double DEFAULT NULL,
  `sku` varchar(255) DEFAULT NULL,
  `slug` varchar(255) DEFAULT NULL,
  `stock` bigint NOT NULL,
  `category_id` bigint DEFAULT NULL,
  PRIMARY KEY (`product_id`),
  KEY `FKog2rp4qthbtt2lfyhfo32lsw9` (`category_id`),
  CONSTRAINT `FKog2rp4qthbtt2lfyhfo32lsw9` FOREIGN KEY (`category_id`) REFERENCES `categories` (`category_id`)
) ENGINE=InnoDB AUTO_INCREMENT=18 DEFAULT CHARSET=utf8mb4 COLLATE=utf8mb4_0900_ai_ci;
/*!40101 SET character_set_client = @saved_cs_client */;

--
-- Dumping data for table `products`
--

/*!40000 ALTER TABLE `products` DISABLE KEYS */;
INSERT INTO `products` VALUES (1,NULL,'hộp đồ inox to',1,340000,'hộp đồ inox to',340000,'SP000620','hop-do-inox-to',999,1),(2,NULL,'hộp đồ inox bé',1,290000,'hộp đồ inox bé',290000,'SP000619','hop-do-inox-be',999,2),(3,NULL,'nhựa thông',1,10000,'nhựa thông',10000,'SP000618','nhua-thong',995,3),(4,NULL,'vỉ vít 10pc',1,52000,'vỉ vít 10pc',52000,'SP000617','vi-vit-10pc',11,4),(5,NULL,'thân máy bu lông bé makita',1,320000,'thân máy bu lông bé makita',320000,'SP000616','than-may-bu-long-be-makita',998,5),(6,NULL,'Súng bắn dinh',1,200000,'Súng bắn dinh',200000,'SP000615','sung-ban-dinh',997,6),(7,NULL,'bộ ấm uống trà',1,80000,'bộ ấm uống trà',80000,'SP000614','bo-am-uong-tra',997,7),(8,NULL,'tô vít đóng to',1,28000,'tô vít đóng to',28000,'SP000613','to-vit-dong-to',915,8),(9,NULL,'giành',1,45000,'giành',45000,'SP000612','gianh',1000,9),(10,NULL,'pin 20 cell đỏ',1,260000,'pin 20 cell đỏ',260000,'SP000611','pin-20-cell-do',990,10),(11,NULL,'bình dầu nhựa',1,25000,'bình dầu nhựa',25000,'SP000610','binh-dau-nhua',999,11),(12,NULL,'máy bu lông bé không pin sạc',1,330000,'máy bu lông bé không pin sạc',330000,'SP000609','may-bu-long-be-khong-pin-sac',0,12),(13,NULL,'thước ni vô',1,25000,'thước ni vô',25000,'SP000608','thuoc-ni-vo',995,13),(14,NULL,'cốc đen',1,55000,'cốc đen',55000,'SP000607','coc-den',800,14),(15,NULL,'Gậy Bóng Chày',1,100000,'Gậy Bóng Chày',100000,'SP000606','gay-bong-chay',986,15),(16,NULL,'nồi áp suất 9l',1,600000,'nồi áp suất 9l',600000,'SP000605','noi-ap-suat-9l',190,16),(17,NULL,'nồi áp suất 5l',1,500000,'nồi áp suất 5l',500000,'SP000604','noi-ap-suat-5l',181,17);
/*!40000 ALTER TABLE `products` ENABLE KEYS */;

--
-- Table structure for table `provinces`
--

DROP TABLE IF EXISTS `provinces`;
/*!40101 SET @saved_cs_client     = @@character_set_client */;
/*!50503 SET character_set_client = utf8mb4 */;
CREATE TABLE `provinces` (
  `id` bigint NOT NULL AUTO_INCREMENT,
  `code` varchar(255) DEFAULT NULL,
  `name` varchar(255) DEFAULT NULL,
  PRIMARY KEY (`id`)
) ENGINE=InnoDB AUTO_INCREMENT=64 DEFAULT CHARSET=utf8mb4 COLLATE=utf8mb4_0900_ai_ci;
/*!40101 SET character_set_client = @saved_cs_client */;

--
-- Dumping data for table `provinces`
--

/*!40000 ALTER TABLE `provinces` DISABLE KEYS */;
INSERT INTO `provinces` VALUES (1,'01','Thành phố Hà Nội'),(2,'02','Tỉnh Hà Giang'),(3,'04','Tỉnh Cao Bằng'),(4,'06','Tỉnh Bắc Kạn'),(5,'08','Tỉnh Tuyên Quang'),(6,'10','Tỉnh Lào Cai'),(7,'11','Tỉnh Điện Biên'),(8,'12','Tỉnh Lai Châu'),(9,'14','Tỉnh Sơn La'),(10,'15','Tỉnh Yên Bái'),(11,'17','Tỉnh Hoà Bình'),(12,'19','Tỉnh Thái Nguyên'),(13,'20','Tỉnh Lạng Sơn'),(14,'22','Tỉnh Quảng Ninh'),(15,'24','Tỉnh Bắc Giang'),(16,'25','Tỉnh Phú Thọ'),(17,'26','Tỉnh Vĩnh Phúc'),(18,'27','Tỉnh Bắc Ninh'),(19,'30','Tỉnh Hải Dương'),(20,'31','Thành phố Hải Phòng'),(21,'33','Tỉnh Hưng Yên'),(22,'34','Tỉnh Thái Bình'),(23,'35','Tỉnh Hà Nam'),(24,'36','Tỉnh Nam Định'),(25,'37','Tỉnh Ninh Bình'),(26,'38','Tỉnh Thanh Hóa'),(27,'40','Tỉnh Nghệ An'),(28,'42','Tỉnh Hà Tĩnh'),(29,'44','Tỉnh Quảng Bình'),(30,'45','Tỉnh Quảng Trị'),(31,'46','Tỉnh Thừa Thiên Huế'),(32,'48','Thành phố Đà Nẵng'),(33,'49','Tỉnh Quảng Nam'),(34,'51','Tỉnh Quảng Ngãi'),(35,'52','Tỉnh Bình Định'),(36,'54','Tỉnh Phú Yên'),(37,'56','Tỉnh Khánh Hòa'),(38,'58','Tỉnh Ninh Thuận'),(39,'60','Tỉnh Bình Thuận'),(40,'62','Tỉnh Kon Tum'),(41,'64','Tỉnh Gia Lai'),(42,'66','Tỉnh Đắk Lắk'),(43,'67','Tỉnh Đắk Nông'),(44,'68','Tỉnh Lâm Đồng'),(45,'70','Tỉnh Bình Phước'),(46,'72','Tỉnh Tây Ninh'),(47,'74','Tỉnh Bình Dương'),(48,'75','Tỉnh Đồng Nai'),(49,'77','Tỉnh Bà Rịa - Vũng Tàu'),(50,'79','Thành phố Hồ Chí Minh'),(51,'80','Tỉnh Long An'),(52,'82','Tỉnh Tiền Giang'),(53,'83','Tỉnh Bến Tre'),(54,'84','Tỉnh Trà Vinh'),(55,'86','Tỉnh Vĩnh Long'),(56,'87','Tỉnh Đồng Tháp'),(57,'89','Tỉnh An Giang'),(58,'91','Tỉnh Kiên Giang'),(59,'92','Thành phố Cần Thơ'),(60,'93','Tỉnh Hậu Giang'),(61,'94','Tỉnh Sóc Trăng'),(62,'95','Tỉnh Bạc Liêu'),(63,'96','Tỉnh Cà Mau');
/*!40000 ALTER TABLE `provinces` ENABLE KEYS */;

--
-- Table structure for table `reset_token`
--

DROP TABLE IF EXISTS `reset_token`;
/*!40101 SET @saved_cs_client     = @@character_set_client */;
/*!50503 SET character_set_client = utf8mb4 */;
CREATE TABLE `reset_token` (
  `id` bigint NOT NULL AUTO_INCREMENT,
  `expiry_date` datetime(6) NOT NULL,
  `token` varchar(255) NOT NULL,
  `user_id` bigint NOT NULL,
  PRIMARY KEY (`id`),
  UNIQUE KEY `UKshiutqgqq3m7hdrlmckbk4am6` (`token`),
  UNIQUE KEY `UKfbfq7c1c1wxpt21p6jd2jtvhj` (`user_id`),
  CONSTRAINT `FK4vxwjrcj8j479hf5iehw6qnaa` FOREIGN KEY (`user_id`) REFERENCES `users` (`user_id`)
) ENGINE=InnoDB AUTO_INCREMENT=27 DEFAULT CHARSET=utf8mb4 COLLATE=utf8mb4_0900_ai_ci;
/*!40101 SET character_set_client = @saved_cs_client */;

--
-- Dumping data for table `reset_token`
--

/*!40000 ALTER TABLE `reset_token` DISABLE KEYS */;
/*!40000 ALTER TABLE `reset_token` ENABLE KEYS */;

--
-- Table structure for table `roles`
--

DROP TABLE IF EXISTS `roles`;
/*!40101 SET @saved_cs_client     = @@character_set_client */;
/*!50503 SET character_set_client = utf8mb4 */;
CREATE TABLE `roles` (
  `role_id` bigint NOT NULL AUTO_INCREMENT,
  `description` varchar(255) DEFAULT NULL,
  `name` varchar(255) DEFAULT NULL,
  PRIMARY KEY (`role_id`)
) ENGINE=InnoDB AUTO_INCREMENT=4 DEFAULT CHARSET=utf8mb4 COLLATE=utf8mb4_0900_ai_ci;
/*!40101 SET character_set_client = @saved_cs_client */;

--
-- Dumping data for table `roles`
--

/*!40000 ALTER TABLE `roles` DISABLE KEYS */;
INSERT INTO `roles` VALUES (1,'ADMIN thì full quyền','ADMIN'),(2,'CUSTOMER thông thường','CUSTOMER'),(3,'Cộng tác viên','COLLABORATOR');
/*!40000 ALTER TABLE `roles` ENABLE KEYS */;

--
-- Table structure for table `spring_session`
--

DROP TABLE IF EXISTS `spring_session`;
/*!40101 SET @saved_cs_client     = @@character_set_client */;
/*!50503 SET character_set_client = utf8mb4 */;
CREATE TABLE `spring_session` (
  `PRIMARY_ID` char(36) NOT NULL,
  `SESSION_ID` char(36) NOT NULL,
  `CREATION_TIME` bigint NOT NULL,
  `LAST_ACCESS_TIME` bigint NOT NULL,
  `MAX_INACTIVE_INTERVAL` int NOT NULL,
  `EXPIRY_TIME` bigint NOT NULL,
  `PRINCIPAL_NAME` varchar(100) DEFAULT NULL,
  PRIMARY KEY (`PRIMARY_ID`),
  UNIQUE KEY `SPRING_SESSION_IX1` (`SESSION_ID`),
  KEY `SPRING_SESSION_IX2` (`EXPIRY_TIME`),
  KEY `SPRING_SESSION_IX3` (`PRINCIPAL_NAME`)
) ENGINE=InnoDB DEFAULT CHARSET=utf8mb4 COLLATE=utf8mb4_0900_ai_ci ROW_FORMAT=DYNAMIC;
/*!40101 SET character_set_client = @saved_cs_client */;

--
-- Dumping data for table `spring_session`
--

/*!40000 ALTER TABLE `spring_session` DISABLE KEYS */;
INSERT INTO `spring_session` VALUES ('557f6452-3eec-435c-9bb1-cf632562ea8b','c1f28ebd-0be2-4193-adaa-bdf0e634a365',1733452434397,1733452437055,18000,1733470437055,NULL),('9e42a75c-6037-47b9-ab55-be1d870716fd','2dadf3b4-081a-4231-ad58-f2ad34da6df7',1733460788471,1733464918296,18000,1733482918296,'admin2@gmail.com'),('e8d23292-f79b-460c-9608-e7497f85c510','ea45d385-e280-4297-9dd6-4e804ea2b609',1733460868427,1733462602975,18000,1733480602975,'admin@gmail.com');
/*!40000 ALTER TABLE `spring_session` ENABLE KEYS */;

--
-- Table structure for table `spring_session_attributes`
--

DROP TABLE IF EXISTS `spring_session_attributes`;
/*!40101 SET @saved_cs_client     = @@character_set_client */;
/*!50503 SET character_set_client = utf8mb4 */;
CREATE TABLE `spring_session_attributes` (
  `SESSION_PRIMARY_ID` char(36) NOT NULL,
  `ATTRIBUTE_NAME` varchar(200) NOT NULL,
  `ATTRIBUTE_BYTES` blob NOT NULL,
  PRIMARY KEY (`SESSION_PRIMARY_ID`,`ATTRIBUTE_NAME`),
  CONSTRAINT `SPRING_SESSION_ATTRIBUTES_FK` FOREIGN KEY (`SESSION_PRIMARY_ID`) REFERENCES `spring_session` (`PRIMARY_ID`) ON DELETE CASCADE
) ENGINE=InnoDB DEFAULT CHARSET=utf8mb4 COLLATE=utf8mb4_0900_ai_ci ROW_FORMAT=DYNAMIC;
/*!40101 SET character_set_client = @saved_cs_client */;

--
-- Dumping data for table `spring_session_attributes`
--

/*!40000 ALTER TABLE `spring_session_attributes` DISABLE KEYS */;
INSERT INTO `spring_session_attributes` VALUES ('557f6452-3eec-435c-9bb1-cf632562ea8b','jakarta.servlet.jsp.jstl.fmt.request.charset',0xACED00057400055554462D38),('557f6452-3eec-435c-9bb1-cf632562ea8b','org.springframework.security.web.csrf.HttpSessionCsrfTokenRepository.CSRF_TOKEN',0xACED0005737200366F72672E737072696E676672616D65776F726B2E73656375726974792E7765622E637372662E44656661756C7443737266546F6B656E5AEFB7C82FA2FBD50200034C000A6865616465724E616D657400124C6A6176612F6C616E672F537472696E673B4C000D706172616D657465724E616D6571007E00014C0005746F6B656E71007E0001787074000C582D435352462D544F4B454E7400055F6373726674002462613432616164372D343662362D343764392D383134372D633034663737623164653362),('9e42a75c-6037-47b9-ab55-be1d870716fd','avatar',0xACED0005740067687474703A2F2F7265732E636C6F7564696E6172792E636F6D2F64776A716F7372726B2F696D6167652F75706C6F61642F76313733303937323132302F6176617461722F313733303937323130373233382D6176617461722D6465702D33332E6A70672E6A7067),('9e42a75c-6037-47b9-ab55-be1d870716fd','cartSum',0xACED00057372000E6A6176612E6C616E672E4C6F6E673B8BE490CC8F23DF0200014A000576616C7565787200106A6176612E6C616E672E4E756D62657286AC951D0B94E08B02000078700000000000000000),('9e42a75c-6037-47b9-ab55-be1d870716fd','email',0xACED000574001061646D696E3240676D61696C2E636F6D),('9e42a75c-6037-47b9-ab55-be1d870716fd','id',0xACED00057372000E6A6176612E6C616E672E4C6F6E673B8BE490CC8F23DF0200014A000576616C7565787200106A6176612E6C616E672E4E756D62657286AC951D0B94E08B02000078700000000000000003),('9e42a75c-6037-47b9-ab55-be1d870716fd','jakarta.servlet.jsp.jstl.fmt.request.charset',0xACED00057400055554462D38),('9e42a75c-6037-47b9-ab55-be1d870716fd','name',0xACED000574000541646D696E),('9e42a75c-6037-47b9-ab55-be1d870716fd','org.springframework.security.web.csrf.HttpSessionCsrfTokenRepository.CSRF_TOKEN',0xACED0005737200366F72672E737072696E676672616D65776F726B2E73656375726974792E7765622E637372662E44656661756C7443737266546F6B656E5AEFB7C82FA2FBD50200034C000A6865616465724E616D657400124C6A6176612F6C616E672F537472696E673B4C000D706172616D657465724E616D6571007E00014C0005746F6B656E71007E0001787074000C582D435352462D544F4B454E7400055F6373726674002433633961316332372D653132662D346438332D383065302D633162613635313635343434),('9e42a75c-6037-47b9-ab55-be1d870716fd','role',0xACED000574000541444D494E),('9e42a75c-6037-47b9-ab55-be1d870716fd','SPRING_SECURITY_CONTEXT',0xACED00057372003D6F72672E737072696E676672616D65776F726B2E73656375726974792E636F72652E636F6E746578742E5365637572697479436F6E74657874496D706C000000000000026C0200014C000E61757468656E7469636174696F6E7400324C6F72672F737072696E676672616D65776F726B2F73656375726974792F636F72652F41757468656E7469636174696F6E3B78707372004F6F72672E737072696E676672616D65776F726B2E73656375726974792E61757468656E7469636174696F6E2E557365726E616D6550617373776F726441757468656E7469636174696F6E546F6B656E000000000000026C0200024C000B63726564656E7469616C737400124C6A6176612F6C616E672F4F626A6563743B4C00097072696E636970616C71007E0004787200476F72672E737072696E676672616D65776F726B2E73656375726974792E61757468656E7469636174696F6E2E416273747261637441757468656E7469636174696F6E546F6B656ED3AA287E6E47640E0200035A000D61757468656E746963617465644C000B617574686F7269746965737400164C6A6176612F7574696C2F436F6C6C656374696F6E3B4C000764657461696C7371007E0004787001737200266A6176612E7574696C2E436F6C6C656374696F6E7324556E6D6F6469666961626C654C697374FC0F2531B5EC8E100200014C00046C6973747400104C6A6176612F7574696C2F4C6973743B7872002C6A6176612E7574696C2E436F6C6C656374696F6E7324556E6D6F6469666961626C65436F6C6C656374696F6E19420080CB5EF71E0200014C00016371007E00067870737200136A6176612E7574696C2E41727261794C6973747881D21D99C7619D03000149000473697A65787000000001770400000001737200426F72672E737072696E676672616D65776F726B2E73656375726974792E636F72652E617574686F726974792E53696D706C654772616E746564417574686F72697479000000000000026C0200014C0004726F6C657400124C6A6176612F6C616E672F537472696E673B787074000A524F4C455F41444D494E7871007E000D737200486F72672E737072696E676672616D65776F726B2E73656375726974792E7765622E61757468656E7469636174696F6E2E57656241757468656E7469636174696F6E44657461696C73000000000000026C0200024C000D72656D6F74654164647265737371007E000F4C000973657373696F6E496471007E000F787074000F303A303A303A303A303A303A303A3174002462613733663963332D323362382D346164622D613338382D63633932343637353762313070737200326F72672E737072696E676672616D65776F726B2E73656375726974792E636F72652E7573657264657461696C732E55736572000000000000026C0200075A00116163636F756E744E6F6E457870697265645A00106163636F756E744E6F6E4C6F636B65645A001563726564656E7469616C734E6F6E457870697265645A0007656E61626C65644C000B617574686F72697469657374000F4C6A6176612F7574696C2F5365743B4C000870617373776F726471007E000F4C0008757365726E616D6571007E000F787001010101737200256A6176612E7574696C2E436F6C6C656374696F6E7324556E6D6F6469666961626C65536574801D92D18F9B80550200007871007E000A737200116A6176612E7574696C2E54726565536574DD98509395ED875B0300007870737200466F72672E737072696E676672616D65776F726B2E73656375726974792E636F72652E7573657264657461696C732E5573657224417574686F72697479436F6D70617261746F72000000000000026C020000787077040000000171007E0010787074001061646D696E3240676D61696C2E636F6D),('9e42a75c-6037-47b9-ab55-be1d870716fd','urlAvatar',0xACED0005740067687474703A2F2F7265732E636C6F7564696E6172792E636F6D2F64776A716F7372726B2F696D6167652F75706C6F61642F76313733303937323132302F6176617461722F313733303937323130373233382D6176617461722D6465702D33332E6A70672E6A7067),('e8d23292-f79b-460c-9608-e7497f85c510','cartSum',0xACED00057372000E6A6176612E6C616E672E4C6F6E673B8BE490CC8F23DF0200014A000576616C7565787200106A6176612E6C616E672E4E756D62657286AC951D0B94E08B02000078700000000000000001),('e8d23292-f79b-460c-9608-e7497f85c510','email',0xACED000574000F61646D696E40676D61696C2E636F6D),('e8d23292-f79b-460c-9608-e7497f85c510','id',0xACED00057372000E6A6176612E6C616E672E4C6F6E673B8BE490CC8F23DF0200014A000576616C7565787200106A6176612E6C616E672E4E756D62657286AC951D0B94E08B0200007870000000000000005D),('e8d23292-f79b-460c-9608-e7497f85c510','jakarta.servlet.jsp.jstl.fmt.request.charset',0xACED00057400055554462D38),('e8d23292-f79b-460c-9608-e7497f85c510','name',0xACED00057400094D696E682044616E67),('e8d23292-f79b-460c-9608-e7497f85c510','org.springframework.security.web.csrf.HttpSessionCsrfTokenRepository.CSRF_TOKEN',0xACED0005737200366F72672E737072696E676672616D65776F726B2E73656375726974792E7765622E637372662E44656661756C7443737266546F6B656E5AEFB7C82FA2FBD50200034C000A6865616465724E616D657400124C6A6176612F6C616E672F537472696E673B4C000D706172616D657465724E616D6571007E00014C0005746F6B656E71007E0001787074000C582D435352462D544F4B454E7400055F6373726674002434633830663864322D653066652D343662342D616637322D363866323635306333363164),('e8d23292-f79b-460c-9608-e7497f85c510','role',0xACED000574000C434F4C4C41424F5241544F52),('e8d23292-f79b-460c-9608-e7497f85c510','SPRING_SECURITY_CONTEXT',0xACED00057372003D6F72672E737072696E676672616D65776F726B2E73656375726974792E636F72652E636F6E746578742E5365637572697479436F6E74657874496D706C000000000000026C0200014C000E61757468656E7469636174696F6E7400324C6F72672F737072696E676672616D65776F726B2F73656375726974792F636F72652F41757468656E7469636174696F6E3B78707372004F6F72672E737072696E676672616D65776F726B2E73656375726974792E61757468656E7469636174696F6E2E557365726E616D6550617373776F726441757468656E7469636174696F6E546F6B656E000000000000026C0200024C000B63726564656E7469616C737400124C6A6176612F6C616E672F4F626A6563743B4C00097072696E636970616C71007E0004787200476F72672E737072696E676672616D65776F726B2E73656375726974792E61757468656E7469636174696F6E2E416273747261637441757468656E7469636174696F6E546F6B656ED3AA287E6E47640E0200035A000D61757468656E746963617465644C000B617574686F7269746965737400164C6A6176612F7574696C2F436F6C6C656374696F6E3B4C000764657461696C7371007E0004787001737200266A6176612E7574696C2E436F6C6C656374696F6E7324556E6D6F6469666961626C654C697374FC0F2531B5EC8E100200014C00046C6973747400104C6A6176612F7574696C2F4C6973743B7872002C6A6176612E7574696C2E436F6C6C656374696F6E7324556E6D6F6469666961626C65436F6C6C656374696F6E19420080CB5EF71E0200014C00016371007E00067870737200136A6176612E7574696C2E41727261794C6973747881D21D99C7619D03000149000473697A65787000000001770400000001737200426F72672E737072696E676672616D65776F726B2E73656375726974792E636F72652E617574686F726974792E53696D706C654772616E746564417574686F72697479000000000000026C0200014C0004726F6C657400124C6A6176612F6C616E672F537472696E673B7870740011524F4C455F434F4C4C41424F5241544F527871007E000D737200486F72672E737072696E676672616D65776F726B2E73656375726974792E7765622E61757468656E7469636174696F6E2E57656241757468656E7469636174696F6E44657461696C73000000000000026C0200024C000D72656D6F74654164647265737371007E000F4C000973657373696F6E496471007E000F787074000F303A303A303A303A303A303A303A3174002433623365366665622D316662652D343230322D623835302D62376234326438633036376670737200326F72672E737072696E676672616D65776F726B2E73656375726974792E636F72652E7573657264657461696C732E55736572000000000000026C0200075A00116163636F756E744E6F6E457870697265645A00106163636F756E744E6F6E4C6F636B65645A001563726564656E7469616C734E6F6E457870697265645A0007656E61626C65644C000B617574686F72697469657374000F4C6A6176612F7574696C2F5365743B4C000870617373776F726471007E000F4C0008757365726E616D6571007E000F787001010101737200256A6176612E7574696C2E436F6C6C656374696F6E7324556E6D6F6469666961626C65536574801D92D18F9B80550200007871007E000A737200116A6176612E7574696C2E54726565536574DD98509395ED875B0300007870737200466F72672E737072696E676672616D65776F726B2E73656375726974792E636F72652E7573657264657461696C732E5573657224417574686F72697479436F6D70617261746F72000000000000026C020000787077040000000171007E0010787074000F61646D696E40676D61696C2E636F6D),('e8d23292-f79b-460c-9608-e7497f85c510','SPRING_SECURITY_SAVED_REQUEST',0xACED0005737200416F72672E737072696E676672616D65776F726B2E73656375726974792E7765622E7361766564726571756573742E44656661756C74536176656452657175657374000000000000026C02000F49000A736572766572506F72744C000B636F6E74657874506174687400124C6A6176612F6C616E672F537472696E673B4C0007636F6F6B6965737400154C6A6176612F7574696C2F41727261794C6973743B4C00076865616465727374000F4C6A6176612F7574696C2F4D61703B4C00076C6F63616C657371007E00024C001C6D61746368696E6752657175657374506172616D657465724E616D6571007E00014C00066D6574686F6471007E00014C000A706172616D657465727371007E00034C000870617468496E666F71007E00014C000B7175657279537472696E6771007E00014C000A7265717565737455524971007E00014C000A7265717565737455524C71007E00014C0006736368656D6571007E00014C000A7365727665724E616D6571007E00014C000B736572766C65745061746871007E0001787000001F90740000737200136A6176612E7574696C2E41727261794C6973747881D21D99C7619D03000149000473697A6578700000000077040000000078737200116A6176612E7574696C2E547265654D61700CC1F63E2D256AE60300014C000A636F6D70617261746F727400164C6A6176612F7574696C2F436F6D70617261746F723B78707372002A6A6176612E6C616E672E537472696E672443617365496E73656E736974697665436F6D70617261746F7277035C7D5C50E5CE020000787077040000000E7400066163636570747371007E000600000001770400000001740087746578742F68746D6C2C6170706C69636174696F6E2F7868746D6C2B786D6C2C6170706C69636174696F6E2F786D6C3B713D302E392C696D6167652F617669662C696D6167652F776562702C696D6167652F61706E672C2A2F2A3B713D302E382C6170706C69636174696F6E2F7369676E65642D65786368616E67653B763D62333B713D302E377874000F6163636570742D656E636F64696E677371007E000600000001770400000001740017677A69702C206465666C6174652C2062722C207A7374647874000F6163636570742D6C616E67756167657371007E00060000000177040000000174000276697874000A636F6E6E656374696F6E7371007E00060000000177040000000174000A6B6565702D616C69766578740004686F73747371007E00060000000177040000000174000E6C6F63616C686F73743A38303830787400097365632D63682D75617371007E000600000001770400000001740041224368726F6D69756D223B763D22313330222C2022476F6F676C65204368726F6D65223B763D22313330222C20224E6F743F415F4272616E64223B763D22393922787400107365632D63682D75612D6D6F62696C657371007E0006000000017704000000017400023F30787400127365632D63682D75612D706C6174666F726D7371007E0006000000017704000000017400092257696E646F7773227874000E7365632D66657463682D646573747371007E000600000001770400000001740008646F63756D656E747874000E7365632D66657463682D6D6F64657371007E0006000000017704000000017400086E617669676174657874000E7365632D66657463682D736974657371007E0006000000017704000000017400046E6F6E657874000E7365632D66657463682D757365727371007E0006000000017704000000017400023F3178740019757067726164652D696E7365637572652D72657175657374737371007E000600000001770400000001740001317874000A757365722D6167656E747371007E00060000000177040000000174006F4D6F7A696C6C612F352E30202857696E646F7773204E542031302E303B2057696E36343B2078363429204170706C655765624B69742F3533372E333620284B48544D4C2C206C696B65204765636B6F29204368726F6D652F3133302E302E302E30205361666172692F3533372E333678787371007E000600000001770400000001737200106A6176612E7574696C2E4C6F63616C657EF811609C30F9EC03000649000868617368636F64654C0007636F756E74727971007E00014C000A657874656E73696F6E7371007E00014C00086C616E677561676571007E00014C000673637269707471007E00014C000776617269616E7471007E00017870FFFFFFFF71007E000571007E0005740002766971007E000571007E00057878740008636F6E74696E75657400034745547371007E0008707704000000007870707400062F61646D696E74001B687474703A2F2F6C6F63616C686F73743A383038302F61646D696E740004687474707400096C6F63616C686F73747400062F61646D696E);
/*!40000 ALTER TABLE `spring_session_attributes` ENABLE KEYS */;

--
-- Table structure for table `users`
--

DROP TABLE IF EXISTS `users`;
/*!40101 SET @saved_cs_client     = @@character_set_client */;
/*!50503 SET character_set_client = utf8mb4 */;
CREATE TABLE `users` (
  `user_id` bigint NOT NULL AUTO_INCREMENT,
  `email` varchar(255) DEFAULT NULL,
  `name` varchar(255) DEFAULT NULL,
  `password` varchar(255) DEFAULT NULL,
  `phone` varchar(255) DEFAULT NULL,
  `role_id` bigint NOT NULL,
  `avatar` varchar(255) DEFAULT NULL,
  `enabled` bit(1) NOT NULL,
  `url_avatar` varchar(255) DEFAULT NULL,
  `deleted_at` datetime(6) DEFAULT NULL,
  `customer_code` varchar(255) DEFAULT NULL,
  `cccd_back_url` varchar(255) DEFAULT NULL,
  `cccd_front_url` varchar(255) DEFAULT NULL,
  PRIMARY KEY (`user_id`),
  KEY `FKp56c1712k691lhsyewcssf40f` (`role_id`),
  CONSTRAINT `FKp56c1712k691lhsyewcssf40f` FOREIGN KEY (`role_id`) REFERENCES `roles` (`role_id`)
) ENGINE=InnoDB AUTO_INCREMENT=95 DEFAULT CHARSET=utf8mb4 COLLATE=utf8mb4_0900_ai_ci;
/*!40101 SET character_set_client = @saved_cs_client */;

--
-- Dumping data for table `users`
--

/*!40000 ALTER TABLE `users` DISABLE KEYS */;
INSERT INTO `users` VALUES (3,'admin2@gmail.com','Admin','$2a$10$nnNcx8/BOS8QSaWOT5WJIO1I.tZQIfUbqBM1AVK00Qb4yBHEHniAS','343921331',1,'avatar/1730972107238-avatar-dep-33.jpg',0x01,'http://res.cloudinary.com/dwjqosrrk/image/upload/v1730972120/avatar/1730972107238-avatar-dep-33.jpg.jpg',NULL,'CUSTOM-0005-0795','http://res.cloudinary.com/dwjqosrrk/image/upload/v1732059712/cccd/1732059680630-phone.jpg.jpg','http://res.cloudinary.com/dwjqosrrk/image/upload/v1732059710/cccd/1732059677806-phone.jpg.jpg'),(88,'abdsad1@gmail.com','Dặng  Minh changed','$2a$10$R9uvy2wXgIthi.DXjEf80uVzRoKiBU6QuPqbcYoRRwaOZ7WSWwV1O','0439213331',2,'avatar/1731630820470-phone.jpg',0x01,'http://res.cloudinary.com/dwjqosrrk/image/upload/v1731630846/avatar/1731630820470-phone.jpg.jpg',NULL,'CUSTOM-0005-2106',NULL,NULL),(92,'abcxyzui123@gmail.com','Minh Hoàng','$2a$10$zLIeLETeDSnkRoGZtnRPuO.P9hvl01MMSjWbQWScKGG1xUBDNeD7.','092231243',2,NULL,0x00,NULL,NULL,'CUSTOM-0005-3720',NULL,NULL),(93,'admin@gmail.com','Minh Dang','$2a$10$AP5GwxR3TX/xAMOWR0vRRepRK2m9s6MRH3ojII3l8dOG1Uq5UL1lC','034392331',3,NULL,0x01,NULL,NULL,'affi-0005-3721','http://res.cloudinary.com/dwjqosrrk/image/upload/v1732836453/cccd/1732836445957-empty.jpg.jpg','http://res.cloudinary.com/dwjqosrrk/image/upload/v1732836450/cccd/1732836443499-avatar-1.png.png'),(94,'test123@gmail.com','Hoàng Minh','$2a$10$ujsUasp5BCRDn387vmMR0elN3mnxhmdkeSCe5xJeHxqEu08iaAsVe','0934322112',3,NULL,0x00,NULL,NULL,'affi-0005-0725',NULL,NULL);
/*!40000 ALTER TABLE `users` ENABLE KEYS */;

--
-- Table structure for table `verification_token`
--

DROP TABLE IF EXISTS `verification_token`;
/*!40101 SET @saved_cs_client     = @@character_set_client */;
/*!50503 SET character_set_client = utf8mb4 */;
CREATE TABLE `verification_token` (
  `id` bigint NOT NULL AUTO_INCREMENT,
  `expiry_date` datetime(6) NOT NULL,
  `token` varchar(255) NOT NULL,
  `user_id` bigint NOT NULL,
  PRIMARY KEY (`id`),
  UNIQUE KEY `UKp678btf3r9yu6u8aevyb4ff0m` (`token`),
  UNIQUE KEY `UKq6jibbenp7o9v6tq178xg88hg` (`user_id`),
  CONSTRAINT `FK3asw9wnv76uxu3kr1ekq4i1ld` FOREIGN KEY (`user_id`) REFERENCES `users` (`user_id`)
) ENGINE=InnoDB AUTO_INCREMENT=113 DEFAULT CHARSET=utf8mb4 COLLATE=utf8mb4_0900_ai_ci;
/*!40101 SET character_set_client = @saved_cs_client */;

--
-- Dumping data for table `verification_token`
--

/*!40000 ALTER TABLE `verification_token` DISABLE KEYS */;
INSERT INTO `verification_token` VALUES (108,'2024-11-17 21:05:38.441458','96e4bd78-2919-4630-8616-19c4fdf43eeb',92),(112,'2024-12-01 17:34:47.540037','72b11b84-8d72-4c0e-986c-d0b280f2847a',94);
/*!40000 ALTER TABLE `verification_token` ENABLE KEYS */;

--
-- Table structure for table `wards`
--

DROP TABLE IF EXISTS `wards`;
/*!40101 SET @saved_cs_client     = @@character_set_client */;
/*!50503 SET character_set_client = utf8mb4 */;
CREATE TABLE `wards` (
  `id` bigint NOT NULL AUTO_INCREMENT,
  `code` varchar(255) DEFAULT NULL,
  `name` varchar(255) DEFAULT NULL,
  `district_id` bigint DEFAULT NULL,
  PRIMARY KEY (`id`),
  KEY `FKfjqt744bo800mb5uax74lav8k` (`district_id`),
  CONSTRAINT `FKfjqt744bo800mb5uax74lav8k` FOREIGN KEY (`district_id`) REFERENCES `districts` (`id`)
) ENGINE=InnoDB AUTO_INCREMENT=6884 DEFAULT CHARSET=utf8mb4 COLLATE=utf8mb4_0900_ai_ci;
/*!40101 SET character_set_client = @saved_cs_client */;

--
-- Dumping data for table `wards`
--

/*!40000 ALTER TABLE `wards` DISABLE KEYS */;
INSERT INTO `wards` VALUES (1,'00001','Phường Phúc Xá',1),(2,'00004','Phường Trúc Bạch',1),(3,'00006','Phường Vĩnh Phúc',1),(4,'00007','Phường Cống Vị',1),(5,'00008','Phường Liễu Giai',1),(6,'00010','Phường Nguyễn Trung Trực',1),(7,'00013','Phường Quán Thánh',1),(8,'00016','Phường Ngọc Hà',1),(9,'00019','Phường Điện Biên',1),(10,'00022','Phường Đội Cấn',1),(11,'00025','Phường Ngọc Khánh',1),(12,'00028','Phường Kim Mã',1),(13,'00031','Phường Giảng Võ',1),(14,'00034','Phường Thành Công',1),(15,'00037','Phường Phúc Tân',2),(16,'00040','Phường Đồng Xuân',2),(17,'00043','Phường Hàng Mã',2),(18,'00046','Phường Hàng Buồm',2),(19,'00049','Phường Hàng Đào',2),(20,'00052','Phường Hàng Bồ',2),(21,'00055','Phường Cửa Đông',2),(22,'00058','Phường Lý Thái Tổ',2),(23,'00061','Phường Hàng Bạc',2),(24,'00064','Phường Hàng Gai',2),(25,'00067','Phường Chương Dương',2),(26,'00070','Phường Hàng Trống',2),(27,'00073','Phường Cửa Nam',2),(28,'00076','Phường Hàng Bông',2),(29,'00079','Phường Tràng Tiền',2),(30,'00082','Phường Trần Hưng Đạo',2),(31,'00085','Phường Phan Chu Trinh',2),(32,'00088','Phường Hàng Bài',2),(33,'00091','Phường Phú Thượng',3),(34,'00094','Phường Nhật Tân',3),(35,'00097','Phường Tứ Liên',3),(36,'00100','Phường Quảng An',3),(37,'00103','Phường Xuân La',3),(38,'00106','Phường Yên Phụ',3),(39,'00109','Phường Bưởi',3),(40,'00112','Phường Thụy Khuê',3),(41,'00115','Phường Thượng Thanh',4),(42,'00118','Phường Ngọc Thụy',4),(43,'00121','Phường Giang Biên',4),(44,'00124','Phường Đức Giang',4),(45,'00127','Phường Việt Hưng',4),(46,'00130','Phường Gia Thụy',4),(47,'00133','Phường Ngọc Lâm',4),(48,'00136','Phường Phúc Lợi',4),(49,'00139','Phường Bồ Đề',4),(50,'00142','Phường Sài Đồng',4),(51,'00145','Phường Long Biên',4),(52,'00148','Phường Thạch Bàn',4),(53,'00151','Phường Phúc Đồng',4),(54,'00154','Phường Cự Khối',4),(55,'00157','Phường Nghĩa Đô',5),(56,'00160','Phường Nghĩa Tân',5),(57,'00163','Phường Mai Dịch',5),(58,'00166','Phường Dịch Vọng',5),(59,'00167','Phường Dịch Vọng Hậu',5),(60,'00169','Phường Quan Hoa',5),(61,'00172','Phường Yên Hoà',5),(62,'00175','Phường Trung Hoà',5),(63,'00178','Phường Cát Linh',6),(64,'00181','Phường Văn Miếu',6),(65,'00184','Phường Quốc Tử Giám',6),(66,'00187','Phường Láng Thượng',6),(67,'00190','Phường Ô Chợ Dừa',6),(68,'00193','Phường Văn Chương',6),(69,'00196','Phường Hàng Bột',6),(70,'00199','Phường Láng Hạ',6),(71,'00202','Phường Khâm Thiên',6),(72,'00205','Phường Thổ Quan',6),(73,'00208','Phường Nam Đồng',6),(74,'00211','Phường Trung Phụng',6),(75,'00214','Phường Quang Trung',6),(76,'00217','Phường Trung Liệt',6),(77,'00220','Phường Phương Liên',6),(78,'00223','Phường Thịnh Quang',6),(79,'00226','Phường Trung Tự',6),(80,'00229','Phường Kim Liên',6),(81,'00232','Phường Phương Mai',6),(82,'00235','Phường Ngã Tư Sở',6),(83,'00238','Phường Khương Thượng',6),(84,'00241','Phường Nguyễn Du',7),(85,'00244','Phường Bạch Đằng',7),(86,'00247','Phường Phạm Đình Hổ',7),(87,'00256','Phường Lê Đại Hành',7),(88,'00259','Phường Đồng Nhân',7),(89,'00262','Phường Phố Huế',7),(90,'00265','Phường Đống Mác',7),(91,'00268','Phường Thanh Lương',7),(92,'00271','Phường Thanh Nhàn',7),(93,'00274','Phường Cầu Dền',7),(94,'00277','Phường Bách Khoa',7),(95,'00280','Phường Đồng Tâm',7),(96,'00283','Phường Vĩnh Tuy',7),(97,'00286','Phường Bạch Mai',7),(98,'00289','Phường Quỳnh Mai',7),(99,'00292','Phường Quỳnh Lôi',7),(100,'00295','Phường Minh Khai',7),(101,'00298','Phường Trương Định',7),(102,'00301','Phường Thanh Trì',8),(103,'00304','Phường Vĩnh Hưng',8),(104,'00307','Phường Định Công',8),(105,'00310','Phường Mai Động',8),(106,'00313','Phường Tương Mai',8),(107,'00316','Phường Đại Kim',8),(108,'00319','Phường Tân Mai',8),(109,'00322','Phường Hoàng Văn Thụ',8),(110,'00325','Phường Giáp Bát',8),(111,'00328','Phường Lĩnh Nam',8),(112,'00331','Phường Thịnh Liệt',8),(113,'00334','Phường Trần Phú',8),(114,'00337','Phường Hoàng Liệt',8),(115,'00340','Phường Yên Sở',8),(116,'00343','Phường Nhân Chính',9),(117,'00346','Phường Thượng Đình',9),(118,'00349','Phường Khương Trung',9),(119,'00352','Phường Khương Mai',9),(120,'00355','Phường Thanh Xuân Trung',9),(121,'00358','Phường Phương Liệt',9),(122,'00361','Phường Hạ Đình',9),(123,'00364','Phường Khương Đình',9),(124,'00367','Phường Thanh Xuân Bắc',9),(125,'00370','Phường Thanh Xuân Nam',9),(126,'00373','Phường Kim Giang',9),(127,'00376','Thị trấn Sóc Sơn',10),(128,'00379','Xã Bắc Sơn',10),(129,'00382','Xã Minh Trí',10),(130,'00385','Xã Hồng Kỳ',10),(131,'00388','Xã Nam Sơn',10),(132,'00391','Xã Trung Giã',10),(133,'00394','Xã Tân Hưng',10),(134,'00397','Xã Minh Phú',10),(135,'00400','Xã Phù Linh',10),(136,'00403','Xã Bắc Phú',10),(137,'00406','Xã Tân Minh',10),(138,'00409','Xã Quang Tiến',10),(139,'00412','Xã Hiền Ninh',10),(140,'00415','Xã Tân Dân',10),(141,'00418','Xã Tiên Dược',10),(142,'00421','Xã Việt Long',10),(143,'00424','Xã Xuân Giang',10),(144,'00427','Xã Mai Đình',10),(145,'00430','Xã Đức Hoà',10),(146,'00433','Xã Thanh Xuân',10),(147,'00436','Xã Đông Xuân',10),(148,'00439','Xã Kim Lũ',10),(149,'00442','Xã Phú Cường',10),(150,'00445','Xã Phú Minh',10),(151,'00448','Xã Phù Lỗ',10),(152,'00451','Xã Xuân Thu',10),(153,'00454','Thị trấn Đông Anh',11),(154,'00457','Xã Xuân Nộn',11),(155,'00460','Xã Thuỵ Lâm',11),(156,'00463','Xã Bắc Hồng',11),(157,'00466','Xã Nguyên Khê',11),(158,'00469','Xã Nam Hồng',11),(159,'00472','Xã Tiên Dương',11),(160,'00475','Xã Vân Hà',11),(161,'00478','Xã Uy Nỗ',11),(162,'00481','Xã Vân Nội',11),(163,'00484','Xã Liên Hà',11),(164,'00487','Xã Việt Hùng',11),(165,'00490','Xã Kim Nỗ',11),(166,'00493','Xã Kim Chung',11),(167,'00496','Xã Dục Tú',11),(168,'00499','Xã Đại Mạch',11),(169,'00502','Xã Vĩnh Ngọc',11),(170,'00505','Xã Cổ Loa',11),(171,'00508','Xã Hải Bối',11),(172,'00511','Xã Xuân Canh',11),(173,'00514','Xã Võng La',11),(174,'00517','Xã Tàm Xá',11),(175,'00520','Xã Mai Lâm',11),(176,'00523','Xã Đông Hội',11),(177,'00526','Thị trấn Yên Viên',12),(178,'00529','Xã Yên Thường',12),(179,'00532','Xã Yên Viên',12),(180,'00535','Xã Ninh Hiệp',12),(181,'00538','Xã Đình Xuyên',12),(182,'00541','Xã Dương Hà',12),(183,'00544','Xã Phù Đổng',12),(184,'00547','Xã Trung Mầu',12),(185,'00550','Xã Lệ Chi',12),(186,'00553','Xã Cổ Bi',12),(187,'00556','Xã Đặng Xá',12),(188,'00559','Xã Phú Thị',12),(189,'00562','Xã Kim Sơn',12),(190,'00565','Thị trấn Trâu Quỳ',12),(191,'00568','Xã Dương Quang',12),(192,'00571','Xã Dương Xá',12),(193,'00574','Xã Đông Dư',12),(194,'00577','Xã Đa Tốn',12),(195,'00580','Xã Kiêu Kỵ',12),(196,'00583','Xã Bát Tràng',12),(197,'00586','Xã Kim Lan',12),(198,'00589','Xã Văn Đức',12),(199,'00592','Phường Cầu Diễn',13),(200,'00622','Phường Xuân Phương',13),(201,'00623','Phường Phương Canh',13),(202,'00625','Phường Mỹ Đình 1',13),(203,'00626','Phường Mỹ Đình 2',13),(204,'00628','Phường Tây Mỗ',13),(205,'00631','Phường Mễ Trì',13),(206,'00632','Phường Phú Đô',13),(207,'00634','Phường Đại Mỗ',13),(208,'00637','Phường Trung Văn',13),(209,'00640','Thị trấn Văn Điển',14),(210,'00643','Xã Tân Triều',14),(211,'00646','Xã Thanh Liệt',14),(212,'00649','Xã Tả Thanh Oai',14),(213,'00652','Xã Hữu Hoà',14),(214,'00655','Xã Tam Hiệp',14),(215,'00658','Xã Tứ Hiệp',14),(216,'00661','Xã Yên Mỹ',14),(217,'00664','Xã Vĩnh Quỳnh',14),(218,'00667','Xã Ngũ Hiệp',14),(219,'00670','Xã Duyên Hà',14),(220,'00673','Xã Ngọc Hồi',14),(221,'00676','Xã Vạn Phúc',14),(222,'00679','Xã Đại áng',14),(223,'00682','Xã Liên Ninh',14),(224,'00685','Xã Đông Mỹ',14),(225,'00595','Phường Thượng Cát',15),(226,'00598','Phường Liên Mạc',15),(227,'00601','Phường Đông Ngạc',15),(228,'00602','Phường Đức Thắng',15),(229,'00604','Phường Thụy Phương',15),(230,'00607','Phường Tây Tựu',15),(231,'00610','Phường Xuân Đỉnh',15),(232,'00611','Phường Xuân Tảo',15),(233,'00613','Phường Minh Khai',15),(234,'00616','Phường Cổ Nhuế 1',15),(235,'00617','Phường Cổ Nhuế 2',15),(236,'00619','Phường Phú Diễn',15),(237,'00620','Phường Phúc Diễn',15),(238,'08973','Thị trấn Chi Đông',16),(239,'08974','Xã Đại Thịnh',16),(240,'08977','Xã Kim Hoa',16),(241,'08980','Xã Thạch Đà',16),(242,'08983','Xã Tiến Thắng',16),(243,'08986','Xã Tự Lập',16),(244,'08989','Thị trấn Quang Minh',16),(245,'08992','Xã Thanh Lâm',16),(246,'08995','Xã Tam Đồng',16),(247,'08998','Xã Liên Mạc',16),(248,'09001','Xã Vạn Yên',16),(249,'09004','Xã Chu Phan',16),(250,'09007','Xã Tiến Thịnh',16),(251,'09010','Xã Mê Linh',16),(252,'09013','Xã Văn Khê',16),(253,'09016','Xã Hoàng Kim',16),(254,'09019','Xã Tiền Phong',16),(255,'09022','Xã Tráng Việt',16),(256,'09538','Phường Nguyễn Trãi',17),(257,'09541','Phường Mộ Lao',17),(258,'09542','Phường Văn Quán',17),(259,'09544','Phường Vạn Phúc',17),(260,'09547','Phường Yết Kiêu',17),(261,'09550','Phường Quang Trung',17),(262,'09551','Phường La Khê',17),(263,'09552','Phường Phú La',17),(264,'09553','Phường Phúc La',17),(265,'09556','Phường Hà Cầu',17),(266,'09562','Phường Yên Nghĩa',17),(267,'09565','Phường Kiến Hưng',17),(268,'09568','Phường Phú Lãm',17),(269,'09571','Phường Phú Lương',17),(270,'09886','Phường Dương Nội',17),(271,'10117','Phường Đồng Mai',17),(272,'10123','Phường Biên Giang',17),(273,'09574','Phường Lê Lợi',18),(274,'09577','Phường Phú Thịnh',18),(275,'09580','Phường Ngô Quyền',18),(276,'09583','Phường Quang Trung',18),(277,'09586','Phường Sơn Lộc',18),(278,'09589','Phường Xuân Khanh',18),(279,'09592','Xã Đường Lâm',18),(280,'09595','Phường Viên Sơn',18),(281,'09598','Xã Xuân Sơn',18),(282,'09601','Phường Trung Hưng',18),(283,'09604','Xã Thanh Mỹ',18),(284,'09607','Phường Trung Sơn Trầm',18),(285,'09610','Xã Kim Sơn',18),(286,'09613','Xã Sơn Đông',18),(287,'09616','Xã Cổ Đông',18),(288,'09619','Thị trấn Tây Đằng',19),(289,'09625','Xã Phú Cường',19),(290,'09628','Xã Cổ Đô',19),(291,'09631','Xã Tản Hồng',19),(292,'09634','Xã Vạn Thắng',19),(293,'09637','Xã Châu Sơn',19),(294,'09640','Xã Phong Vân',19),(295,'09643','Xã Phú Đông',19),(296,'09646','Xã Phú Phương',19),(297,'09649','Xã Phú Châu',19),(298,'09652','Xã Thái Hòa',19),(299,'09655','Xã Đồng Thái',19),(300,'09658','Xã Phú Sơn',19),(301,'09661','Xã Minh Châu',19),(302,'09664','Xã Vật Lại',19),(303,'09667','Xã Chu Minh',19),(304,'09670','Xã Tòng Bạt',19),(305,'09673','Xã Cẩm Lĩnh',19),(306,'09676','Xã Sơn Đà',19),(307,'09679','Xã Đông Quang',19),(308,'09682','Xã Tiên Phong',19),(309,'09685','Xã Thụy An',19),(310,'09688','Xã Cam Thượng',19),(311,'09691','Xã Thuần Mỹ',19),(312,'09694','Xã Tản Lĩnh',19),(313,'09697','Xã Ba Trại',19),(314,'09700','Xã Minh Quang',19),(315,'09703','Xã Ba Vì',19),(316,'09706','Xã Vân Hòa',19),(317,'09709','Xã Yên Bài',19),(318,'09712','Xã Khánh Thượng',19),(319,'09715','Thị trấn Phúc Thọ',20),(320,'09718','Xã Vân Hà',20),(321,'09721','Xã Vân Phúc',20),(322,'09724','Xã Vân Nam',20),(323,'09727','Xã Xuân Đình',20),(324,'09733','Xã Sen Phương',20),(325,'09739','Xã Võng Xuyên',20),(326,'09742','Xã Thọ Lộc',20),(327,'09745','Xã Long Xuyên',20),(328,'09748','Xã Thượng Cốc',20),(329,'09751','Xã Hát Môn',20),(330,'09754','Xã Tích Giang',20),(331,'09757','Xã Thanh Đa',20),(332,'09760','Xã Trạch Mỹ Lộc',20),(333,'09763','Xã Phúc Hòa',20),(334,'09766','Xã Ngọc Tảo',20),(335,'09769','Xã Phụng Thượng',20),(336,'09772','Xã Tam Thuấn',20),(337,'09775','Xã Tam Hiệp',20),(338,'09778','Xã Hiệp Thuận',20),(339,'09781','Xã Liên Hiệp',20),(340,'09784','Thị trấn Phùng',21),(341,'09787','Xã Trung Châu',21),(342,'09790','Xã Thọ An',21),(343,'09793','Xã Thọ Xuân',21),(344,'09796','Xã Hồng Hà',21),(345,'09799','Xã Liên Hồng',21),(346,'09802','Xã Liên Hà',21),(347,'09805','Xã Hạ Mỗ',21),(348,'09808','Xã Liên Trung',21),(349,'09811','Xã Phương Đình',21),(350,'09814','Xã Thượng Mỗ',21),(351,'09817','Xã Tân Hội',21),(352,'09820','Xã Tân Lập',21),(353,'09823','Xã Đan Phượng',21),(354,'09826','Xã Đồng Tháp',21),(355,'09829','Xã Song Phượng',21),(356,'09832','Thị trấn Trạm Trôi',22),(357,'09835','Xã Đức Thượng',22),(358,'09838','Xã Minh Khai',22),(359,'09841','Xã Dương Liễu',22),(360,'09844','Xã Di Trạch',22),(361,'09847','Xã Đức Giang',22),(362,'09850','Xã Cát Quế',22),(363,'09853','Xã Kim Chung',22),(364,'09856','Xã Yên Sở',22),(365,'09859','Xã Sơn Đồng',22),(366,'09862','Xã Vân Canh',22),(367,'09865','Xã Đắc Sở',22),(368,'09868','Xã Lại Yên',22),(369,'09871','Xã Tiền Yên',22),(370,'09874','Xã Song Phương',22),(371,'09877','Xã An Khánh',22),(372,'09880','Xã An Thượng',22),(373,'09883','Xã Vân Côn',22),(374,'09889','Xã La Phù',22),(375,'09892','Xã Đông La',22),(376,'04939','Xã Đông Xuân',23),(377,'09895','Thị trấn Quốc Oai',23),(378,'09898','Xã Sài Sơn',23),(379,'09901','Xã Phượng Cách',23),(380,'09904','Xã Yên Sơn',23),(381,'09907','Xã Ngọc Liệp',23),(382,'09910','Xã Ngọc Mỹ',23),(383,'09913','Xã Liệp Tuyết',23),(384,'09916','Xã Thạch Thán',23),(385,'09919','Xã Đồng Quang',23),(386,'09922','Xã Phú Cát',23),(387,'09925','Xã Tuyết Nghĩa',23),(388,'09928','Xã Nghĩa Hương',23),(389,'09931','Xã Cộng Hòa',23),(390,'09934','Xã Tân Phú',23),(391,'09937','Xã Đại Thành',23),(392,'09940','Xã Phú Mãn',23),(393,'09943','Xã Cấn Hữu',23),(394,'09946','Xã Tân Hòa',23),(395,'09949','Xã Hòa Thạch',23),(396,'09952','Xã Đông Yên',23),(397,'04927','Xã Yên Trung',24),(398,'04930','Xã Yên Bình',24),(399,'04936','Xã Tiến Xuân',24),(400,'09955','Thị trấn Liên Quan',24),(401,'09958','Xã Đại Đồng',24),(402,'09961','Xã Cẩm Yên',24),(403,'09964','Xã Lại Thượng',24),(404,'09967','Xã Phú Kim',24),(405,'09970','Xã Hương Ngải',24),(406,'09973','Xã Canh Nậu',24),(407,'09976','Xã Kim Quan',24),(408,'09979','Xã Dị Nậu',24),(409,'09982','Xã Bình Yên',24),(410,'09985','Xã Chàng Sơn',24),(411,'09988','Xã Thạch Hoà',24),(412,'09991','Xã Cần Kiệm',24),(413,'09994','Xã Hữu Bằng',24),(414,'09997','Xã Phùng Xá',24),(415,'10000','Xã Tân Xã',24),(416,'10003','Xã Thạch Xá',24),(417,'10006','Xã Bình Phú',24),(418,'10009','Xã Hạ Bằng',24),(419,'10012','Xã Đồng Trúc',24),(420,'10015','Thị trấn Chúc Sơn',25),(421,'10018','Thị trấn Xuân Mai',25),(422,'10021','Xã Phụng Châu',25),(423,'10024','Xã Tiên Phương',25),(424,'10027','Xã Đông Sơn',25),(425,'10030','Xã Đông Phương Yên',25),(426,'10033','Xã Phú Nghĩa',25),(427,'10039','Xã Trường Yên',25),(428,'10042','Xã Ngọc Hòa',25),(429,'10045','Xã Thủy Xuân Tiên',25),(430,'10048','Xã Thanh Bình',25),(431,'10051','Xã Trung Hòa',25),(432,'10054','Xã Đại Yên',25),(433,'10057','Xã Thụy Hương',25),(434,'10060','Xã Tốt Động',25),(435,'10063','Xã Lam Điền',25),(436,'10066','Xã Tân Tiến',25),(437,'10069','Xã Nam Phương Tiến',25),(438,'10072','Xã Hợp Đồng',25),(439,'10075','Xã Hoàng Văn Thụ',25),(440,'10078','Xã Hoàng Diệu',25),(441,'10081','Xã Hữu Văn',25),(442,'10084','Xã Quảng Bị',25),(443,'10087','Xã Mỹ Lương',25),(444,'10090','Xã Thượng Vực',25),(445,'10093','Xã Hồng Phong',25),(446,'10096','Xã Đồng Phú',25),(447,'10099','Xã Trần Phú',25),(448,'10102','Xã Văn Võ',25),(449,'10105','Xã Đồng Lạc',25),(450,'10108','Xã Hòa Chính',25),(451,'10111','Xã Phú Nam An',25),(452,'10114','Thị trấn Kim Bài',26),(453,'10120','Xã Cự Khê',26),(454,'10126','Xã Bích Hòa',26),(455,'10129','Xã Mỹ Hưng',26),(456,'10132','Xã Cao Viên',26),(457,'10135','Xã Bình Minh',26),(458,'10138','Xã Tam Hưng',26),(459,'10141','Xã Thanh Cao',26),(460,'10144','Xã Thanh Thùy',26),(461,'10147','Xã Thanh Mai',26),(462,'10150','Xã Thanh Văn',26),(463,'10153','Xã Đỗ Động',26),(464,'10156','Xã Kim An',26),(465,'10159','Xã Kim Thư',26),(466,'10162','Xã Phương Trung',26),(467,'10165','Xã Tân Ước',26),(468,'10168','Xã Dân Hòa',26),(469,'10171','Xã Liên Châu',26),(470,'10174','Xã Cao Dương',26),(471,'10177','Xã Xuân Dương',26),(472,'10180','Xã Hồng Dương',26),(473,'10183','Thị trấn Thường Tín',27),(474,'10186','Xã Ninh Sở',27),(475,'10189','Xã Nhị Khê',27),(476,'10192','Xã Duyên Thái',27),(477,'10195','Xã Khánh Hà',27),(478,'10198','Xã Hòa Bình',27),(479,'10201','Xã Văn Bình',27),(480,'10204','Xã Hiền Giang',27),(481,'10207','Xã Hồng Vân',27),(482,'10210','Xã Vân Tảo',27),(483,'10213','Xã Liên Phương',27),(484,'10216','Xã Văn Phú',27),(485,'10219','Xã Tự Nhiên',27),(486,'10222','Xã Tiền Phong',27),(487,'10225','Xã Hà Hồi',27),(488,'10228','Xã Thư Phú',27),(489,'10231','Xã Nguyễn Trãi',27),(490,'10234','Xã Quất Động',27),(491,'10237','Xã Chương Dương',27),(492,'10240','Xã Tân Minh',27),(493,'10243','Xã Lê Lợi',27),(494,'10246','Xã Thắng Lợi',27),(495,'10249','Xã Dũng Tiến',27),(496,'10252','Xã Thống Nhất',27),(497,'10255','Xã Nghiêm Xuyên',27),(498,'10258','Xã Tô Hiệu',27),(499,'10261','Xã Văn Tự',27),(500,'10264','Xã Vạn Điểm',27),(501,'10267','Xã Minh Cường',27),(502,'10270','Thị trấn Phú Minh',28),(503,'10273','Thị trấn Phú Xuyên',28),(504,'10276','Xã Hồng Minh',28),(505,'10279','Xã Phượng Dực',28),(506,'10282','Xã Nam Tiến',28),(507,'10288','Xã Tri Trung',28),(508,'10291','Xã Đại Thắng',28),(509,'10294','Xã Phú Túc',28),(510,'10297','Xã Văn Hoàng',28),(511,'10300','Xã Hồng Thái',28),(512,'10303','Xã Hoàng Long',28),(513,'10306','Xã Quang Trung',28),(514,'10309','Xã Nam Phong',28),(515,'10312','Xã Nam Triều',28),(516,'10315','Xã Tân Dân',28),(517,'10318','Xã Sơn Hà',28),(518,'10321','Xã Chuyên Mỹ',28),(519,'10324','Xã Khai Thái',28),(520,'10327','Xã Phúc Tiến',28),(521,'10330','Xã Vân Từ',28),(522,'10333','Xã Tri Thủy',28),(523,'10336','Xã Đại Xuyên',28),(524,'10339','Xã Phú Yên',28),(525,'10342','Xã Bạch Hạ',28),(526,'10345','Xã Quang Lãng',28),(527,'10348','Xã Châu Can',28),(528,'10351','Xã Minh Tân',28),(529,'10354','Thị trấn Vân Đình',29),(530,'10357','Xã Viên An',29),(531,'10360','Xã Viên Nội',29),(532,'10363','Xã Hoa Sơn',29),(533,'10366','Xã Quảng Phú Cầu',29),(534,'10369','Xã Trường Thịnh',29),(535,'10372','Xã Cao Thành',29),(536,'10375','Xã Liên Bạt',29),(537,'10378','Xã Sơn Công',29),(538,'10381','Xã Đồng Tiến',29),(539,'10384','Xã Phương Tú',29),(540,'10387','Xã Trung Tú',29),(541,'10390','Xã Đồng Tân',29),(542,'10393','Xã Tảo Dương Văn',29),(543,'10396','Xã Vạn Thái',29),(544,'10399','Xã Minh Đức',29),(545,'10402','Xã Hòa Lâm',29),(546,'10405','Xã Hòa Xá',29),(547,'10408','Xã Trầm Lộng',29),(548,'10411','Xã Kim Đường',29),(549,'10414','Xã Hòa Nam',29),(550,'10417','Xã Hòa Phú',29),(551,'10420','Xã Đội Bình',29),(552,'10423','Xã Đại Hùng',29),(553,'10426','Xã Đông Lỗ',29),(554,'10429','Xã Phù Lưu',29),(555,'10432','Xã Đại Cường',29),(556,'10435','Xã Lưu Hoàng',29),(557,'10438','Xã Hồng Quang',29),(558,'10441','Thị trấn Đại Nghĩa',30),(559,'10444','Xã Đồng Tâm',30),(560,'10447','Xã Thượng Lâm',30),(561,'10450','Xã Tuy Lai',30),(562,'10453','Xã Phúc Lâm',30),(563,'10456','Xã Mỹ Thành',30),(564,'10459','Xã Bột Xuyên',30),(565,'10462','Xã An Mỹ',30),(566,'10465','Xã Hồng Sơn',30),(567,'10468','Xã Lê Thanh',30),(568,'10471','Xã Xuy Xá',30),(569,'10474','Xã Phùng Xá',30),(570,'10477','Xã Phù Lưu Tế',30),(571,'10480','Xã Đại Hưng',30),(572,'10483','Xã Vạn Kim',30),(573,'10486','Xã Đốc Tín',30),(574,'10489','Xã Hương Sơn',30),(575,'10492','Xã Hùng Tiến',30),(576,'10495','Xã An Tiến',30),(577,'10498','Xã Hợp Tiến',30),(578,'10501','Xã Hợp Thanh',30),(579,'10504','Xã An Phú',30),(580,'00688','Phường Quang Trung',31),(581,'00691','Phường Trần Phú',31),(582,'00692','Phường Ngọc Hà',31),(583,'00694','Phường Nguyễn Trãi',31),(584,'00697','Phường Minh Khai',31),(585,'00700','Xã Ngọc Đường',31),(586,'00946','Xã Phương Độ',31),(587,'00949','Xã Phương Thiện',31),(588,'00712','Thị trấn Phó Bảng',32),(589,'00715','Xã Lũng Cú',32),(590,'00718','Xã Má Lé',32),(591,'00721','Thị trấn Đồng Văn',32),(592,'00724','Xã Lũng Táo',32),(593,'00727','Xã Phố Là',32),(594,'00730','Xã Thài Phìn Tủng',32),(595,'00733','Xã Sủng Là',32),(596,'00736','Xã Xà Phìn',32),(597,'00739','Xã Tả Phìn',32),(598,'00742','Xã Tả Lủng',32),(599,'00745','Xã Phố Cáo',32),(600,'00748','Xã Sính Lủng',32),(601,'00751','Xã Sảng Tủng',32),(602,'00754','Xã Lũng Thầu',32),(603,'00757','Xã Hố Quáng Phìn',32),(604,'00760','Xã Vần Chải',32),(605,'00763','Xã Lũng Phìn',32),(606,'00766','Xã Sủng Trái',32),(607,'00769','Thị trấn Mèo Vạc',33),(608,'00772','Xã Thượng Phùng',33),(609,'00775','Xã Pải Lủng',33),(610,'00778','Xã Xín Cái',33),(611,'00781','Xã Pả Vi',33),(612,'00784','Xã Giàng Chu Phìn',33),(613,'00787','Xã Sủng Trà',33),(614,'00790','Xã Sủng Máng',33),(615,'00793','Xã Sơn Vĩ',33),(616,'00796','Xã Tả Lủng',33),(617,'00799','Xã Cán Chu Phìn',33),(618,'00802','Xã Lũng Pù',33),(619,'00805','Xã Lũng Chinh',33),(620,'00808','Xã Tát Ngà',33),(621,'00811','Xã Nậm Ban',33),(622,'00814','Xã Khâu Vai',33),(623,'00815','Xã Niêm Tòng',33),(624,'00817','Xã Niêm Sơn',33),(625,'00820','Thị trấn Yên Minh',34),(626,'00823','Xã Thắng Mố',34),(627,'00826','Xã Phú Lũng',34),(628,'00829','Xã Sủng Tráng',34),(629,'00832','Xã Bạch Đích',34),(630,'00835','Xã Na Khê',34),(631,'00838','Xã Sủng Thài',34),(632,'00841','Xã Hữu Vinh',34),(633,'00844','Xã Lao Và Chải',34),(634,'00847','Xã Mậu Duệ',34),(635,'00850','Xã Đông Minh',34),(636,'00853','Xã Mậu Long',34),(637,'00856','Xã Ngam La',34),(638,'00859','Xã Ngọc Long',34),(639,'00862','Xã Đường Thượng',34),(640,'00865','Xã Lũng Hồ',34),(641,'00868','Xã Du Tiến',34),(642,'00871','Xã Du Già',34),(643,'00874','Thị trấn Tam Sơn',35),(644,'00877','Xã Bát Đại Sơn',35),(645,'00880','Xã Nghĩa Thuận',35),(646,'00883','Xã Cán Tỷ',35),(647,'00886','Xã Cao Mã Pờ',35),(648,'00889','Xã Thanh Vân',35),(649,'00892','Xã Tùng Vài',35),(650,'00895','Xã Đông Hà',35),(651,'00898','Xã Quản Bạ',35),(652,'00901','Xã Lùng Tám',35),(653,'00904','Xã Quyết Tiến',35),(654,'00907','Xã Tả Ván',35),(655,'00910','Xã Thái An',35),(656,'00703','Xã Kim Thạch',36),(657,'00706','Xã Phú Linh',36),(658,'00709','Xã Kim Linh',36),(659,'00913','Thị trấn Vị Xuyên',36),(660,'00916','Thị trấn Nông Trường Việt Lâm',36),(661,'00919','Xã Minh Tân',36),(662,'00922','Xã Thuận Hoà',36),(663,'00925','Xã Tùng Bá',36),(664,'00928','Xã Thanh Thủy',36),(665,'00931','Xã Thanh Đức',36),(666,'00934','Xã Phong Quang',36),(667,'00937','Xã Xín Chải',36),(668,'00940','Xã Phương Tiến',36),(669,'00943','Xã Lao Chải',36),(670,'00952','Xã Cao Bồ',36),(671,'00955','Xã Đạo Đức',36),(672,'00958','Xã Thượng Sơn',36),(673,'00961','Xã Linh Hồ',36),(674,'00964','Xã Quảng Ngần',36),(675,'00967','Xã Việt Lâm',36),(676,'00970','Xã Ngọc Linh',36),(677,'00973','Xã Ngọc Minh',36),(678,'00976','Xã Bạch Ngọc',36),(679,'00979','Xã Trung Thành',36),(680,'00982','Xã Minh Sơn',37),(681,'00985','Xã Giáp Trung',37),(682,'00988','Xã Yên Định',37),(683,'00991','Thị trấn Yên Phú',37),(684,'00994','Xã Minh Ngọc',37),(685,'00997','Xã Yên Phong',37),(686,'01000','Xã Lạc Nông',37),(687,'01003','Xã Phú Nam',37),(688,'01006','Xã Yên Cường',37),(689,'01009','Xã Thượng Tân',37),(690,'01012','Xã Đường Âm',37),(691,'01015','Xã Đường Hồng',37),(692,'01018','Xã Phiêng Luông',37),(693,'01021','Thị trấn Vinh Quang',38),(694,'01024','Xã Bản Máy',38),(695,'01027','Xã Thàng Tín',38),(696,'01030','Xã Thèn Chu Phìn',38),(697,'01033','Xã Pố Lồ',38),(698,'01036','Xã Bản Phùng',38),(699,'01039','Xã Túng Sán',38),(700,'01042','Xã Chiến Phố',38),(701,'01045','Xã Đản Ván',38),(702,'01048','Xã Tụ Nhân',38),(703,'01051','Xã Tân Tiến',38),(704,'01054','Xã Nàng Đôn',38),(705,'01057','Xã Pờ Ly Ngài',38),(706,'01060','Xã Sán Xả Hồ',38),(707,'01063','Xã Bản Luốc',38),(708,'01066','Xã Ngàm Đăng Vài',38),(709,'01069','Xã Bản Nhùng',38),(710,'01072','Xã Tả Sử Choóng',38),(711,'01075','Xã Nậm Dịch',38),(712,'01081','Xã Hồ Thầu',38),(713,'01084','Xã Nam Sơn',38),(714,'01087','Xã Nậm Tỵ',38),(715,'01090','Xã Thông Nguyên',38),(716,'01093','Xã Nậm Khòa',38),(717,'01096','Thị trấn Cốc Pài',39),(718,'01099','Xã Nàn Xỉn',39),(719,'01102','Xã Bản Díu',39),(720,'01105','Xã Chí Cà',39),(721,'01108','Xã Xín Mần',39),(722,'01114','Xã Thèn Phàng',39),(723,'01117','Xã Trung Thịnh',39),(724,'01120','Xã Pà Vầy Sủ',39),(725,'01123','Xã Cốc Rế',39),(726,'01126','Xã Thu Tà',39),(727,'01129','Xã Nàn Ma',39),(728,'01132','Xã Tả Nhìu',39),(729,'01135','Xã Bản Ngò',39),(730,'01138','Xã Chế Là',39),(731,'01141','Xã Nấm Dẩn',39),(732,'01144','Xã Quảng Nguyên',39),(733,'01147','Xã Nà Chì',39),(734,'01150','Xã Khuôn Lùng',39),(735,'01153','Thị trấn Việt Quang',40),(736,'01156','Thị trấn Vĩnh Tuy',40),(737,'01159','Xã Tân Lập',40),(738,'01162','Xã Tân Thành',40),(739,'01165','Xã Đồng Tiến',40),(740,'01168','Xã Đồng Tâm',40),(741,'01171','Xã Tân Quang',40),(742,'01174','Xã Thượng Bình',40),(743,'01177','Xã Hữu Sản',40),(744,'01180','Xã Kim Ngọc',40),(745,'01183','Xã Việt Vinh',40),(746,'01186','Xã Bằng Hành',40),(747,'01189','Xã Quang Minh',40),(748,'01192','Xã Liên Hiệp',40),(749,'01195','Xã Vô Điếm',40),(750,'01198','Xã Việt Hồng',40),(751,'01201','Xã Hùng An',40),(752,'01204','Xã Đức Xuân',40),(753,'01207','Xã Tiên Kiều',40),(754,'01210','Xã Vĩnh Hảo',40),(755,'01213','Xã Vĩnh Phúc',40),(756,'01216','Xã Đồng Yên',40),(757,'01219','Xã Đông Thành',40),(758,'01222','Xã Xuân Minh',41),(759,'01225','Xã Tiên Nguyên',41),(760,'01228','Xã Tân Nam',41),(761,'01231','Xã Bản Rịa',41),(762,'01234','Xã Yên Thành',41),(763,'01237','Thị trấn Yên Bình',41),(764,'01240','Xã Tân Trịnh',41),(765,'01243','Xã Tân Bắc',41),(766,'01246','Xã Bằng Lang',41),(767,'01249','Xã Yên Hà',41),(768,'01252','Xã Hương Sơn',41),(769,'01255','Xã Xuân Giang',41),(770,'01258','Xã Nà Khương',41),(771,'01261','Xã Tiên Yên',41),(772,'01264','Xã Vĩ Thượng',41),(773,'01267','Phường Sông Hiến',42),(774,'01270','Phường Sông Bằng',42),(775,'01273','Phường Hợp Giang',42),(776,'01276','Phường Tân Giang',42),(777,'01279','Phường Ngọc Xuân',42),(778,'01282','Phường Đề Thám',42),(779,'01285','Phường Hoà Chung',42),(780,'01288','Phường Duyệt Trung',42),(781,'01693','Xã Vĩnh Quang',42),(782,'01705','Xã Hưng Đạo',42),(783,'01720','Xã Chu Trinh',42),(784,'01290','Thị trấn Pác Miầu',43),(785,'01291','Xã Đức Hạnh',43),(786,'01294','Xã Lý Bôn',43),(787,'01296','Xã Nam Cao',43),(788,'01297','Xã Nam Quang',43),(789,'01300','Xã Vĩnh Quang',43),(790,'01303','Xã Quảng Lâm',43),(791,'01304','Xã Thạch Lâm',43),(792,'01309','Xã Vĩnh Phong',43),(793,'01312','Xã Mông Ân',43),(794,'01315','Xã Thái Học',43),(795,'01316','Xã Thái Sơn',43),(796,'01318','Xã Yên Thổ',43),(797,'01321','Thị trấn Bảo Lạc',44),(798,'01324','Xã Cốc Pàng',44),(799,'01327','Xã Thượng Hà',44),(800,'01330','Xã Cô Ba',44),(801,'01333','Xã Bảo Toàn',44),(802,'01336','Xã Khánh Xuân',44),(803,'01339','Xã Xuân Trường',44),(804,'01342','Xã Hồng Trị',44),(805,'01343','Xã Kim Cúc',44),(806,'01345','Xã Phan Thanh',44),(807,'01348','Xã Hồng An',44),(808,'01351','Xã Hưng Đạo',44),(809,'01352','Xã Hưng Thịnh',44),(810,'01354','Xã Huy Giáp',44),(811,'01357','Xã Đình Phùng',44),(812,'01359','Xã Sơn Lập',44),(813,'01360','Xã Sơn Lộ',44),(814,'01363','Thị trấn Thông Nông',45),(815,'01366','Xã Cần Yên',45),(816,'01367','Xã Cần Nông',45),(817,'01372','Xã Lương Thông',45),(818,'01375','Xã Đa Thông',45),(819,'01378','Xã Ngọc Động',45),(820,'01381','Xã Yên Sơn',45),(821,'01384','Xã Lương Can',45),(822,'01387','Xã Thanh Long',45),(823,'01392','Thị trấn Xuân Hòa',45),(824,'01393','Xã Lũng Nặm',45),(825,'01399','Xã Trường Hà',45),(826,'01402','Xã Cải Viên',45),(827,'01411','Xã Nội Thôn',45),(828,'01414','Xã Tổng Cọt',45),(829,'01417','Xã Sóc Hà',45),(830,'01420','Xã Thượng Thôn',45),(831,'01429','Xã Hồng Sỹ',45),(832,'01432','Xã Quý Quân',45),(833,'01435','Xã Mã Ba',45),(834,'01438','Xã Ngọc Đào',45),(835,'01447','Thị trấn Trà Lĩnh',46),(836,'01453','Xã Tri Phương',46),(837,'01456','Xã Quang Hán',46),(838,'01462','Xã Xuân Nội',46),(839,'01465','Xã Quang Trung',46),(840,'01468','Xã Quang Vinh',46),(841,'01471','Xã Cao Chương',46),(842,'01477','Thị trấn Trùng Khánh',46),(843,'01480','Xã Ngọc Khê',46),(844,'01481','Xã Ngọc Côn',46),(845,'01483','Xã Phong Nậm',46),(846,'01489','Xã Đình Phong',46),(847,'01495','Xã Đàm Thuỷ',46),(848,'01498','Xã Khâm Thành',46),(849,'01501','Xã Chí Viễn',46),(850,'01504','Xã Lăng Hiếu',46),(851,'01507','Xã Phong Châu',46),(852,'01516','Xã Trung Phúc',46),(853,'01519','Xã Cao Thăng',46),(854,'01522','Xã Đức Hồng',46),(855,'01525','Xã Đoài Dương',46),(856,'01534','Xã Minh Long',47),(857,'01537','Xã Lý Quốc',47),(858,'01540','Xã Thắng Lợi',47),(859,'01543','Xã Đồng Loan',47),(860,'01546','Xã Đức Quang',47),(861,'01549','Xã Kim Loan',47),(862,'01552','Xã Quang Long',47),(863,'01555','Xã An Lạc',47),(864,'01558','Thị trấn Thanh Nhật',47),(865,'01561','Xã Vinh Quý',47),(866,'01564','Xã Thống Nhất',47),(867,'01567','Xã Cô Ngân',47),(868,'01573','Xã Thị Hoa',47),(869,'01474','Xã Quốc Toản',48),(870,'01576','Thị trấn Quảng Uyên',48),(871,'01579','Xã Phi Hải',48),(872,'01582','Xã Quảng Hưng',48),(873,'01594','Xã Độc Lập',48),(874,'01597','Xã Cai Bộ',48),(875,'01603','Xã Phúc Sen',48),(876,'01606','Xã Chí Thảo',48),(877,'01609','Xã Tự Do',48),(878,'01615','Xã Hồng Quang',48),(879,'01618','Xã Ngọc Động',48),(880,'01624','Xã Hạnh Phúc',48),(881,'01627','Thị trấn Tà Lùng',48),(882,'01630','Xã Bế Văn Đàn',48),(883,'01636','Xã Cách Linh',48),(884,'01639','Xã Đại Sơn',48),(885,'01645','Xã Tiên Thành',48),(886,'01648','Thị trấn Hoà Thuận',48),(887,'01651','Xã Mỹ Hưng',48),(888,'01654','Thị trấn Nước Hai',49),(889,'01657','Xã Dân Chủ',49),(890,'01660','Xã Nam Tuấn',49),(891,'01666','Xã Đại Tiến',49),(892,'01669','Xã Đức Long',49),(893,'01672','Xã Ngũ Lão',49),(894,'01675','Xã Trương Lương',49),(895,'01687','Xã Hồng Việt',49),(896,'01696','Xã Hoàng Tung',49),(897,'01699','Xã Nguyễn Huệ',49),(898,'01702','Xã Quang Trung',49),(899,'01708','Xã Bạch Đằng',49),(900,'01711','Xã Bình Dương',49),(901,'01714','Xã Lê Chung',49),(902,'01723','Xã Hồng Nam',49),(903,'01726','Thị trấn Nguyên Bình',50),(904,'01729','Thị trấn Tĩnh Túc',50),(905,'01732','Xã Yên Lạc',50),(906,'01735','Xã Triệu Nguyên',50),(907,'01738','Xã Ca Thành',50),(908,'01744','Xã Vũ Nông',50),(909,'01747','Xã Minh Tâm',50),(910,'01750','Xã Thể Dục',50),(911,'01756','Xã Mai Long',50),(912,'01762','Xã Vũ Minh',50),(913,'01765','Xã Hoa Thám',50),(914,'01768','Xã Phan Thanh',50),(915,'01771','Xã Quang Thành',50),(916,'01774','Xã Tam Kim',50),(917,'01777','Xã Thành Công',50),(918,'01780','Xã Thịnh Vượng',50),(919,'01783','Xã Hưng Đạo',50),(920,'01786','Thị trấn Đông Khê',51),(921,'01789','Xã Canh Tân',51),(922,'01792','Xã Kim Đồng',51),(923,'01795','Xã Minh Khai',51),(924,'01801','Xã Đức Thông',51),(925,'01804','Xã Thái Cường',51),(926,'01807','Xã Vân Trình',51),(927,'01810','Xã Thụy Hùng',51),(928,'01813','Xã Quang Trọng',51),(929,'01816','Xã Trọng Con',51),(930,'01819','Xã Lê Lai',51),(931,'01822','Xã Đức Long',51),(932,'01828','Xã Lê Lợi',51),(933,'01831','Xã Đức Xuân',51),(934,'01834','Phường Nguyễn Thị Minh Khai',52),(935,'01837','Phường Sông Cầu',52),(936,'01840','Phường Đức Xuân',52),(937,'01843','Phường Phùng Chí Kiên',52),(938,'01846','Phường Huyền Tụng',52),(939,'01849','Xã Dương Quang',52),(940,'01852','Xã Nông Thượng',52),(941,'01855','Phường Xuất Hóa',52),(942,'01858','Xã Bằng Thành',53),(943,'01861','Xã Nhạn Môn',53),(944,'01864','Xã Bộc Bố',53),(945,'01867','Xã Công Bằng',53),(946,'01870','Xã Giáo Hiệu',53),(947,'01873','Xã Xuân La',53),(948,'01876','Xã An Thắng',53),(949,'01879','Xã Cổ Linh',53),(950,'01882','Xã Nghiên Loan',53),(951,'01885','Xã Cao Tân',53),(952,'01888','Thị trấn Chợ Rã',54),(953,'01891','Xã Bành Trạch',54),(954,'01894','Xã Phúc Lộc',54),(955,'01897','Xã Hà Hiệu',54),(956,'01900','Xã Cao Thượng',54),(957,'01906','Xã Khang Ninh',54),(958,'01909','Xã Nam Mẫu',54),(959,'01912','Xã Thượng Giáo',54),(960,'01915','Xã Địa Linh',54),(961,'01918','Xã Yến Dương',54),(962,'01921','Xã Chu Hương',54),(963,'01924','Xã Quảng Khê',54),(964,'01927','Xã Mỹ Phương',54),(965,'01930','Xã Hoàng Trĩ',54),(966,'01933','Xã Đồng Phúc',54),(967,'01936','Thị trấn Nà Phặc',55),(968,'01939','Xã Thượng Ân',55),(969,'01942','Xã Bằng Vân',55),(970,'01945','Xã Cốc Đán',55),(971,'01948','Xã Trung Hoà',55),(972,'01951','Xã Đức Vân',55),(973,'01954','Xã Vân Tùng',55),(974,'01957','Xã Thượng Quan',55),(975,'01960','Xã Hiệp Lực',55),(976,'01963','Xã Thuần Mang',55),(977,'01969','Thị trấn Phủ Thông',56),(978,'01975','Xã Vi Hương',56),(979,'01978','Xã Sĩ Bình',56),(980,'01981','Xã Vũ Muộn',56),(981,'01984','Xã Đôn Phong',56),(982,'01990','Xã Lục Bình',56),(983,'01993','Xã Tân Tú',56),(984,'01999','Xã Nguyên Phúc',56),(985,'02002','Xã Cao Sơn',56),(986,'02005','Xã Quân Hà',56),(987,'02008','Xã Cẩm Giàng',56),(988,'02011','Xã Mỹ Thanh',56),(989,'02014','Xã Dương Phong',56),(990,'02017','Xã Quang Thuận',56),(991,'02020','Thị trấn Bằng Lũng',57),(992,'02023','Xã Xuân Lạc',57),(993,'02026','Xã Nam Cường',57),(994,'02029','Xã Đồng Lạc',57),(995,'02032','Xã Tân Lập',57),(996,'02035','Xã Bản Thi',57),(997,'02038','Xã Quảng Bạch',57),(998,'02041','Xã Bằng Phúc',57),(999,'02044','Xã Yên Thịnh',57),(1000,'02047','Xã Yên Thượng',57),(1001,'02050','Xã Phương Viên',57),(1002,'02053','Xã Ngọc Phái',57),(1003,'02059','Xã Đồng Thắng',57),(1004,'02062','Xã Lương Bằng',57),(1005,'02065','Xã Bằng Lãng',57),(1006,'02068','Xã Đại Sảo',57),(1007,'02071','Xã Nghĩa Tá',57),(1008,'02077','Xã Yên Mỹ',57),(1009,'02080','Xã Bình Trung',57),(1010,'02083','Xã Yên Phong',57),(1011,'02086','Thị trấn Đồng Tâm',58),(1012,'02089','Xã Tân Sơn',58),(1013,'02092','Xã Thanh Vận',58),(1014,'02095','Xã Mai Lạp',58),(1015,'02098','Xã Hoà Mục',58),(1016,'02101','Xã Thanh Mai',58),(1017,'02104','Xã Cao Kỳ',58),(1018,'02107','Xã Nông Hạ',58),(1019,'02110','Xã Yên Cư',58),(1020,'02113','Xã Thanh Thịnh',58),(1021,'02116','Xã Yên Hân',58),(1022,'02122','Xã Như Cố',58),(1023,'02125','Xã Bình Văn',58),(1024,'02131','Xã Quảng Chu',58),(1025,'02137','Xã Văn Vũ',59),(1026,'02140','Xã Văn Lang',59),(1027,'02143','Xã Lương Thượng',59),(1028,'02146','Xã Kim Hỷ',59),(1029,'02152','Xã Cường Lợi',59),(1030,'02155','Thị trấn Yến Lạc',59),(1031,'02158','Xã Kim Lư',59),(1032,'02161','Xã Sơn Thành',59),(1033,'02170','Xã Văn Minh',59),(1034,'02173','Xã Côn Minh',59),(1035,'02176','Xã Cư Lễ',59),(1036,'02179','Xã Trần Phú',59),(1037,'02185','Xã Quang Phong',59),(1038,'02188','Xã Dương Sơn',59),(1039,'02191','Xã Xuân Dương',59),(1040,'02194','Xã Đổng Xá',59),(1041,'02197','Xã Liêm Thuỷ',59),(1042,'02200','Phường Phan Thiết',60),(1043,'02203','Phường Minh Xuân',60),(1044,'02206','Phường Tân Quang',60),(1045,'02209','Xã Tràng Đà',60),(1046,'02212','Phường Nông Tiến',60),(1047,'02215','Phường Ỷ La',60),(1048,'02216','Phường Tân Hà',60),(1049,'02218','Phường Hưng Thành',60),(1050,'02497','Xã Kim Phú',60),(1051,'02503','Xã An Khang',60),(1052,'02509','Phường Mỹ Lâm',60),(1053,'02512','Phường An Tường',60),(1054,'02515','Xã Lưỡng Vượng',60),(1055,'02521','Xã Thái Long',60),(1056,'02524','Phường Đội Cấn',60),(1057,'02233','Xã Phúc Yên',61),(1058,'02242','Xã Xuân Lập',61),(1059,'02251','Xã Khuôn Hà',61),(1060,'02266','Xã Lăng Can',61),(1061,'02269','Xã Thượng Lâm',61),(1062,'02290','Xã Bình An',61),(1063,'02293','Xã Hồng Quang',61),(1064,'02296','Xã Thổ Bình',61),(1065,'02221','Thị trấn Na Hang',62),(1066,'02227','Xã Sinh Long',62),(1067,'02230','Xã Thượng Giáp',62),(1068,'02239','Xã Thượng Nông',62),(1069,'02245','Xã Côn Lôn',62),(1070,'02248','Xã Yên Hoa',62),(1071,'02254','Xã Hồng Thái',62),(1072,'02260','Xã Đà Vị',62),(1073,'02263','Xã Khau Tinh',62),(1074,'02275','Xã Sơn Phú',62),(1075,'02281','Xã Năng Khả',62),(1076,'02284','Xã Thanh Tương',62),(1077,'02287','Thị trấn Vĩnh Lộc',63),(1078,'02299','Xã Phúc Sơn',63),(1079,'02302','Xã Minh Quang',63),(1080,'02305','Xã Trung Hà',63),(1081,'02308','Xã Tân Mỹ',63),(1082,'02311','Xã Hà Lang',63),(1083,'02314','Xã Hùng Mỹ',63),(1084,'02317','Xã Yên Lập',63),(1085,'02320','Xã Tân An',63),(1086,'02323','Xã Bình Phú',63),(1087,'02326','Xã Xuân Quang',63),(1088,'02329','Xã Ngọc Hội',63),(1089,'02332','Xã Phú Bình',63),(1090,'02335','Xã Hòa Phú',63),(1091,'02338','Xã Phúc Thịnh',63),(1092,'02341','Xã Kiên Đài',63),(1093,'02344','Xã Tân Thịnh',63),(1094,'02347','Xã Trung Hòa',63),(1095,'02350','Xã Kim Bình',63),(1096,'02353','Xã Hòa An',63),(1097,'02356','Xã Vinh Quang',63),(1098,'02359','Xã Tri Phú',63),(1099,'02362','Xã Nhân Lý',63),(1100,'02365','Xã Yên Nguyên',63),(1101,'02368','Xã Linh Phú',63),(1102,'02371','Xã Bình Nhân',63),(1103,'02374','Thị trấn Tân Yên',64),(1104,'02377','Xã Yên Thuận',64),(1105,'02380','Xã Bạch Xa',64),(1106,'02383','Xã Minh Khương',64),(1107,'02386','Xã Yên Lâm',64),(1108,'02389','Xã Minh Dân',64),(1109,'02392','Xã Phù Lưu',64),(1110,'02395','Xã Minh Hương',64),(1111,'02398','Xã Yên Phú',64),(1112,'02401','Xã Tân Thành',64),(1113,'02404','Xã Bình Xa',64),(1114,'02407','Xã Thái Sơn',64),(1115,'02410','Xã Nhân Mục',64),(1116,'02413','Xã Thành Long',64),(1117,'02416','Xã Bằng Cốc',64),(1118,'02419','Xã Thái Hòa',64),(1119,'02422','Xã Đức Ninh',64),(1120,'02425','Xã Hùng Đức',64),(1121,'02431','Xã Quí Quân',65),(1122,'02434','Xã Lực Hành',65),(1123,'02437','Xã Kiến Thiết',65),(1124,'02440','Xã Trung Minh',65),(1125,'02443','Xã Chiêu Yên',65),(1126,'02446','Xã Trung Trực',65),(1127,'02449','Xã Xuân Vân',65),(1128,'02452','Xã Phúc Ninh',65),(1129,'02455','Xã Hùng Lợi',65),(1130,'02458','Xã Trung Sơn',65),(1131,'02461','Xã Tân Tiến',65),(1132,'02464','Xã Tứ Quận',65),(1133,'02467','Xã Đạo Viện',65),(1134,'02470','Xã Tân Long',65),(1135,'02473','Xã Thắng Quân',65),(1136,'02476','Xã Kim Quan',65),(1137,'02479','Xã Lang Quán',65),(1138,'02482','Xã Phú Thịnh',65),(1139,'02485','Xã Công Đa',65),(1140,'02488','Xã Trung Môn',65),(1141,'02491','Xã Chân Sơn',65),(1142,'02494','Xã Thái Bình',65),(1143,'02500','Xã Tiến Bộ',65),(1144,'02506','Xã Mỹ Bằng',65),(1145,'02518','Xã Hoàng Khai',65),(1146,'02527','Xã Nhữ Hán',65),(1147,'02530','Xã Nhữ Khê',65),(1148,'02533','Xã Đội Bình',65),(1149,'02536','Thị trấn Sơn Dương',66),(1150,'02539','Xã Trung Yên',66),(1151,'02542','Xã Minh Thanh',66),(1152,'02545','Xã Tân Trào',66),(1153,'02548','Xã Vĩnh Lợi',66),(1154,'02551','Xã Thượng Ấm',66),(1155,'02554','Xã Bình Yên',66),(1156,'02557','Xã Lương Thiện',66),(1157,'02560','Xã Tú Thịnh',66),(1158,'02563','Xã Cấp Tiến',66),(1159,'02566','Xã Hợp Thành',66),(1160,'02569','Xã Phúc Ứng',66),(1161,'02572','Xã Đông Thọ',66),(1162,'02575','Xã Kháng Nhật',66),(1163,'02578','Xã Hợp Hòa',66),(1164,'02584','Xã Quyết Thắng',66),(1165,'02587','Xã Đồng Quý',66),(1166,'02590','Xã Tân Thanh',66),(1167,'02593','Xã Vân Sơn',66),(1168,'02596','Xã Văn Phú',66),(1169,'02599','Xã Chi Thiết',66),(1170,'02602','Xã Đông Lợi',66),(1171,'02605','Xã Thiện Kế',66),(1172,'02608','Xã Hồng Lạc',66),(1173,'02611','Xã Phú Lương',66),(1174,'02614','Xã Ninh Lai',66),(1175,'02617','Xã Đại Phú',66),(1176,'02620','Xã Sơn Nam',66),(1177,'02623','Xã Hào Phú',66),(1178,'02626','Xã Tam Đa',66),(1179,'02632','Xã Trường Sinh',66),(1180,'02635','Phường Duyên Hải',67),(1181,'02641','Phường Lào Cai',67),(1182,'02644','Phường Cốc Lếu',67),(1183,'02647','Phường Kim Tân',67),(1184,'02650','Phường Bắc Lệnh',67),(1185,'02653','Phường Pom Hán',67),(1186,'02656','Phường Xuân Tăng',67),(1187,'02658','Phường Bình Minh',67),(1188,'02659','Xã Thống Nhất',67),(1189,'02662','Xã Đồng Tuyển',67),(1190,'02665','Xã Vạn Hoà',67),(1191,'02668','Phường Bắc Cường',67),(1192,'02671','Phường Nam Cường',67),(1193,'02674','Xã Cam Đường',67),(1194,'02677','Xã Tả Phời',67),(1195,'02680','Xã Hợp Thành',67),(1196,'02746','Xã Cốc San',67),(1197,'02683','Thị trấn Bát Xát',68),(1198,'02686','Xã A Mú Sung',68),(1199,'02689','Xã Nậm Chạc',68),(1200,'02692','Xã A Lù',68),(1201,'02695','Xã Trịnh Tường',68),(1202,'02701','Xã Y Tý',68),(1203,'02704','Xã Cốc Mỳ',68),(1204,'02707','Xã Dền Sáng',68),(1205,'02710','Xã Bản Vược',68),(1206,'02713','Xã Sàng Ma Sáo',68),(1207,'02716','Xã Bản Qua',68),(1208,'02719','Xã Mường Vi',68),(1209,'02722','Xã Dền Thàng',68),(1210,'02725','Xã Bản Xèo',68),(1211,'02728','Xã Mường Hum',68),(1212,'02731','Xã Trung Lèng Hồ',68),(1213,'02734','Xã Quang Kim',68),(1214,'02737','Xã Pa Cheo',68),(1215,'02740','Xã Nậm Pung',68),(1216,'02743','Xã Phìn Ngan',68),(1217,'02749','Xã Tòng Sành',68),(1218,'02752','Xã Pha Long',69),(1219,'02755','Xã Tả Ngải Chồ',69),(1220,'02758','Xã Tung Chung Phố',69),(1221,'02761','Thị trấn Mường Khương',69),(1222,'02764','Xã Dìn Chin',69),(1223,'02767','Xã Tả Gia Khâu',69),(1224,'02770','Xã Nậm Chảy',69),(1225,'02773','Xã Nấm Lư',69),(1226,'02776','Xã Lùng Khấu Nhin',69),(1227,'02779','Xã Thanh Bình',69),(1228,'02782','Xã Cao Sơn',69),(1229,'02785','Xã Lùng Vai',69),(1230,'02788','Xã Bản Lầu',69),(1231,'02791','Xã La Pan Tẩn',69),(1232,'02794','Xã Tả Thàng',69),(1233,'02797','Xã Bản Sen',69),(1234,'02800','Xã Nàn Sán',70),(1235,'02803','Xã Thào Chư Phìn',70),(1236,'02806','Xã Bản Mế',70),(1237,'02809','Thị trấn Si Ma Cai',70),(1238,'02812','Xã Sán Chải',70),(1239,'02818','Xã Lùng Thẩn',70),(1240,'02821','Xã Cán Cấu',70),(1241,'02824','Xã Sín Chéng',70),(1242,'02827','Xã Quan Hồ Thẩn',70),(1243,'02836','Xã Nàn Xín',70),(1244,'02839','Thị trấn Bắc Hà',71),(1245,'02842','Xã Lùng Cải',71),(1246,'02848','Xã Lùng Phình',71),(1247,'02851','Xã Tả Van Chư',71),(1248,'02854','Xã Tả Củ Tỷ',71),(1249,'02857','Xã Thải Giàng Phố',71),(1250,'02863','Xã Hoàng Thu Phố',71),(1251,'02866','Xã Bản Phố',71),(1252,'02869','Xã Bản Liền',71),(1253,'02872','Xã Tà Chải',71),(1254,'02875','Xã Na Hối',71),(1255,'02878','Xã Cốc Ly',71),(1256,'02881','Xã Nậm Mòn',71),(1257,'02884','Xã Nậm Đét',71),(1258,'02887','Xã Nậm Khánh',71),(1259,'02890','Xã Bảo Nhai',71),(1260,'02893','Xã Nậm Lúc',71),(1261,'02896','Xã Cốc Lầu',71),(1262,'02899','Xã Bản Cái',71),(1263,'02902','Thị trấn N.T Phong Hải',72),(1264,'02905','Thị trấn Phố Lu',72),(1265,'02908','Thị trấn Tằng Loỏng',72),(1266,'02911','Xã Bản Phiệt',72),(1267,'02914','Xã Bản Cầm',72),(1268,'02917','Xã Thái Niên',72),(1269,'02920','Xã Phong Niên',72),(1270,'02923','Xã Gia Phú',72),(1271,'02926','Xã Xuân Quang',72),(1272,'02929','Xã Sơn Hải',72),(1273,'02932','Xã Xuân Giao',72),(1274,'02935','Xã Trì Quang',72),(1275,'02938','Xã Sơn Hà',72),(1276,'02944','Xã Phú Nhuận',72),(1277,'02947','Thị trấn Phố Ràng',73),(1278,'02950','Xã Tân Tiến',73),(1279,'02953','Xã Nghĩa Đô',73),(1280,'02956','Xã Vĩnh Yên',73),(1281,'02959','Xã Điện Quan',73),(1282,'02962','Xã Xuân Hoà',73),(1283,'02965','Xã Tân Dương',73),(1284,'02968','Xã Thượng Hà',73),(1285,'02971','Xã Kim Sơn',73),(1286,'02974','Xã Cam Cọn',73),(1287,'02977','Xã Minh Tân',73),(1288,'02980','Xã Xuân Thượng',73),(1289,'02983','Xã Việt Tiến',73),(1290,'02986','Xã Yên Sơn',73),(1291,'02989','Xã Bảo Hà',73),(1292,'02992','Xã Lương Sơn',73),(1293,'02998','Xã Phúc Khánh',73),(1294,'03001','Phường Sa Pa',74),(1295,'03002','Phường Sa Pả',74),(1296,'03003','Phường Ô Quý Hồ',74),(1297,'03004','Xã Ngũ Chỉ Sơn',74),(1298,'03006','Phường Phan Si Păng',74),(1299,'03010','Xã Trung Chải',74),(1300,'03013','Xã Tả Phìn',74),(1301,'03016','Phường Hàm Rồng',74),(1302,'03019','Xã Hoàng Liên',74),(1303,'03022','Xã Thanh Bình',74),(1304,'03028','Phường Cầu Mây',74),(1305,'03037','Xã Mường Hoa',74),(1306,'03040','Xã Tả Van',74),(1307,'03043','Xã Mường Bo',74),(1308,'03046','Xã Bản Hồ',74),(1309,'03052','Xã Liên Minh',74),(1310,'03055','Thị trấn Khánh Yên',75),(1311,'03061','Xã Võ Lao',75),(1312,'03064','Xã Sơn Thuỷ',75),(1313,'03067','Xã Nậm Mả',75),(1314,'03070','Xã Tân Thượng',75),(1315,'03073','Xã Nậm Rạng',75),(1316,'03076','Xã Nậm Chầy',75),(1317,'03079','Xã Tân An',75),(1318,'03082','Xã Khánh Yên Thượng',75),(1319,'03085','Xã Nậm Xé',75),(1320,'03088','Xã Dần Thàng',75),(1321,'03091','Xã Chiềng Ken',75),(1322,'03094','Xã Làng Giàng',75),(1323,'03097','Xã Hoà Mạc',75),(1324,'03100','Xã Khánh Yên Trung',75),(1325,'03103','Xã Khánh Yên Hạ',75),(1326,'03106','Xã Dương Quỳ',75),(1327,'03109','Xã Nậm Tha',75),(1328,'03112','Xã Minh Lương',75),(1329,'03115','Xã Thẩm Dương',75),(1330,'03118','Xã Liêm Phú',75),(1331,'03121','Xã Nậm Xây',75),(1332,'03124','Phường Noong Bua',76),(1333,'03127','Phường Him Lam',76),(1334,'03130','Phường Thanh Bình',76),(1335,'03133','Phường Tân Thanh',76),(1336,'03136','Phường Mường Thanh',76),(1337,'03139','Phường Nam Thanh',76),(1338,'03142','Phường Thanh Trường',76),(1339,'03145','Xã Thanh Minh',76),(1340,'03316','Xã Nà Tấu',76),(1341,'03317','Xã Nà Nhạn',76),(1342,'03325','Xã Mường Phăng',76),(1343,'03326','Xã Pá Khoang',76),(1344,'03148','Phường Sông Đà',77),(1345,'03151','Phường Na Lay',77),(1346,'03184','Xã Lay Nưa',77),(1347,'03154','Xã Sín Thầu',78),(1348,'03155','Xã Sen Thượng',78),(1349,'03157','Xã Chung Chải',78),(1350,'03158','Xã Leng Su Sìn',78),(1351,'03159','Xã Pá Mỳ',78),(1352,'03160','Xã Mường Nhé',78),(1353,'03161','Xã Nậm Vì',78),(1354,'03162','Xã Nậm Kè',78),(1355,'03163','Xã Mường Toong',78),(1356,'03164','Xã Quảng Lâm',78),(1357,'03177','Xã Huổi Lếnh',78),(1358,'03172','Thị Trấn Mường Chà',79),(1359,'03178','Xã Xá Tổng',79),(1360,'03181','Xã Mường Tùng',79),(1361,'03190','Xã Hừa Ngài',79),(1362,'03191','Xã Huổi Mí',79),(1363,'03193','Xã Pa Ham',79),(1364,'03194','Xã Nậm Nèn',79),(1365,'03196','Xã Huổi Lèng',79),(1366,'03197','Xã Sa Lông',79),(1367,'03200','Xã Ma Thì Hồ',79),(1368,'03201','Xã Na Sang',79),(1369,'03202','Xã Mường Mươn',79),(1370,'03217','Thị trấn Tủa Chùa',80),(1371,'03220','Xã Huổi Só',80),(1372,'03223','Xã Xín Chải',80),(1373,'03226','Xã Tả Sìn Thàng',80),(1374,'03229','Xã Lao Xả Phình',80),(1375,'03232','Xã Tả Phìn',80),(1376,'03235','Xã Tủa Thàng',80),(1377,'03238','Xã Trung Thu',80),(1378,'03241','Xã Sính Phình',80),(1379,'03244','Xã Sáng Nhè',80),(1380,'03247','Xã Mường Đun',80),(1381,'03250','Xã Mường Báng',80),(1382,'03253','Thị trấn Tuần Giáo',81),(1383,'03259','Xã Phình Sáng',81),(1384,'03260','Xã Rạng Đông',81),(1385,'03262','Xã Mùn Chung',81),(1386,'03263','Xã Nà Tòng',81),(1387,'03265','Xã Ta Ma',81),(1388,'03268','Xã Mường Mùn',81),(1389,'03269','Xã Pú Xi',81),(1390,'03271','Xã Pú Nhung',81),(1391,'03274','Xã Quài Nưa',81),(1392,'03277','Xã Mường Thín',81),(1393,'03280','Xã Tỏa Tình',81),(1394,'03283','Xã Nà Sáy',81),(1395,'03284','Xã Mường Khong',81),(1396,'03289','Xã Quài Cang',81),(1397,'03295','Xã Quài Tở',81),(1398,'03298','Xã Chiềng Sinh',81),(1399,'03299','Xã Chiềng Đông',81),(1400,'03304','Xã Tênh Phông',81),(1401,'03319','Xã Mường Pồn',82),(1402,'03322','Xã Thanh Nưa',82),(1403,'03323','Xã Hua Thanh',82),(1404,'03328','Xã Thanh Luông',82),(1405,'03331','Xã Thanh Hưng',82),(1406,'03334','Xã Thanh Xương',82),(1407,'03337','Xã Thanh Chăn',82),(1408,'03340','Xã Pa Thơm',82),(1409,'03343','Xã Thanh An',82),(1410,'03346','Xã Thanh Yên',82),(1411,'03349','Xã Noong Luống',82),(1412,'03352','Xã Noọng Hẹt',82),(1413,'03355','Xã Sam Mứn',82),(1414,'03356','Xã Pom Lót',82),(1415,'03358','Xã Núa Ngam',82),(1416,'03359','Xã Hẹ Muông',82),(1417,'03361','Xã Na Ư',82),(1418,'03364','Xã Mường Nhà',82),(1419,'03365','Xã Na Tông',82),(1420,'03367','Xã Mường Lói',82),(1421,'03368','Xã Phu Luông',82),(1422,'03203','Thị trấn Điện Biên Đông',83),(1423,'03205','Xã Na Son',83),(1424,'03208','Xã Phì Nhừ',83),(1425,'03211','Xã Chiềng Sơ',83),(1426,'03214','Xã Mường Luân',83),(1427,'03370','Xã Pú Nhi',83),(1428,'03371','Xã Nong U',83),(1429,'03373','Xã Xa Dung',83),(1430,'03376','Xã Keo Lôm',83),(1431,'03379','Xã Luân Giới',83),(1432,'03382','Xã Phình Giàng',83),(1433,'03383','Xã Pú Hồng',83),(1434,'03384','Xã Tìa Dình',83),(1435,'03385','Xã Háng Lìa',83),(1436,'03256','Thị trấn Mường Ảng',84),(1437,'03286','Xã Mường Đăng',84),(1438,'03287','Xã Ngối Cáy',84),(1439,'03292','Xã Ẳng Tở',84),(1440,'03301','Xã Búng Lao',84),(1441,'03302','Xã Xuân Lao',84),(1442,'03307','Xã Ẳng Nưa',84),(1443,'03310','Xã Ẳng Cang',84),(1444,'03312','Xã Nặm Lịch',84),(1445,'03313','Xã Mường Lạn',84),(1446,'03156','Xã Nậm Tin',85),(1447,'03165','Xã Pa Tần',85),(1448,'03166','Xã Chà Cang',85),(1449,'03167','Xã Na Cô Sa',85),(1450,'03168','Xã Nà Khoa',85),(1451,'03169','Xã Nà Hỳ',85),(1452,'03170','Xã Nà Bủng',85),(1453,'03171','Xã Nậm Nhừ',85),(1454,'03173','Xã Nậm Chua',85),(1455,'03174','Xã Nậm Khăn',85),(1456,'03175','Xã Chà Tở',85),(1457,'03176','Xã Vàng Đán',85),(1458,'03187','Xã Chà Nưa',85),(1459,'03198','Xã Phìn Hồ',85),(1460,'03199','Xã Si Pa Phìn',85),(1461,'03386','Phường Quyết Thắng',86),(1462,'03387','Phường Tân Phong',86),(1463,'03388','Phường Quyết Tiến',86),(1464,'03389','Phường Đoàn Kết',86),(1465,'03403','Xã Sùng Phài',86),(1466,'03408','Phường Đông Phong',86),(1467,'03409','Xã San Thàng',86),(1468,'03390','Thị trấn Tam Đường',87),(1469,'03394','Xã Thèn Sin',87),(1470,'03400','Xã Tả Lèng',87),(1471,'03405','Xã Giang Ma',87),(1472,'03406','Xã Hồ Thầu',87),(1473,'03412','Xã Bình Lư',87),(1474,'03413','Xã Sơn Bình',87),(1475,'03415','Xã Nùng Nàng',87),(1476,'03418','Xã Bản Giang',87),(1477,'03421','Xã Bản Hon',87),(1478,'03424','Xã Bản Bo',87),(1479,'03427','Xã Nà Tăm',87),(1480,'03430','Xã Khun Há',87),(1481,'03433','Thị trấn Mường Tè',88),(1482,'03436','Xã Thu Lũm',88),(1483,'03439','Xã Ka Lăng',88),(1484,'03440','Xã Tá Bạ',88),(1485,'03442','Xã Pa ủ',88),(1486,'03445','Xã Mường Tè',88),(1487,'03448','Xã Pa Vệ Sử',88),(1488,'03451','Xã Mù Cả',88),(1489,'03454','Xã Bum Tở',88),(1490,'03457','Xã Nậm Khao',88),(1491,'03463','Xã Tà Tổng',88),(1492,'03466','Xã Bum Nưa',88),(1493,'03467','Xã Vàng San',88),(1494,'03469','Xã Kan Hồ',88),(1495,'03478','Thị trấn Sìn Hồ',89),(1496,'03487','Xã Chăn Nưa',89),(1497,'03493','Xã Pa Tần',89),(1498,'03496','Xã Phìn Hồ',89),(1499,'03499','Xã Hồng Thu',89),(1500,'03505','Xã Phăng Sô Lin',89),(1501,'03508','Xã Ma Quai',89),(1502,'03509','Xã Lùng Thàng',89),(1503,'03511','Xã Tả Phìn',89),(1504,'03514','Xã Sà Dề Phìn',89),(1505,'03517','Xã Nậm Tăm',89),(1506,'03520','Xã Tả Ngảo',89),(1507,'03523','Xã Pu Sam Cáp',89),(1508,'03526','Xã Nậm Cha',89),(1509,'03527','Xã Pa Khoá',89),(1510,'03529','Xã Làng Mô',89),(1511,'03532','Xã Noong Hẻo',89),(1512,'03535','Xã Nậm Mạ',89),(1513,'03538','Xã Căn Co',89),(1514,'03541','Xã Tủa Sín Chải',89),(1515,'03544','Xã Nậm Cuổi',89),(1516,'03547','Xã Nậm Hăn',89),(1517,'03391','Xã Lả Nhì Thàng',90),(1518,'03490','Xã Huổi Luông',90),(1519,'03549','Thị trấn Phong Thổ',90),(1520,'03550','Xã Sì Lở Lầu',90),(1521,'03553','Xã Mồ Sì San',90),(1522,'03559','Xã Pa Vây Sử',90),(1523,'03562','Xã Vàng Ma Chải',90),(1524,'03565','Xã Tông Qua Lìn',90),(1525,'03568','Xã Mù Sang',90),(1526,'03571','Xã Dào San',90),(1527,'03574','Xã Ma Ly Pho',90),(1528,'03577','Xã Bản Lang',90),(1529,'03580','Xã Hoang Thèn',90),(1530,'03583','Xã Khổng Lào',90),(1531,'03586','Xã Nậm Xe',90),(1532,'03589','Xã Mường So',90),(1533,'03592','Xã Sin Suối Hồ',90),(1534,'03595','Thị trấn Than Uyên',91),(1535,'03618','Xã Phúc Than',91),(1536,'03619','Xã Mường Than',91),(1537,'03625','Xã Mường Mít',91),(1538,'03628','Xã Pha Mu',91),(1539,'03631','Xã Mường Cang',91),(1540,'03632','Xã Hua Nà',91),(1541,'03634','Xã Tà Hừa',91),(1542,'03637','Xã Mường Kim',91),(1543,'03638','Xã Tà Mung',91),(1544,'03640','Xã Tà Gia',91),(1545,'03643','Xã Khoen On',91),(1546,'03598','Thị trấn Tân Uyên',92),(1547,'03601','Xã Mường Khoa',92),(1548,'03602','Xã Phúc Khoa',92),(1549,'03604','Xã Thân Thuộc',92),(1550,'03605','Xã Trung Đồng',92),(1551,'03607','Xã Hố Mít',92),(1552,'03610','Xã Nậm Cần',92),(1553,'03613','Xã Nậm Sỏ',92),(1554,'03616','Xã Pắc Ta',92),(1555,'03622','Xã Tà Mít',92),(1556,'03434','Thị trấn Nậm Nhùn',93),(1557,'03460','Xã Hua Bun',93),(1558,'03472','Xã Mường Mô',93),(1559,'03473','Xã Nậm Chà',93),(1560,'03474','Xã Nậm Manh',93),(1561,'03475','Xã Nậm Hàng',93),(1562,'03481','Xã Lê Lợi',93),(1563,'03484','Xã Pú Đao',93),(1564,'03488','Xã Nậm Pì',93),(1565,'03502','Xã Nậm Ban',93),(1566,'03503','Xã Trung Chải',93),(1567,'03646','Phường Chiềng Lề',94),(1568,'03649','Phường Tô Hiệu',94),(1569,'03652','Phường Quyết Thắng',94),(1570,'03655','Phường Quyết Tâm',94),(1571,'03658','Xã Chiềng Cọ',94),(1572,'03661','Xã Chiềng Đen',94),(1573,'03664','Xã Chiềng Xôm',94),(1574,'03667','Phường Chiềng An',94),(1575,'03670','Phường Chiềng Cơi',94),(1576,'03673','Xã Chiềng Ngần',94),(1577,'03676','Xã Hua La',94),(1578,'03679','Phường Chiềng Sinh',94),(1579,'03682','Xã Mường Chiên',95),(1580,'03685','Xã Cà Nàng',95),(1581,'03688','Xã Chiềng Khay',95),(1582,'03694','Xã Mường Giôn',95),(1583,'03697','Xã Pá Ma Pha Khinh',95),(1584,'03700','Xã Chiềng Ơn',95),(1585,'03703','Xã Mường Giàng',95),(1586,'03706','Xã Chiềng Bằng',95),(1587,'03709','Xã Mường Sại',95),(1588,'03712','Xã Nậm ét',95),(1589,'03718','Xã Chiềng Khoang',95),(1590,'03721','Thị trấn Thuận Châu',96),(1591,'03724','Xã Phổng Lái',96),(1592,'03727','Xã Mường é',96),(1593,'03730','Xã Chiềng Pha',96),(1594,'03733','Xã Chiềng La',96),(1595,'03736','Xã Chiềng Ngàm',96),(1596,'03739','Xã Liệp Tè',96),(1597,'03742','Xã é Tòng',96),(1598,'03745','Xã Phổng Lập',96),(1599,'03748','Xã Phổng Lăng',96),(1600,'03751','Xã Chiềng Ly',96),(1601,'03754','Xã Noong Lay',96),(1602,'03757','Xã Mường Khiêng',96),(1603,'03760','Xã Mường Bám',96),(1604,'03763','Xã Long Hẹ',96),(1605,'03766','Xã Chiềng Bôm',96),(1606,'03769','Xã Thôm Mòn',96),(1607,'03772','Xã Tông Lạnh',96),(1608,'03775','Xã Tông Cọ',96),(1609,'03778','Xã Bó Mười',96),(1610,'03781','Xã Co Mạ',96),(1611,'03784','Xã Púng Tra',96),(1612,'03787','Xã Chiềng Pấc',96),(1613,'03790','Xã Nậm Lầu',96),(1614,'03793','Xã Bon Phặng',96),(1615,'03796','Xã Co Tòng',96),(1616,'03799','Xã Muổi Nọi',96),(1617,'03802','Xã Pá Lông',96),(1618,'03805','Xã Bản Lầm',96),(1619,'03808','Thị trấn Ít Ong',97),(1620,'03811','Xã Nậm Giôn',97),(1621,'03814','Xã Chiềng Lao',97),(1622,'03817','Xã Hua Trai',97),(1623,'03820','Xã Ngọc Chiến',97),(1624,'03823','Xã Mường Trai',97),(1625,'03826','Xã Nậm Păm',97),(1626,'03829','Xã Chiềng Muôn',97),(1627,'03832','Xã Chiềng Ân',97),(1628,'03835','Xã Pi Toong',97),(1629,'03838','Xã Chiềng Công',97),(1630,'03841','Xã Tạ Bú',97),(1631,'03844','Xã Chiềng San',97),(1632,'03847','Xã Mường Bú',97),(1633,'03850','Xã Chiềng Hoa',97),(1634,'03853','Xã Mường Chùm',97),(1635,'03856','Thị trấn Bắc Yên',98),(1636,'03859','Xã Phiêng Ban',98),(1637,'03862','Xã Hang Chú',98),(1638,'03865','Xã Xím Vàng',98),(1639,'03868','Xã Tà Xùa',98),(1640,'03869','Xã Háng Đồng',98),(1641,'03871','Xã Pắc Ngà',98),(1642,'03874','Xã Làng Chếu',98),(1643,'03877','Xã Chim Vàn',98),(1644,'03880','Xã Mường Khoa',98),(1645,'03883','Xã Song Pe',98),(1646,'03886','Xã Hồng Ngài',98),(1647,'03889','Xã Tạ Khoa',98),(1648,'03890','Xã Hua Nhàn',98),(1649,'03892','Xã Phiêng Côn',98),(1650,'03895','Xã Chiềng Sại',98),(1651,'03898','Thị trấn Phù Yên',99),(1652,'03901','Xã Suối Tọ',99),(1653,'03904','Xã Mường Thải',99),(1654,'03907','Xã Mường Cơi',99),(1655,'03910','Xã Quang Huy',99),(1656,'03913','Xã Huy Bắc',99),(1657,'03916','Xã Huy Thượng',99),(1658,'03919','Xã Tân Lang',99),(1659,'03922','Xã Gia Phù',99),(1660,'03925','Xã Tường Phù',99),(1661,'03928','Xã Huy Hạ',99),(1662,'03931','Xã Huy Tân',99),(1663,'03934','Xã Mường Lang',99),(1664,'03937','Xã Suối Bau',99),(1665,'03940','Xã Huy Tường',99),(1666,'03943','Xã Mường Do',99),(1667,'03946','Xã Sập Xa',99),(1668,'03949','Xã Tường Thượng',99),(1669,'03952','Xã Tường Tiến',99),(1670,'03955','Xã Tường Phong',99),(1671,'03958','Xã Tường Hạ',99),(1672,'03961','Xã Kim Bon',99),(1673,'03964','Xã Mường Bang',99),(1674,'03967','Xã Đá Đỏ',99),(1675,'03970','Xã Tân Phong',99),(1676,'03973','Xã Nam Phong',99),(1677,'03976','Xã Bắc Phong',99),(1678,'03979','Thị trấn Mộc Châu',100),(1679,'03982','Thị trấn NT Mộc Châu',100),(1680,'03985','Xã Chiềng Sơn',100),(1681,'03988','Xã Tân Hợp',100),(1682,'03991','Xã Qui Hướng',100),(1683,'03997','Xã Tân Lập',100),(1684,'04000','Xã Nà Mường',100),(1685,'04003','Xã Tà Lai',100),(1686,'04012','Xã Chiềng Hắc',100),(1687,'04015','Xã Hua Păng',100),(1688,'04024','Xã Chiềng Khừa',100),(1689,'04027','Xã Mường Sang',100),(1690,'04030','Xã Đông Sang',100),(1691,'04033','Xã Phiêng Luông',100),(1692,'04045','Xã Lóng Sập',100),(1693,'04060','Thị trấn Yên Châu',101),(1694,'04063','Xã Chiềng Đông',101),(1695,'04066','Xã Sập Vạt',101),(1696,'04069','Xã Chiềng Sàng',101),(1697,'04072','Xã Chiềng Pằn',101),(1698,'04075','Xã Viêng Lán',101),(1699,'04078','Xã Chiềng Hặc',101),(1700,'04081','Xã Mường Lựm',101),(1701,'04084','Xã Chiềng On',101),(1702,'04087','Xã Yên Sơn',101),(1703,'04090','Xã Chiềng Khoi',101),(1704,'04093','Xã Tú Nang',101),(1705,'04096','Xã Lóng Phiêng',101),(1706,'04099','Xã Phiêng Khoài',101),(1707,'04102','Xã Chiềng Tương',101),(1708,'04105','Thị trấn Hát Lót',102),(1709,'04108','Xã Chiềng Sung',102),(1710,'04111','Xã Mường Bằng',102),(1711,'04114','Xã Chiềng Chăn',102),(1712,'04117','Xã Mương Chanh',102),(1713,'04120','Xã Chiềng Ban',102),(1714,'04123','Xã Chiềng Mung',102),(1715,'04126','Xã Mường Bon',102),(1716,'04129','Xã Chiềng Chung',102),(1717,'04132','Xã Chiềng Mai',102),(1718,'04135','Xã Hát Lót',102),(1719,'04136','Xã Nà Pó',102),(1720,'04138','Xã Cò  Nòi',102),(1721,'04141','Xã Chiềng Nơi',102),(1722,'04144','Xã Phiêng Cằm',102),(1723,'04147','Xã Chiềng Dong',102),(1724,'04150','Xã Chiềng Kheo',102),(1725,'04153','Xã Chiềng Ve',102),(1726,'04156','Xã Chiềng Lương',102),(1727,'04159','Xã Phiêng Pằn',102),(1728,'04162','Xã Nà Ơt',102),(1729,'04165','Xã Tà Hộc',102),(1730,'04168','Thị trấn Sông Mã',103),(1731,'04171','Xã Bó Sinh',103),(1732,'04174','Xã Pú Pẩu',103),(1733,'04177','Xã Chiềng Phung',103),(1734,'04180','Xã Chiềng En',103),(1735,'04183','Xã Mường Lầm',103),(1736,'04186','Xã Nậm Ty',103),(1737,'04189','Xã Đứa Mòn',103),(1738,'04192','Xã Yên Hưng',103),(1739,'04195','Xã Chiềng Sơ',103),(1740,'04198','Xã Nà Nghịu',103),(1741,'04201','Xã Nậm Mằn',103),(1742,'04204','Xã Chiềng Khoong',103),(1743,'04207','Xã Chiềng Cang',103),(1744,'04210','Xã Huổi Một',103),(1745,'04213','Xã Mường Sai',103),(1746,'04216','Xã Mường Cai',103),(1747,'04219','Xã Mường Hung',103),(1748,'04222','Xã Chiềng Khương',103),(1749,'04225','Xã Sam Kha',104),(1750,'04228','Xã Púng Bánh',104),(1751,'04231','Xã Sốp Cộp',104),(1752,'04234','Xã Dồm Cang',104),(1753,'04237','Xã Nậm Lạnh',104),(1754,'04240','Xã Mường Lèo',104),(1755,'04243','Xã Mường Và',104),(1756,'04246','Xã Mường Lạn',104),(1757,'03994','Xã Suối Bàng',105),(1758,'04006','Xã Song Khủa',105),(1759,'04009','Xã Liên Hoà',105),(1760,'04018','Xã Tô Múa',105),(1761,'04021','Xã Mường Tè',105),(1762,'04036','Xã Chiềng Khoa',105),(1763,'04039','Xã Mường Men',105),(1764,'04042','Xã Quang Minh',105),(1765,'04048','Xã Vân Hồ',105),(1766,'04051','Xã Lóng Luông',105),(1767,'04054','Xã Chiềng Yên',105),(1768,'04056','Xã Chiềng Xuân',105),(1769,'04057','Xã Xuân Nha',105),(1770,'04058','Xã Tân Xuân',105),(1771,'04249','Phường Yên Thịnh',106),(1772,'04252','Phường Yên Ninh',106),(1773,'04255','Phường Minh Tân',106),(1774,'04258','Phường Nguyễn Thái Học',106),(1775,'04261','Phường Đồng Tâm',106),(1776,'04264','Phường Nguyễn Phúc',106),(1777,'04267','Phường Hồng Hà',106),(1778,'04270','Xã Minh Bảo',106),(1779,'04273','Phường Nam Cường',106),(1780,'04276','Xã Tuy Lộc',106),(1781,'04279','Xã Tân Thịnh',106),(1782,'04540','Xã Âu Lâu',106),(1783,'04543','Xã Giới Phiên',106),(1784,'04546','Phường Hợp Minh',106),(1785,'04558','Xã Văn Phú',106),(1786,'04282','Phường Pú Trạng',107),(1787,'04285','Phường Trung Tâm',107),(1788,'04288','Phường Tân An',107),(1789,'04291','Phường Cầu Thia',107),(1790,'04294','Xã Nghĩa Lợi',107),(1791,'04297','Xã Nghĩa Phúc',107),(1792,'04300','Xã Nghĩa An',107),(1793,'04624','Xã Nghĩa Lộ',107),(1794,'04660','Xã Sơn A',107),(1795,'04663','Xã Phù Nham',107),(1796,'04675','Xã Thanh Lương',107),(1797,'04678','Xã Hạnh Sơn',107),(1798,'04681','Xã Phúc Sơn',107),(1799,'04684','Xã Thạch Lương',107),(1800,'04303','Thị trấn Yên Thế',108),(1801,'04306','Xã Tân Phượng',108),(1802,'04309','Xã Lâm Thượng',108),(1803,'04312','Xã Khánh Thiện',108),(1804,'04315','Xã Minh Chuẩn',108),(1805,'04318','Xã Mai Sơn',108),(1806,'04321','Xã Khai Trung',108),(1807,'04324','Xã Mường Lai',108),(1808,'04327','Xã An Lạc',108),(1809,'04330','Xã Minh Xuân',108),(1810,'04333','Xã Tô Mậu',108),(1811,'04336','Xã Tân Lĩnh',108),(1812,'04339','Xã Yên Thắng',108),(1813,'04342','Xã Khánh Hoà',108),(1814,'04345','Xã Vĩnh Lạc',108),(1815,'04348','Xã Liễu Đô',108),(1816,'04351','Xã Động Quan',108),(1817,'04354','Xã Tân Lập',108),(1818,'04357','Xã Minh Tiến',108),(1819,'04360','Xã Trúc Lâu',108),(1820,'04363','Xã Phúc Lợi',108),(1821,'04366','Xã Phan Thanh',108),(1822,'04369','Xã An Phú',108),(1823,'04372','Xã Trung Tâm',108),(1824,'04375','Thị trấn Mậu A',109),(1825,'04378','Xã Lang Thíp',109),(1826,'04381','Xã Lâm Giang',109),(1827,'04384','Xã Châu Quế Thượng',109),(1828,'04387','Xã Châu Quế Hạ',109),(1829,'04390','Xã An Bình',109),(1830,'04393','Xã Quang Minh',109),(1831,'04396','Xã Đông An',109),(1832,'04399','Xã Đông Cuông',109),(1833,'04402','Xã Phong Dụ Hạ',109),(1834,'04405','Xã Mậu Đông',109),(1835,'04408','Xã Ngòi A',109),(1836,'04411','Xã Xuân Tầm',109),(1837,'04414','Xã Tân Hợp',109),(1838,'04417','Xã An Thịnh',109),(1839,'04420','Xã Yên Thái',109),(1840,'04423','Xã Phong Dụ Thượng',109),(1841,'04426','Xã Yên Hợp',109),(1842,'04429','Xã Đại Sơn',109),(1843,'04435','Xã Đại Phác',109),(1844,'04438','Xã Yên Phú',109),(1845,'04441','Xã Xuân Ái',109),(1846,'04447','Xã Viễn Sơn',109),(1847,'04450','Xã Mỏ Vàng',109),(1848,'04453','Xã Nà Hẩu',109),(1849,'04456','Thị trấn Mù Căng Chải',110),(1850,'04459','Xã Hồ Bốn',110),(1851,'04462','Xã Nậm Có',110),(1852,'04465','Xã Khao Mang',110),(1853,'04468','Xã Mồ Dề',110),(1854,'04471','Xã Chế Cu Nha',110),(1855,'04474','Xã Lao Chải',110),(1856,'04477','Xã Kim Nọi',110),(1857,'04480','Xã Cao Phạ',110),(1858,'04483','Xã La Pán Tẩn',110),(1859,'04486','Xã Dế Su Phình',110),(1860,'04489','Xã Chế Tạo',110),(1861,'04492','Xã Púng Luông',110),(1862,'04495','Xã Nậm Khắt',110),(1863,'04498','Thị trấn Cổ Phúc',111),(1864,'04501','Xã Tân Đồng',111),(1865,'04504','Xã Báo Đáp',111),(1866,'04507','Xã Đào Thịnh',111),(1867,'04510','Xã Việt Thành',111),(1868,'04513','Xã Hòa Cuông',111),(1869,'04516','Xã Minh Quán',111),(1870,'04519','Xã Quy Mông',111),(1871,'04522','Xã Cường Thịnh',111),(1872,'04525','Xã Kiên Thành',111),(1873,'04528','Xã Nga Quán',111),(1874,'04531','Xã Y Can',111),(1875,'04537','Xã Lương Thịnh',111),(1876,'04561','Xã Bảo Hưng',111),(1877,'04564','Xã Việt Cường',111),(1878,'04567','Xã Minh Quân',111),(1879,'04570','Xã Hồng Ca',111),(1880,'04573','Xã Hưng Thịnh',111),(1881,'04576','Xã Hưng Khánh',111),(1882,'04579','Xã Việt Hồng',111),(1883,'04582','Xã Vân Hội',111),(1884,'04585','Thị trấn Trạm Tấu',112),(1885,'04588','Xã Túc Đán',112),(1886,'04591','Xã Pá Lau',112),(1887,'04594','Xã Xà Hồ',112),(1888,'04597','Xã Phình Hồ',112),(1889,'04600','Xã Trạm Tấu',112),(1890,'04603','Xã Tà Si Láng',112),(1891,'04606','Xã Pá Hu',112),(1892,'04609','Xã Làng Nhì',112),(1893,'04612','Xã Bản Công',112),(1894,'04615','Xã Bản Mù',112),(1895,'04618','Xã Hát Lìu',112),(1896,'04621','Thị trấn NT Liên Sơn',113),(1897,'04627','Thị trấn NT Trần Phú',113),(1898,'04630','Xã Tú Lệ',113),(1899,'04633','Xã Nậm Búng',113),(1900,'04636','Xã Gia Hội',113),(1901,'04639','Xã Sùng Đô',113),(1902,'04642','Xã Nậm Mười',113),(1903,'04645','Xã An Lương',113),(1904,'04648','Xã Nậm Lành',113),(1905,'04651','Xã Sơn Lương',113),(1906,'04654','Xã Suối Quyền',113),(1907,'04657','Xã Suối Giàng',113),(1908,'04666','Xã Nghĩa Sơn',113),(1909,'04669','Xã Suối Bu',113),(1910,'04672','Thị trấn Sơn Thịnh',113),(1911,'04687','Xã Đại Lịch',113),(1912,'04690','Xã Đồng Khê',113),(1913,'04693','Xã Cát Thịnh',113),(1914,'04696','Xã Tân Thịnh',113),(1915,'04699','Xã Chấn Thịnh',113),(1916,'04702','Xã Bình Thuận',113),(1917,'04705','Xã Thượng Bằng La',113),(1918,'04708','Xã Minh An',113),(1919,'04711','Xã Nghĩa Tâm',113),(1920,'04714','Thị trấn Yên Bình',114),(1921,'04717','Thị trấn Thác Bà',114),(1922,'04720','Xã Xuân Long',114),(1923,'04726','Xã Cảm Nhân',114),(1924,'04729','Xã Ngọc Chấn',114),(1925,'04732','Xã Tân Nguyên',114),(1926,'04735','Xã Phúc Ninh',114),(1927,'04738','Xã Bảo Ái',114),(1928,'04741','Xã Mỹ Gia',114),(1929,'04744','Xã Xuân Lai',114),(1930,'04747','Xã Mông Sơn',114),(1931,'04750','Xã Cảm Ân',114),(1932,'04753','Xã Yên Thành',114),(1933,'04756','Xã Tân Hương',114),(1934,'04759','Xã Phúc An',114),(1935,'04762','Xã Bạch Hà',114),(1936,'04765','Xã Vũ Linh',114),(1937,'04768','Xã Đại Đồng',114),(1938,'04771','Xã Vĩnh Kiên',114),(1939,'04774','Xã Yên Bình',114),(1940,'04777','Xã Thịnh Hưng',114),(1941,'04780','Xã Hán Đà',114),(1942,'04783','Xã Phú Thịnh',114),(1943,'04786','Xã Đại Minh',114),(1944,'04789','Phường Thái Bình',115),(1945,'04792','Phường Tân Hòa',115),(1946,'04795','Phường Thịnh Lang',115),(1947,'04798','Phường Hữu Nghị',115),(1948,'04801','Phường Tân Thịnh',115),(1949,'04804','Phường Đồng Tiến',115),(1950,'04807','Phường Phương Lâm',115),(1951,'04813','Xã Yên Mông',115),(1952,'04816','Xã Sủ Ngòi',115),(1953,'04819','Phường Dân Chủ',115),(1954,'04825','Xã Hòa Bình',115),(1955,'04828','Phường Thống Nhất',115),(1956,'04894','Phường Kỳ Sơn',115),(1957,'04897','Xã Thịnh Minh',115),(1958,'04903','Xã Hợp Thành',115),(1959,'04906','Xã Quang Tiến',115),(1960,'04912','Xã Mông Hóa',115),(1961,'04918','Xã Trung Minh',115),(1962,'04921','Xã Độc Lập',115),(1963,'04831','Thị trấn Đà Bắc',116),(1964,'04834','Xã Nánh Nghê',116),(1965,'04840','Xã Giáp Đắt',116),(1966,'04846','Xã Mường Chiềng',116),(1967,'04849','Xã Tân Pheo',116),(1968,'04852','Xã Đồng Chum',116),(1969,'04855','Xã Tân Minh',116),(1970,'04858','Xã Đoàn Kết',116),(1971,'04861','Xã Đồng Ruộng',116),(1972,'04867','Xã Tú Lý',116),(1973,'04870','Xã Trung Thành',116),(1974,'04873','Xã Yên Hòa',116),(1975,'04876','Xã Cao Sơn',116),(1976,'04879','Xã Toàn Sơn',116),(1977,'04885','Xã Hiền Lương',116),(1978,'04888','Xã Tiền Phong',116),(1979,'04891','Xã Vầy Nưa',116),(1980,'04924','Thị trấn Lương Sơn',117),(1981,'04942','Xã Lâm Sơn',117),(1982,'04945','Xã Hòa Sơn',117),(1983,'04951','Xã Tân Vinh',117),(1984,'04954','Xã Nhuận Trạch',117),(1985,'04957','Xã Cao Sơn',117),(1986,'04960','Xã Cư Yên',117),(1987,'04969','Xã Liên Sơn',117),(1988,'05008','Xã Cao Dương',117),(1989,'05041','Xã Thanh Sơn',117),(1990,'05047','Xã Thanh Cao',117),(1991,'04978','Thị trấn Bo',118),(1992,'04984','Xã Đú Sáng',118),(1993,'04987','Xã Hùng Sơn',118),(1994,'04990','Xã Bình Sơn',118),(1995,'04999','Xã Tú Sơn',118),(1996,'05005','Xã Vĩnh Tiến',118),(1997,'05014','Xã Đông Bắc',118),(1998,'05017','Xã Xuân Thủy',118),(1999,'05026','Xã Vĩnh Đồng',118),(2000,'05035','Xã Kim Lập',118),(2001,'05038','Xã Hợp Tiến',118),(2002,'05065','Xã Kim Bôi',118),(2003,'05068','Xã Nam Thượng',118),(2004,'05077','Xã Cuối Hạ',118),(2005,'05080','Xã Sào Báy',118),(2006,'05083','Xã Mi Hòa',118),(2007,'05086','Xã Nuông Dăm',118),(2008,'05089','Thị trấn Cao Phong',119),(2009,'05092','Xã Bình Thanh',119),(2010,'05095','Xã Thung Nai',119),(2011,'05098','Xã Bắc Phong',119),(2012,'05101','Xã Thu Phong',119),(2013,'05104','Xã Hợp Phong',119),(2014,'05110','Xã Tây Phong',119),(2015,'05116','Xã Dũng Phong',119),(2016,'05119','Xã Nam Phong',119),(2017,'05125','Xã Thạch Yên',119),(2018,'05128','Thị trấn Mãn Đức',120),(2019,'05134','Xã Suối Hoa',120),(2020,'05137','Xã Phú Vinh',120),(2021,'05140','Xã Phú Cường',120),(2022,'05143','Xã Mỹ Hòa',120),(2023,'05152','Xã Quyết Chiến',120),(2024,'05158','Xã Phong Phú',120),(2025,'05164','Xã Tử Nê',120),(2026,'05167','Xã Thanh Hối',120),(2027,'05170','Xã Ngọc Mỹ',120),(2028,'05173','Xã Đông Lai',120),(2029,'05176','Xã Vân Sơn',120),(2030,'05182','Xã Nhân Mỹ',120),(2031,'05191','Xã Lỗ Sơn',120),(2032,'05194','Xã Ngổ Luông',120),(2033,'05197','Xã Gia Mô',120),(2034,'04882','Xã Tân Thành',121),(2035,'05200','Thị trấn Mai Châu',121),(2036,'05206','Xã Sơn Thủy',121),(2037,'05209','Xã Pà Cò',121),(2038,'05212','Xã Hang Kia',121),(2039,'05221','Xã Đồng Tân',121),(2040,'05224','Xã Cun Pheo',121),(2041,'05227','Xã Bao La',121),(2042,'05233','Xã Tòng Đậu',121),(2043,'05242','Xã Nà Phòn',121),(2044,'05245','Xã Săm Khóe',121),(2045,'05248','Xã Chiềng Châu',121),(2046,'05251','Xã Mai Hạ',121),(2047,'05254','Xã Thành Sơn',121),(2048,'05257','Xã Mai Hịch',121),(2049,'05263','Xã Vạn Mai',121),(2050,'05266','Thị trấn Vụ Bản',122),(2051,'05269','Xã Quý Hòa',122),(2052,'05272','Xã Miền Đồi',122),(2053,'05275','Xã Mỹ Thành',122),(2054,'05278','Xã Tuân Đạo',122),(2055,'05281','Xã Văn Nghĩa',122),(2056,'05284','Xã Văn Sơn',122),(2057,'05287','Xã Tân Lập',122),(2058,'05290','Xã Nhân Nghĩa',122),(2059,'05293','Xã Thượng Cốc',122),(2060,'05299','Xã Quyết Thắng',122),(2061,'05302','Xã Xuất Hóa',122),(2062,'05305','Xã Yên Phú',122),(2063,'05308','Xã Bình Hẻm',122),(2064,'05320','Xã Định Cư',122),(2065,'05323','Xã Chí Đạo',122),(2066,'05329','Xã Ngọc Sơn',122),(2067,'05332','Xã Hương Nhượng',122),(2068,'05335','Xã Vũ Bình',122),(2069,'05338','Xã Tự Do',122),(2070,'05341','Xã Yên Nghiệp',122),(2071,'05344','Xã Tân Mỹ',122),(2072,'05347','Xã Ân Nghĩa',122),(2073,'05350','Xã Ngọc Lâu',122),(2074,'05353','Thị trấn Hàng Trạm',123),(2075,'05356','Xã Lạc Sỹ',123),(2076,'05362','Xã Lạc Lương',123),(2077,'05365','Xã Bảo Hiệu',123),(2078,'05368','Xã Đa Phúc',123),(2079,'05371','Xã Hữu Lợi',123),(2080,'05374','Xã Lạc Thịnh',123),(2081,'05380','Xã Đoàn Kết',123),(2082,'05383','Xã Phú Lai',123),(2083,'05386','Xã Yên Trị',123),(2084,'05389','Xã Ngọc Lương',123),(2085,'04981','Thị trấn Ba Hàng Đồi',124),(2086,'05392','Thị trấn Chi Nê',124),(2087,'05395','Xã Phú Nghĩa',124),(2088,'05398','Xã Phú Thành',124),(2089,'05404','Xã Hưng Thi',124),(2090,'05413','Xã Khoan Dụ',124),(2091,'05419','Xã Đồng Tâm',124),(2092,'05422','Xã Yên Bồng',124),(2093,'05425','Xã Thống Nhất',124),(2094,'05428','Xã An Bình',124),(2095,'05431','Phường Quán Triều',125),(2096,'05434','Phường Quang Vinh',125),(2097,'05437','Phường Túc Duyên',125),(2098,'05440','Phường Hoàng Văn Thụ',125),(2099,'05443','Phường Trưng Vương',125),(2100,'05446','Phường Quang Trung',125),(2101,'05449','Phường Phan Đình Phùng',125),(2102,'05452','Phường Tân Thịnh',125),(2103,'05455','Phường Thịnh Đán',125),(2104,'05458','Phường Đồng Quang',125),(2105,'05461','Phường Gia Sàng',125),(2106,'05464','Phường Tân Lập',125),(2107,'05467','Phường Cam Giá',125),(2108,'05470','Phường Phú Xá',125),(2109,'05473','Phường Hương Sơn',125),(2110,'05476','Phường Trung Thành',125),(2111,'05479','Phường Tân Thành',125),(2112,'05482','Phường Tân Long',125),(2113,'05485','Xã Phúc Hà',125),(2114,'05488','Xã Phúc Xuân',125),(2115,'05491','Xã Quyết Thắng',125),(2116,'05494','Xã Phúc Trìu',125),(2117,'05497','Xã Thịnh Đức',125),(2118,'05500','Phường Tích Lương',125),(2119,'05503','Xã Tân Cương',125),(2120,'05653','Xã Sơn Cẩm',125),(2121,'05659','Phường Chùa Hang',125),(2122,'05695','Xã Cao Ngạn',125),(2123,'05701','Xã Linh Sơn',125),(2124,'05710','Phường Đồng Bẩm',125),(2125,'05713','Xã Huống Thượng',125),(2126,'05914','Xã Đồng Liên',125),(2127,'05506','Phường Lương Sơn',126),(2128,'05509','Phường Châu Sơn',126),(2129,'05512','Phường Mỏ Chè',126),(2130,'05515','Phường Cải Đan',126),(2131,'05518','Phường Thắng Lợi',126),(2132,'05521','Phường Phố Cò',126),(2133,'05527','Xã Tân Quang',126),(2134,'05528','Phường Bách Quang',126),(2135,'05530','Xã Bình Sơn',126),(2136,'05533','Xã Bá Xuyên',126),(2137,'05536','Thị trấn Chợ Chu',127),(2138,'05539','Xã Linh Thông',127),(2139,'05542','Xã Lam Vỹ',127),(2140,'05545','Xã Quy Kỳ',127),(2141,'05548','Xã Tân Thịnh',127),(2142,'05551','Xã Kim Phượng',127),(2143,'05554','Xã Bảo Linh',127),(2144,'05560','Xã Phúc Chu',127),(2145,'05563','Xã Tân Dương',127),(2146,'05566','Xã Phượng Tiến',127),(2147,'05569','Xã Bảo Cường',127),(2148,'05572','Xã Đồng Thịnh',127),(2149,'05575','Xã Định Biên',127),(2150,'05578','Xã Thanh Định',127),(2151,'05581','Xã Trung Hội',127),(2152,'05584','Xã Trung Lương',127),(2153,'05587','Xã Bình Yên',127),(2154,'05590','Xã Điềm Mặc',127),(2155,'05593','Xã Phú Tiến',127),(2156,'05596','Xã Bộc Nhiêu',127),(2157,'05599','Xã Sơn Phú',127),(2158,'05602','Xã Phú Đình',127),(2159,'05605','Xã Bình Thành',127),(2160,'05608','Thị trấn Giang Tiên',128),(2161,'05611','Thị trấn Đu',128),(2162,'05614','Xã Yên Ninh',128),(2163,'05617','Xã Yên Trạch',128),(2164,'05620','Xã Yên Đổ',128),(2165,'05623','Xã Yên Lạc',128),(2166,'05626','Xã Ôn Lương',128),(2167,'05629','Xã Động Đạt',128),(2168,'05632','Xã Phủ Lý',128),(2169,'05635','Xã Phú Đô',128),(2170,'05638','Xã Hợp Thành',128),(2171,'05641','Xã Tức Tranh',128),(2172,'05644','Xã Phấn Mễ',128),(2173,'05647','Xã Vô Tranh',128),(2174,'05650','Xã Cổ Lũng',128),(2175,'05656','Thị trấn Sông Cầu',129),(2176,'05662','Thị trấn Trại Cau',129),(2177,'05665','Xã Văn Lăng',129),(2178,'05668','Xã Tân Long',129),(2179,'05671','Xã Hòa Bình',129),(2180,'05674','Xã Quang Sơn',129),(2181,'05677','Xã Minh Lập',129),(2182,'05680','Xã Văn Hán',129),(2183,'05683','Xã Hóa Trung',129),(2184,'05686','Xã Khe Mo',129),(2185,'05689','Xã Cây Thị',129),(2186,'05692','Xã Hóa Thượng',129),(2187,'05698','Xã Hợp Tiến',129),(2188,'05704','Xã Tân Lợi',129),(2189,'05707','Xã Nam Hòa',129),(2190,'05716','Thị trấn Đình Cả',130),(2191,'05719','Xã Sảng Mộc',130),(2192,'05722','Xã Nghinh Tường',130),(2193,'05725','Xã Thần Xa',130),(2194,'05728','Xã Vũ Chấn',130),(2195,'05731','Xã Thượng Nung',130),(2196,'05734','Xã Phú Thượng',130),(2197,'05737','Xã Cúc Đường',130),(2198,'05740','Xã La Hiên',130),(2199,'05743','Xã Lâu Thượng',130),(2200,'05746','Xã Tràng Xá',130),(2201,'05749','Xã Phương Giao',130),(2202,'05752','Xã Liên Minh',130),(2203,'05755','Xã Dân Tiến',130),(2204,'05758','Xã Bình Long',130),(2205,'05761','Thị trấn Hùng Sơn',131),(2206,'05764','Thị trấn Quân Chu',131),(2207,'05767','Xã Phúc Lương',131),(2208,'05770','Xã Minh Tiến',131),(2209,'05773','Xã Yên Lãng',131),(2210,'05776','Xã Đức Lương',131),(2211,'05779','Xã Phú Cường',131),(2212,'05782','Xã Na Mao',131),(2213,'05785','Xã Phú Lạc',131),(2214,'05788','Xã Tân Linh',131),(2215,'05791','Xã Phú Thịnh',131),(2216,'05794','Xã Phục Linh',131),(2217,'05797','Xã Phú Xuyên',131),(2218,'05800','Xã Bản Ngoại',131),(2219,'05803','Xã Tiên Hội',131),(2220,'05809','Xã Cù Vân',131),(2221,'05812','Xã Hà Thượng',131),(2222,'05815','Xã La Bằng',131),(2223,'05818','Xã Hoàng Nông',131),(2224,'05821','Xã Khôi Kỳ',131),(2225,'05824','Xã An Khánh',131),(2226,'05827','Xã Tân Thái',131),(2227,'05830','Xã Bình Thuận',131),(2228,'05833','Xã Lục Ba',131),(2229,'05836','Xã Mỹ Yên',131),(2230,'05839','Xã Vạn Thọ',131),(2231,'05842','Xã Văn Yên',131),(2232,'05845','Xã Ký Phú',131),(2233,'05848','Xã Cát Nê',131),(2234,'05851','Xã Quân Chu',131),(2235,'05854','Phường Bãi Bông',132),(2236,'05857','Phường Bắc Sơn',132),(2237,'05860','Phường Ba Hàng',132),(2238,'05863','Xã Phúc Tân',132),(2239,'05866','Xã Phúc Thuận',132),(2240,'05869','Xã Hồng Tiến',132),(2241,'05872','Xã Minh Đức',132),(2242,'05875','Xã Đắc Sơn',132),(2243,'05878','Phường Đồng Tiến',132),(2244,'05881','Xã Thành Công',132),(2245,'05884','Xã Tiên Phong',132),(2246,'05887','Xã Vạn Phái',132),(2247,'05890','Xã Nam Tiến',132),(2248,'05893','Xã Tân Hương',132),(2249,'05896','Xã Đông Cao',132),(2250,'05899','Xã Trung Thành',132),(2251,'05902','Xã Tân Phú',132),(2252,'05905','Xã Thuận Thành',132),(2253,'05908','Thị trấn Hương Sơn',133),(2254,'05911','Xã Bàn Đạt',133),(2255,'05917','Xã Tân Khánh',133),(2256,'05920','Xã Tân Kim',133),(2257,'05923','Xã Tân Thành',133),(2258,'05926','Xã Đào Xá',133),(2259,'05929','Xã Bảo Lý',133),(2260,'05932','Xã Thượng Đình',133),(2261,'05935','Xã Tân Hòa',133),(2262,'05938','Xã Nhã Lộng',133),(2263,'05941','Xã Điềm Thụy',133),(2264,'05944','Xã Xuân Phương',133),(2265,'05947','Xã Tân Đức',133),(2266,'05950','Xã Úc Kỳ',133),(2267,'05953','Xã Lương Phú',133),(2268,'05956','Xã Nga My',133),(2269,'05959','Xã Kha Sơn',133),(2270,'05962','Xã Thanh Ninh',133),(2271,'05965','Xã Dương Thành',133),(2272,'05968','Xã Hà Châu',133),(2273,'05971','Phường Hoàng Văn Thụ',134),(2274,'05974','Phường Tam Thanh',134),(2275,'05977','Phường Vĩnh Trại',134),(2276,'05980','Phường Đông Kinh',134),(2277,'05983','Phường Chi Lăng',134),(2278,'05986','Xã Hoàng Đồng',134),(2279,'05989','Xã Quảng Lạc',134),(2280,'05992','Xã Mai Pha',134),(2281,'05995','Thị trấn Thất Khê',135),(2282,'05998','Xã Khánh Long',135),(2283,'06001','Xã Đoàn Kết',135),(2284,'06004','Xã Quốc Khánh',135),(2285,'06007','Xã Vĩnh Tiến',135),(2286,'06010','Xã Cao Minh',135),(2287,'06013','Xã Chí Minh',135),(2288,'06016','Xã Tri Phương',135),(2289,'06019','Xã Tân Tiến',135),(2290,'06022','Xã Tân Yên',135),(2291,'06025','Xã Đội Cấn',135),(2292,'06028','Xã Tân Minh',135),(2293,'06031','Xã Kim Đồng',135),(2294,'06034','Xã Chi Lăng',135),(2295,'06037','Xã Trung Thành',135),(2296,'06040','Xã Đại Đồng',135),(2297,'06043','Xã Đào Viên',135),(2298,'06046','Xã Đề Thám',135),(2299,'06049','Xã Kháng Chiến',135),(2300,'06055','Xã Hùng Sơn',135),(2301,'06058','Xã Quốc Việt',135),(2302,'06061','Xã Hùng Việt',135),(2303,'06067','Xã Hưng Đạo',136),(2304,'06070','Xã Vĩnh Yên',136),(2305,'06073','Xã Hoa Thám',136),(2306,'06076','Xã Quý Hòa',136),(2307,'06079','Xã Hồng Phong',136),(2308,'06082','Xã Yên Lỗ',136),(2309,'06085','Xã Thiện Hòa',136),(2310,'06088','Xã Quang Trung',136),(2311,'06091','Xã Thiện Thuật',136),(2312,'06094','Xã Minh Khai',136),(2313,'06097','Xã Thiện Long',136),(2314,'06100','Xã Hoàng Văn Thụ',136),(2315,'06103','Xã Hòa Bình',136),(2316,'06106','Xã Mông Ân',136),(2317,'06109','Xã Tân Hòa',136),(2318,'06112','Thị trấn Bình Gia',136),(2319,'06115','Xã Hồng Thái',136),(2320,'06118','Xã Bình La',136),(2321,'06121','Xã Tân Văn',136),(2322,'06124','Thị trấn Na Sầm',137),(2323,'06127','Xã Trùng Khánh',137),(2324,'06133','Xã Bắc La',137),(2325,'06136','Xã Thụy Hùng',137),(2326,'06139','Xã Bắc Hùng',137),(2327,'06142','Xã Tân Tác',137),(2328,'06148','Xã Thanh Long',137),(2329,'06151','Xã Hội Hoan',137),(2330,'06154','Xã Bắc Việt',137),(2331,'06157','Xã Hoàng Việt',137),(2332,'06160','Xã Gia Miễn',137),(2333,'06163','Xã Thành Hòa',137),(2334,'06166','Xã Tân Thanh',137),(2335,'06172','Xã Tân Mỹ',137),(2336,'06175','Xã Hồng Thái',137),(2337,'06178','Xã  Hoàng Văn Thụ',137),(2338,'06181','Xã Nhạc Kỳ',137),(2339,'06184','Thị trấn Đồng Đăng',138),(2340,'06187','Thị trấn Cao Lộc',138),(2341,'06190','Xã Bảo Lâm',138),(2342,'06193','Xã Thanh Lòa',138),(2343,'06196','Xã Cao Lâu',138),(2344,'06199','Xã Thạch Đạn',138),(2345,'06202','Xã Xuất Lễ',138),(2346,'06205','Xã Hồng Phong',138),(2347,'06208','Xã Thụy Hùng',138),(2348,'06211','Xã Lộc Yên',138),(2349,'06214','Xã Phú Xá',138),(2350,'06217','Xã Bình Trung',138),(2351,'06220','Xã Hải Yến',138),(2352,'06223','Xã Hòa Cư',138),(2353,'06226','Xã Hợp Thành',138),(2354,'06232','Xã Công Sơn',138),(2355,'06235','Xã Gia Cát',138),(2356,'06238','Xã Mẫu Sơn',138),(2357,'06241','Xã Xuân Long',138),(2358,'06244','Xã Tân Liên',138),(2359,'06247','Xã Yên Trạch',138),(2360,'06250','Xã Tân Thành',138),(2361,'06253','Thị trấn Văn Quan',139),(2362,'06256','Xã Trấn Ninh',139),(2363,'06268','Xã Liên Hội',139),(2364,'06274','Xã Hòa Bình',139),(2365,'06277','Xã Tú Xuyên',139),(2366,'06280','Xã Điềm He',139),(2367,'06283','Xã An Sơn',139),(2368,'06286','Xã Khánh Khê',139),(2369,'06292','Xã Lương Năng',139),(2370,'06295','Xã Đồng Giáp',139),(2371,'06298','Xã Bình Phúc',139),(2372,'06301','Xã Tràng Các',139),(2373,'06307','Xã Tân Đoàn',139),(2374,'06313','Xã Tri Lễ',139),(2375,'06316','Xã Tràng Phái',139),(2376,'06319','Xã Yên Phúc',139),(2377,'06322','Xã Hữu Lễ',139),(2378,'06325','Thị trấn Bắc Sơn',140),(2379,'06328','Xã Long Đống',140),(2380,'06331','Xã Vạn Thủy',140),(2381,'06337','Xã Đồng ý',140),(2382,'06340','Xã Tân Tri',140),(2383,'06343','Xã Bắc Quỳnh',140),(2384,'06349','Xã Hưng Vũ',140),(2385,'06352','Xã Tân Lập',140),(2386,'06355','Xã Vũ Sơn',140),(2387,'06358','Xã Chiêu Vũ',140),(2388,'06361','Xã Tân Hương',140),(2389,'06364','Xã Chiến Thắng',140),(2390,'06367','Xã Vũ Lăng',140),(2391,'06370','Xã Trấn Yên',140),(2392,'06373','Xã Vũ Lễ',140),(2393,'06376','Xã Nhất Hòa',140),(2394,'06379','Xã Tân Thành',140),(2395,'06382','Xã Nhất Tiến',140),(2396,'06385','Thị trấn Hữu Lũng',141),(2397,'06388','Xã Hữu Liên',141),(2398,'06391','Xã Yên Bình',141),(2399,'06394','Xã Quyết Thắng',141),(2400,'06397','Xã Hòa Bình',141),(2401,'06400','Xã Yên Thịnh',141),(2402,'06403','Xã Yên Sơn',141),(2403,'06406','Xã Thiện Tân',141),(2404,'06412','Xã Yên Vượng',141),(2405,'06415','Xã Minh Tiến',141),(2406,'06418','Xã Nhật Tiến',141),(2407,'06421','Xã Thanh Sơn',141),(2408,'06424','Xã Đồng Tân',141),(2409,'06427','Xã Cai Kinh',141),(2410,'06430','Xã Hòa Lạc',141),(2411,'06433','Xã Vân Nham',141),(2412,'06436','Xã Đồng Tiến',141),(2413,'06442','Xã Tân Thành',141),(2414,'06445','Xã Hòa Sơn',141),(2415,'06448','Xã Minh Sơn',141),(2416,'06451','Xã Hồ Sơn',141),(2417,'06454','Xã Sơn Hà',141),(2418,'06457','Xã Minh Hòa',141),(2419,'06460','Xã Hòa Thắng',141),(2420,'06463','Thị trấn Đồng Mỏ',142),(2421,'06466','Thị trấn Chi Lăng',142),(2422,'06469','Xã Vân An',142),(2423,'06472','Xã Vân Thủy',142),(2424,'06475','Xã Gia Lộc',142),(2425,'06478','Xã Bắc Thủy',142),(2426,'06481','Xã Chiến Thắng',142),(2427,'06484','Xã Mai Sao',142),(2428,'06487','Xã Bằng Hữu',142),(2429,'06490','Xã Thượng Cường',142),(2430,'06493','Xã Bằng Mạc',142),(2431,'06496','Xã Nhân Lý',142),(2432,'06499','Xã Lâm Sơn',142),(2433,'06502','Xã Liên Sơn',142),(2434,'06505','Xã Vạn Linh',142),(2435,'06508','Xã Hòa Bình',142),(2436,'06514','Xã Hữu Kiên',142),(2437,'06517','Xã Quan Sơn',142),(2438,'06520','Xã Y Tịch',142),(2439,'06523','Xã Chi Lăng',142),(2440,'06526','Thị trấn Na Dương',143),(2441,'06529','Thị trấn Lộc Bình',143),(2442,'06532','Xã Mẫu Sơn',143),(2443,'06541','Xã Yên Khoái',143),(2444,'06544','Xã Khánh Xuân',143),(2445,'06547','Xã Tú Mịch',143),(2446,'06550','Xã Hữu Khánh',143),(2447,'06553','Xã Đồng Bục',143),(2448,'06559','Xã Tam Gia',143),(2449,'06562','Xã Tú Đoạn',143),(2450,'06565','Xã Khuất Xá',143),(2451,'06574','Xã Tĩnh Bắc',143),(2452,'06577','Xã Thống Nhất',143),(2453,'06589','Xã Sàn Viên',143),(2454,'06592','Xã Đông Quan',143),(2455,'06595','Xã Minh Hiệp',143),(2456,'06598','Xã Hữu Lân',143),(2457,'06601','Xã Lợi Bác',143),(2458,'06604','Xã Nam Quan',143),(2459,'06607','Xã Xuân Dương',143),(2460,'06610','Xã Ái Quốc',143),(2461,'06613','Thị trấn Đình Lập',144),(2462,'06616','Thị trấn NT Thái Bình',144),(2463,'06619','Xã Bắc Xa',144),(2464,'06622','Xã Bính Xá',144),(2465,'06625','Xã Kiên Mộc',144),(2466,'06628','Xã Đình Lập',144),(2467,'06631','Xã Thái Bình',144),(2468,'06634','Xã Cường Lợi',144),(2469,'06637','Xã Châu Sơn',144),(2470,'06640','Xã Lâm Ca',144),(2471,'06643','Xã Đồng Thắng',144),(2472,'06646','Xã Bắc Lãng',144),(2473,'06649','Phường Hà Khánh',145),(2474,'06652','Phường Hà Phong',145),(2475,'06655','Phường Hà Khẩu',145),(2476,'06658','Phường Cao Xanh',145),(2477,'06661','Phường Giếng Đáy',145),(2478,'06664','Phường Hà Tu',145),(2479,'06667','Phường Hà Trung',145),(2480,'06670','Phường Hà Lầm',145),(2481,'06673','Phường Bãi Cháy',145),(2482,'06676','Phường Cao Thắng',145),(2483,'06679','Phường Hùng Thắng',145),(2484,'06682','Phường Yết Kiêu',145),(2485,'06685','Phường Trần Hưng Đạo',145),(2486,'06688','Phường Hồng Hải',145),(2487,'06691','Phường Hồng Gai',145),(2488,'06694','Phường Bạch Đằng',145),(2489,'06697','Phường Hồng Hà',145),(2490,'06700','Phường Tuần Châu',145),(2491,'06703','Phường Việt Hưng',145),(2492,'06706','Phường Đại Yên',145),(2493,'07030','Phường Hoành Bồ',145),(2494,'07033','Xã Kỳ Thượng',145),(2495,'07036','Xã Đồng Sơn',145),(2496,'07039','Xã Tân Dân',145),(2497,'07042','Xã Đồng Lâm',145),(2498,'07045','Xã Hòa Bình',145),(2499,'07048','Xã Vũ Oai',145),(2500,'07051','Xã Dân Chủ',145),(2501,'07054','Xã Quảng La',145),(2502,'07057','Xã Bằng Cả',145),(2503,'07060','Xã Thống Nhất',145),(2504,'07063','Xã Sơn Dương',145),(2505,'07066','Xã Lê Lợi',145),(2506,'06709','Phường Ka Long',146),(2507,'06712','Phường Trần Phú',146),(2508,'06715','Phường Ninh Dương',146),(2509,'06718','Phường Hoà Lạc',146),(2510,'06721','Phường Trà Cổ',146),(2511,'06724','Xã Hải Sơn',146),(2512,'06727','Xã Bắc Sơn',146),(2513,'06730','Xã Hải Đông',146),(2514,'06733','Xã Hải Tiến',146),(2515,'06736','Phường Hải Yên',146),(2516,'06739','Xã Quảng Nghĩa',146),(2517,'06742','Phường Hải Hoà',146),(2518,'06745','Xã Hải Xuân',146),(2519,'06748','Xã Vạn Ninh',146),(2520,'06751','Phường Bình Ngọc',146),(2521,'06754','Xã Vĩnh Trung',146),(2522,'06757','Xã Vĩnh Thực',146),(2523,'06760','Phường Mông Dương',147),(2524,'06763','Phường Cửa Ông',147),(2525,'06766','Phường Cẩm Sơn',147),(2526,'06769','Phường Cẩm Đông',147),(2527,'06772','Phường Cẩm Phú',147),(2528,'06775','Phường Cẩm Tây',147),(2529,'06778','Phường Quang Hanh',147),(2530,'06781','Phường Cẩm Thịnh',147),(2531,'06784','Phường Cẩm Thủy',147),(2532,'06787','Phường Cẩm Thạch',147),(2533,'06790','Phường Cẩm Thành',147),(2534,'06793','Phường Cẩm Trung',147),(2535,'06796','Phường Cẩm Bình',147),(2536,'06799','Xã Cộng Hòa',147),(2537,'06802','Xã Cẩm Hải',147),(2538,'06805','Xã Dương Huy',147),(2539,'06808','Phường Vàng Danh',148),(2540,'06811','Phường Thanh Sơn',148),(2541,'06814','Phường Bắc Sơn',148),(2542,'06817','Phường Quang Trung',148),(2543,'06820','Phường Trưng Vương',148),(2544,'06823','Phường Nam Khê',148),(2545,'06826','Phường Yên Thanh',148),(2546,'06829','Xã Thượng Yên Công',148),(2547,'06832','Phường Phương Đông',148),(2548,'06835','Phường Phương Nam',148),(2549,'06838','Thị trấn Bình Liêu',149),(2550,'06841','Xã Hoành Mô',149),(2551,'06844','Xã Đồng Tâm',149),(2552,'06847','Xã Đồng Văn',149),(2553,'06853','Xã Vô Ngại',149),(2554,'06856','Xã Lục Hồn',149),(2555,'06859','Xã Húc Động',149),(2556,'06862','Thị trấn Tiên Yên',150),(2557,'06865','Xã Hà Lâu',150),(2558,'06868','Xã Đại Dực',150),(2559,'06871','Xã Phong Dụ',150),(2560,'06874','Xã Điền Xá',150),(2561,'06877','Xã Đông Ngũ',150),(2562,'06880','Xã Yên Than',150),(2563,'06883','Xã Đông Hải',150),(2564,'06886','Xã Hải Lạng',150),(2565,'06889','Xã Tiên Lãng',150),(2566,'06892','Xã Đồng Rui',150),(2567,'06895','Thị trấn Đầm Hà',151),(2568,'06898','Xã Quảng Lâm',151),(2569,'06901','Xã Quảng An',151),(2570,'06904','Xã Tân Bình',151),(2571,'06910','Xã Dực Yên',151),(2572,'06913','Xã Quảng Tân',151),(2573,'06916','Xã Đầm Hà',151),(2574,'06917','Xã Tân Lập',151),(2575,'06919','Xã Đại Bình',151),(2576,'06922','Thị trấn Quảng Hà',152),(2577,'06925','Xã Quảng Đức',152),(2578,'06928','Xã Quảng Sơn',152),(2579,'06931','Xã Quảng Thành',152),(2580,'06937','Xã Quảng Thịnh',152),(2581,'06940','Xã Quảng Minh',152),(2582,'06943','Xã Quảng Chính',152),(2583,'06946','Xã Quảng Long',152),(2584,'06949','Xã Đường Hoa',152),(2585,'06952','Xã Quảng Phong',152),(2586,'06967','Xã Cái Chiên',152),(2587,'06970','Thị trấn Ba Chẽ',153),(2588,'06973','Xã Thanh Sơn',153),(2589,'06976','Xã Thanh Lâm',153),(2590,'06979','Xã Đạp Thanh',153),(2591,'06982','Xã Nam Sơn',153),(2592,'06985','Xã Lương Mông',153),(2593,'06988','Xã Đồn Đạc',153),(2594,'06991','Xã Minh Cầm',153),(2595,'06994','Thị trấn Cái Rồng',154),(2596,'06997','Xã Đài Xuyên',154),(2597,'07000','Xã Bình Dân',154),(2598,'07003','Xã Vạn Yên',154),(2599,'07006','Xã Minh Châu',154),(2600,'07009','Xã Đoàn Kết',154),(2601,'07012','Xã Hạ Long',154),(2602,'07015','Xã Đông Xá',154),(2603,'07018','Xã Bản Sen',154),(2604,'07021','Xã Thắng Lợi',154),(2605,'07024','Xã Quan Lạn',154),(2606,'07027','Xã Ngọc Vừng',154),(2607,'07069','Phường Mạo Khê',155),(2608,'07072','Phường Đông Triều',155),(2609,'07075','Xã An Sinh',155),(2610,'07078','Xã Tràng Lương',155),(2611,'07081','Xã Bình Khê',155),(2612,'07084','Xã Việt Dân',155),(2613,'07087','Xã Tân Việt',155),(2614,'07090','Xã Bình Dương',155),(2615,'07093','Phường Đức Chính',155),(2616,'07096','Phường Tràng An',155),(2617,'07099','Xã Nguyễn Huệ',155),(2618,'07102','Xã Thủy An',155),(2619,'07105','Phường Xuân Sơn',155),(2620,'07108','Xã Hồng Thái Tây',155),(2621,'07111','Xã Hồng Thái Đông',155),(2622,'07114','Phường Hoàng Quế',155),(2623,'07117','Phường Yên Thọ',155),(2624,'07120','Phường Hồng Phong',155),(2625,'07123','Phường Kim Sơn',155),(2626,'07126','Phường Hưng Đạo',155),(2627,'07129','Xã Yên Đức',155),(2628,'07132','Phường Quảng Yên',156),(2629,'07135','Phường Đông Mai',156),(2630,'07138','Phường Minh Thành',156),(2631,'07144','Xã Sông Khoai',156),(2632,'07147','Xã Hiệp Hòa',156),(2633,'07150','Phường Cộng Hòa',156),(2634,'07153','Xã Tiền An',156),(2635,'07156','Xã Hoàng Tân',156),(2636,'07159','Phường Tân An',156),(2637,'07162','Phường Yên Giang',156),(2638,'07165','Phường Nam Hoà',156),(2639,'07168','Phường Hà An',156),(2640,'07171','Xã Cẩm La',156),(2641,'07174','Phường Phong Hải',156),(2642,'07177','Phường Yên Hải',156),(2643,'07180','Xã Liên Hòa',156),(2644,'07183','Phường Phong Cốc',156),(2645,'07186','Xã Liên Vị',156),(2646,'07189','Xã Tiền Phong',156),(2647,'07192','Thị trấn Cô Tô',157),(2648,'07195','Xã Đồng Tiến',157),(2649,'07198','Xã Thanh Lân',157),(2650,'07201','Phường Thọ Xương',158),(2651,'07204','Phường Trần Nguyên Hãn',158),(2652,'07207','Phường Ngô Quyền',158),(2653,'07210','Phường Hoàng Văn Thụ',158),(2654,'07213','Phường Trần Phú',158),(2655,'07216','Phường Mỹ Độ',158),(2656,'07219','Phường Lê Lợi',158),(2657,'07222','Xã Song Mai',158),(2658,'07225','Phường Xương Giang',158),(2659,'07228','Phường Đa Mai',158),(2660,'07231','Phường Dĩnh Kế',158),(2661,'07441','Xã Dĩnh Trì',158),(2662,'07687','Xã Tân Mỹ',158),(2663,'07696','Xã Đồng Sơn',158),(2664,'07699','Xã Tân Tiến',158),(2665,'07705','Xã Song Khê',158),(2666,'07243','Xã Đồng Tiến',159),(2667,'07246','Xã Canh Nậu',159),(2668,'07249','Xã Xuân Lương',159),(2669,'07252','Xã Tam Tiến',159),(2670,'07255','Xã Đồng Vương',159),(2671,'07258','Xã Đồng Hưu',159),(2672,'07260','Xã Đồng Tâm',159),(2673,'07261','Xã Tam Hiệp',159),(2674,'07264','Xã Tiến Thắng',159),(2675,'07267','Xã Hồng Kỳ',159),(2676,'07270','Xã Đồng Lạc',159),(2677,'07273','Xã Đông Sơn',159),(2678,'07276','Xã Tân Hiệp',159),(2679,'07279','Xã Hương Vĩ',159),(2680,'07282','Xã Đồng Kỳ',159),(2681,'07285','Xã An Thượng',159),(2682,'07288','Thị trấn Phồn Xương',159),(2683,'07291','Xã Tân Sỏi',159),(2684,'07294','Thị trấn Bố Hạ',159),(2685,'07303','Xã Lan Giới',160),(2686,'07306','Thị trấn Nhã Nam',160),(2687,'07309','Xã Tân Trung',160),(2688,'07312','Xã Đại Hóa',160),(2689,'07315','Xã Quang Tiến',160),(2690,'07318','Xã Phúc Sơn',160),(2691,'07321','Xã An Dương',160),(2692,'07324','Xã Phúc Hòa',160),(2693,'07327','Xã Liên Sơn',160),(2694,'07330','Xã Hợp Đức',160),(2695,'07333','Xã Lam Cốt',160),(2696,'07336','Xã Cao Xá',160),(2697,'07339','Thị trấn Cao Thượng',160),(2698,'07342','Xã Việt Ngọc',160),(2699,'07345','Xã Song Vân',160),(2700,'07348','Xã Ngọc Châu',160),(2701,'07351','Xã Ngọc Vân',160),(2702,'07354','Xã Việt Lập',160),(2703,'07357','Xã Liên Chung',160),(2704,'07360','Xã Ngọc Thiện',160),(2705,'07363','Xã Ngọc Lý',160),(2706,'07366','Xã Quế Nham',160),(2707,'07375','Thị trấn Vôi',161),(2708,'07378','Xã Nghĩa Hòa',161),(2709,'07381','Xã Nghĩa Hưng',161),(2710,'07384','Xã Quang Thịnh',161),(2711,'07387','Xã Hương Sơn',161),(2712,'07390','Xã Đào Mỹ',161),(2713,'07393','Xã Tiên Lục',161),(2714,'07396','Xã An Hà',161),(2715,'07399','Thị trấn Kép',161),(2716,'07402','Xã Mỹ Hà',161),(2717,'07405','Xã Hương Lạc',161),(2718,'07408','Xã Dương Đức',161),(2719,'07411','Xã Tân Thanh',161),(2720,'07414','Xã Yên Mỹ',161),(2721,'07417','Xã Tân Hưng',161),(2722,'07420','Xã Mỹ Thái',161),(2723,'07426','Xã Xương Lâm',161),(2724,'07429','Xã Xuân Hương',161),(2725,'07432','Xã Tân Dĩnh',161),(2726,'07435','Xã Đại Lâm',161),(2727,'07438','Xã Thái Đào',161),(2728,'07444','Thị trấn Đồi Ngô',162),(2729,'07450','Xã Đông Hưng',162),(2730,'07453','Xã Đông Phú',162),(2731,'07456','Xã Tam Dị',162),(2732,'07459','Xã Bảo Sơn',162),(2733,'07462','Xã Bảo Đài',162),(2734,'07465','Xã Thanh Lâm',162),(2735,'07468','Xã Tiên Nha',162),(2736,'07471','Xã Trường Giang',162),(2737,'07477','Xã Phương Sơn',162),(2738,'07480','Xã Chu Điện',162),(2739,'07483','Xã Cương Sơn',162),(2740,'07486','Xã Nghĩa Phương',162),(2741,'07489','Xã Vô Tranh',162),(2742,'07492','Xã Bình Sơn',162),(2743,'07495','Xã Lan Mẫu',162),(2744,'07498','Xã Yên Sơn',162),(2745,'07501','Xã Khám Lạng',162),(2746,'07504','Xã Huyền Sơn',162),(2747,'07507','Xã Trường Sơn',162),(2748,'07510','Xã Lục Sơn',162),(2749,'07513','Xã Bắc Lũng',162),(2750,'07516','Xã Vũ Xá',162),(2751,'07519','Xã Cẩm Lý',162),(2752,'07522','Xã Đan Hội',162),(2753,'07525','Thị trấn Chũ',163),(2754,'07528','Xã Cấm Sơn',163),(2755,'07531','Xã Tân Sơn',163),(2756,'07534','Xã Phong Minh',163),(2757,'07537','Xã Phong Vân',163),(2758,'07540','Xã Xa Lý',163),(2759,'07543','Xã Hộ Đáp',163),(2760,'07546','Xã Sơn Hải',163),(2761,'07549','Xã Thanh Hải',163),(2762,'07552','Xã Kiên Lao',163),(2763,'07555','Xã Biên Sơn',163),(2764,'07558','Xã Kiên Thành',163),(2765,'07561','Xã Hồng Giang',163),(2766,'07564','Xã Kim Sơn',163),(2767,'07567','Xã Tân Hoa',163),(2768,'07570','Xã Giáp Sơn',163),(2769,'07573','Xã Biển Động',163),(2770,'07576','Xã Quý Sơn',163),(2771,'07579','Xã Trù Hựu',163),(2772,'07582','Xã Phì Điền',163),(2773,'07588','Xã Tân Quang',163),(2774,'07591','Xã Đồng Cốc',163),(2775,'07594','Xã Tân Lập',163),(2776,'07597','Xã Phú Nhuận',163),(2777,'07600','Xã Mỹ An',163),(2778,'07603','Xã Nam Dương',163),(2779,'07606','Xã Tân Mộc',163),(2780,'07609','Xã Đèo Gia',163),(2781,'07612','Xã Phượng Sơn',163),(2782,'07615','Thị trấn An Châu',164),(2783,'07616','Thị trấn Tây Yên Tử',164),(2784,'07621','Xã Vân Sơn',164),(2785,'07624','Xã Hữu Sản',164),(2786,'07627','Xã Đại Sơn',164),(2787,'07630','Xã Phúc Sơn',164),(2788,'07636','Xã Giáo Liêm',164),(2789,'07642','Xã Cẩm Đàn',164),(2790,'07645','Xã An Lạc',164),(2791,'07648','Xã Vĩnh An',164),(2792,'07651','Xã Yên Định',164),(2793,'07654','Xã Lệ Viễn',164),(2794,'07660','Xã An Bá',164),(2795,'07663','Xã Tuấn Đạo',164),(2796,'07666','Xã Dương Hưu',164),(2797,'07672','Xã Long Sơn',164),(2798,'07678','Xã Thanh Luận',164),(2799,'07681','Thị trấn Nham Biền',165),(2800,'07682','Thị trấn Tân An',165),(2801,'07684','Xã Lão Hộ',165),(2802,'07690','Xã Hương Gián',165),(2803,'07702','Xã Quỳnh Sơn',165),(2804,'07708','Xã Nội Hoàng',165),(2805,'07711','Xã Tiền Phong',165),(2806,'07714','Xã Xuân Phú',165),(2807,'07717','Xã Tân Liễu',165),(2808,'07720','Xã Trí Yên',165),(2809,'07723','Xã Lãng Sơn',165),(2810,'07726','Xã Yên Lư',165),(2811,'07729','Xã Tiến Dũng',165),(2812,'07735','Xã Đức Giang',165),(2813,'07738','Xã Cảnh Thụy',165),(2814,'07741','Xã Tư Mại',165),(2815,'07747','Xã Đồng Việt',165),(2816,'07750','Xã Đồng Phúc',165),(2817,'07759','Xã Thượng Lan',166),(2818,'07762','Xã Việt Tiến',166),(2819,'07765','Xã Nghĩa Trung',166),(2820,'07768','Xã Minh Đức',166),(2821,'07771','Xã Hương Mai',166),(2822,'07774','Xã Tự Lạn',166),(2823,'07777','Thị trấn Bích Động',166),(2824,'07780','Xã Trung Sơn',166),(2825,'07783','Xã Hồng Thái',166),(2826,'07786','Xã Tiên Sơn',166),(2827,'07789','Xã Tăng Tiến',166),(2828,'07792','Xã Quảng Minh',166),(2829,'07795','Thị trấn Nếnh',166),(2830,'07798','Xã Ninh Sơn',166),(2831,'07801','Xã Vân Trung',166),(2832,'07804','Xã Vân Hà',166),(2833,'07807','Xã Quang Châu',166),(2834,'07813','Xã Đồng Tân',167),(2835,'07816','Xã Thanh Vân',167),(2836,'07819','Xã Hoàng Lương',167),(2837,'07822','Xã Hoàng Vân',167),(2838,'07825','Xã Hoàng Thanh',167),(2839,'07828','Xã Hoàng An',167),(2840,'07831','Xã Ngọc Sơn',167),(2841,'07834','Xã Thái Sơn',167),(2842,'07837','Xã Hòa Sơn',167),(2843,'07840','Thị trấn Thắng',167),(2844,'07843','Xã Quang Minh',167),(2845,'07846','Xã Lương Phong',167),(2846,'07849','Xã Hùng Sơn',167),(2847,'07852','Xã Đại Thành',167),(2848,'07855','Xã Thường Thắng',167),(2849,'07858','Xã Hợp Thịnh',167),(2850,'07861','Xã Danh Thắng',167),(2851,'07864','Xã Mai Trung',167),(2852,'07867','Xã Đoan Bái',167),(2853,'07870','Xã Bắc Lý',167),(2854,'07873','Xã Xuân Cẩm',167),(2855,'07876','Xã Hương Lâm',167),(2856,'07879','Xã Đông Lỗ',167),(2857,'07882','Xã Châu Minh',167),(2858,'07885','Xã Mai Đình',167),(2859,'07888','Phường Dữu Lâu',168),(2860,'07891','Phường Vân Cơ',168),(2861,'07894','Phường Nông Trang',168),(2862,'07897','Phường Tân Dân',168),(2863,'07900','Phường Gia Cẩm',168),(2864,'07903','Phường Tiên Cát',168),(2865,'07906','Phường Thọ Sơn',168),(2866,'07909','Phường Thanh Miếu',168),(2867,'07912','Phường Bạch Hạc',168),(2868,'07915','Phường Bến Gót',168),(2869,'07918','Phường Vân Phú',168),(2870,'07921','Xã Phượng Lâu',168),(2871,'07924','Xã Thụy Vân',168),(2872,'07927','Phường Minh Phương',168),(2873,'07930','Xã Trưng Vương',168),(2874,'07933','Phường Minh Nông',168),(2875,'07936','Xã Sông Lô',168),(2876,'08281','Xã Kim Đức',168),(2877,'08287','Xã Hùng Lô',168),(2878,'08503','Xã Hy Cương',168),(2879,'08506','Xã Chu Hóa',168),(2880,'08515','Xã Thanh Đình',168),(2881,'07942','Phường Hùng Vương',169),(2882,'07945','Phường Phong Châu',169),(2883,'07948','Phường Âu Cơ',169),(2884,'07951','Xã Hà Lộc',169),(2885,'07954','Xã Phú Hộ',169),(2886,'07957','Xã Văn Lung',169),(2887,'07960','Xã Thanh Minh',169),(2888,'07963','Xã Hà Thạch',169),(2889,'07966','Phường Thanh Vinh',169),(2890,'07969','Thị trấn Đoan Hùng',170),(2891,'07975','Xã Hùng Xuyên',170),(2892,'07981','Xã Bằng Luân',170),(2893,'07984','Xã Vân Du',170),(2894,'07987','Xã Phú Lâm',170),(2895,'07993','Xã Minh Lương',170),(2896,'07996','Xã Bằng Doãn',170),(2897,'07999','Xã Chí Đám',170),(2898,'08005','Xã Phúc Lai',170),(2899,'08008','Xã Ngọc Quan',170),(2900,'08014','Xã Hợp Nhất',170),(2901,'08017','Xã Sóc Đăng',170),(2902,'08023','Xã Tây Cốc',170),(2903,'08026','Xã Yên Kiện',170),(2904,'08029','Xã Hùng Long',170),(2905,'08032','Xã Vụ Quang',170),(2906,'08035','Xã Vân Đồn',170),(2907,'08038','Xã Tiêu Sơn',170),(2908,'08041','Xã Minh Tiến',170),(2909,'08044','Xã Minh Phú',170),(2910,'08047','Xã Chân Mộng',170),(2911,'08050','Xã Ca Đình',170),(2912,'08053','Thị trấn Hạ Hoà',171),(2913,'08056','Xã Đại Phạm',171),(2914,'08062','Xã Đan Thượng',171),(2915,'08065','Xã Hà Lương',171),(2916,'08071','Xã Tứ Hiệp',171),(2917,'08080','Xã Hiền Lương',171),(2918,'08089','Xã Phương Viên',171),(2919,'08092','Xã Gia Điền',171),(2920,'08095','Xã Ấm Hạ',171),(2921,'08104','Xã Hương Xạ',171),(2922,'08110','Xã Xuân Áng',171),(2923,'08113','Xã Yên Kỳ',171),(2924,'08119','Xã Minh Hạc',171),(2925,'08122','Xã Lang Sơn',171),(2926,'08125','Xã Bằng Giã',171),(2927,'08128','Xã Yên Luật',171),(2928,'08131','Xã Vô Tranh',171),(2929,'08134','Xã Văn Lang',171),(2930,'08140','Xã Minh Côi',171),(2931,'08143','Xã Vĩnh Chân',171),(2932,'08152','Thị trấn Thanh Ba',172),(2933,'08156','Xã Vân Lĩnh',172),(2934,'08158','Xã Đông Lĩnh',172),(2935,'08161','Xã Đại An',172),(2936,'08164','Xã Hanh Cù',172),(2937,'08170','Xã Đồng Xuân',172),(2938,'08173','Xã Quảng Yên',172),(2939,'08179','Xã Ninh Dân',172),(2940,'08194','Xã Võ Lao',172),(2941,'08197','Xã Khải Xuân',172),(2942,'08200','Xã Mạn Lạn',172),(2943,'08203','Xã Hoàng Cương',172),(2944,'08206','Xã Chí Tiên',172),(2945,'08209','Xã Đông Thành',172),(2946,'08215','Xã Sơn Cương',172),(2947,'08218','Xã Thanh Hà',172),(2948,'08221','Xã Đỗ Sơn',172),(2949,'08224','Xã Đỗ Xuyên',172),(2950,'08227','Xã Lương Lỗ',172),(2951,'08230','Thị trấn Phong Châu',173),(2952,'08233','Xã Phú Mỹ',173),(2953,'08234','Xã Lệ Mỹ',173),(2954,'08236','Xã Liên Hoa',173),(2955,'08239','Xã Trạm Thản',173),(2956,'08242','Xã Trị Quận',173),(2957,'08245','Xã Trung Giáp',173),(2958,'08248','Xã Tiên Phú',173),(2959,'08251','Xã Hạ Giáp',173),(2960,'08254','Xã Bảo Thanh',173),(2961,'08257','Xã Phú Lộc',173),(2962,'08260','Xã Gia Thanh',173),(2963,'08263','Xã Tiên Du',173),(2964,'08266','Xã Phú Nham',173),(2965,'08272','Xã An Đạo',173),(2966,'08275','Xã Bình Phú',173),(2967,'08278','Xã Phù Ninh',173),(2968,'08290','Thị trấn Yên Lập',174),(2969,'08293','Xã Mỹ Lung',174),(2970,'08296','Xã Mỹ Lương',174),(2971,'08299','Xã Lương Sơn',174),(2972,'08302','Xã Xuân An',174),(2973,'08305','Xã Xuân Viên',174),(2974,'08308','Xã Xuân Thủy',174),(2975,'08311','Xã Trung Sơn',174),(2976,'08314','Xã Hưng Long',174),(2977,'08317','Xã Nga Hoàng',174),(2978,'08320','Xã Đồng Lạc',174),(2979,'08323','Xã Thượng Long',174),(2980,'08326','Xã Đồng Thịnh',174),(2981,'08329','Xã Phúc Khánh',174),(2982,'08332','Xã Minh Hòa',174),(2983,'08335','Xã Ngọc Lập',174),(2984,'08338','Xã Ngọc Đồng',174),(2985,'08341','Thị trấn Cẩm Khê',175),(2986,'08344','Xã Tiên Lương',175),(2987,'08347','Xã Tuy Lộc',175),(2988,'08350','Xã Ngô Xá',175),(2989,'08353','Xã Minh Tân',175),(2990,'08356','Xã Phượng Vĩ',175),(2991,'08362','Xã Thụy Liễu',175),(2992,'08374','Xã Tùng Khê',175),(2993,'08377','Xã Tam Sơn',175),(2994,'08380','Xã Văn Bán',175),(2995,'08383','Xã Cấp Dẫn',175),(2996,'08389','Xã Xương Thịnh',175),(2997,'08392','Xã Phú Khê',175),(2998,'08395','Xã Sơn Tình',175),(2999,'08398','Xã Yên Tập',175),(3000,'08401','Xã Hương Lung',175),(3001,'08404','Xã Tạ Xá',175),(3002,'08407','Xã Phú Lạc',175),(3003,'08413','Xã Chương Xá',175),(3004,'08416','Xã Hùng Việt',175),(3005,'08419','Xã Văn Khúc',175),(3006,'08422','Xã Yên Dưỡng',175),(3007,'08428','Xã Điêu Lương',175),(3008,'08431','Xã Đồng Lương',175),(3009,'08434','Thị trấn Hưng Hoá',176),(3010,'08440','Xã Hiền Quan',176),(3011,'08443','Xã Bắc Sơn',176),(3012,'08446','Xã Thanh Uyên',176),(3013,'08461','Xã Lam Sơn',176),(3014,'08467','Xã Vạn Xuân',176),(3015,'08470','Xã Quang Húc',176),(3016,'08473','Xã Hương Nộn',176),(3017,'08476','Xã Tề Lễ',176),(3018,'08479','Xã Thọ Văn',176),(3019,'08482','Xã Dị Nậu',176),(3020,'08491','Xã Dân Quyền',176),(3021,'08494','Thị trấn Lâm Thao',177),(3022,'08497','Xã Tiên Kiên',177),(3023,'08498','Thị trấn Hùng Sơn',177),(3024,'08500','Xã Xuân Lũng',177),(3025,'08509','Xã Xuân Huy',177),(3026,'08512','Xã Thạch Sơn',177),(3027,'08518','Xã Sơn Vi',177),(3028,'08521','Xã Phùng Nguyên',177),(3029,'08527','Xã Cao Xá',177),(3030,'08533','Xã Vĩnh Lại',177),(3031,'08536','Xã Tứ Xã',177),(3032,'08539','Xã Bản Nguyên',177),(3033,'08542','Thị trấn Thanh Sơn',178),(3034,'08563','Xã Sơn Hùng',178),(3035,'08572','Xã Địch Quả',178),(3036,'08575','Xã Giáp Lai',178),(3037,'08581','Xã Thục Luyện',178),(3038,'08584','Xã Võ Miếu',178),(3039,'08587','Xã Thạch Khoán',178),(3040,'08602','Xã Cự Thắng',178),(3041,'08605','Xã Tất Thắng',178),(3042,'08611','Xã Văn Miếu',178),(3043,'08614','Xã Cự Đồng',178),(3044,'08623','Xã Thắng Sơn',178),(3045,'08629','Xã Tân Minh',178),(3046,'08632','Xã Hương Cần',178),(3047,'08635','Xã Khả Cửu',178),(3048,'08638','Xã Đông Cửu',178),(3049,'08641','Xã Tân Lập',178),(3050,'08644','Xã Yên Lãng',178),(3051,'08647','Xã Yên Lương',178),(3052,'08650','Xã Thượng Cửu',178),(3053,'08653','Xã Lương Nha',178),(3054,'08656','Xã Yên Sơn',178),(3055,'08659','Xã Tinh Nhuệ',178),(3056,'08662','Xã Đào Xá',179),(3057,'08665','Xã Thạch Đồng',179),(3058,'08668','Xã Xuân Lộc',179),(3059,'08671','Xã Tân Phương',179),(3060,'08674','Thị trấn Thanh Thủy',179),(3061,'08677','Xã Sơn Thủy',179),(3062,'08680','Xã Bảo Yên',179),(3063,'08683','Xã Đoan Hạ',179),(3064,'08686','Xã Đồng Trung',179),(3065,'08689','Xã Hoàng Xá',179),(3066,'08701','Xã Tu Vũ',179),(3067,'08545','Xã Thu Cúc',180),(3068,'08548','Xã Thạch Kiệt',180),(3069,'08551','Xã Thu Ngạc',180),(3070,'08554','Xã Kiệt Sơn',180),(3071,'08557','Xã Đồng Sơn',180),(3072,'08560','Xã Lai Đồng',180),(3073,'08566','Xã Tân Phú',180),(3074,'08569','Xã Mỹ Thuận',180),(3075,'08578','Xã Tân Sơn',180),(3076,'08590','Xã Xuân Đài',180),(3077,'08593','Xã Minh Đài',180),(3078,'08596','Xã Văn Luông',180),(3079,'08599','Xã Xuân Sơn',180),(3080,'08608','Xã Long Cốc',180),(3081,'08617','Xã Kim Thượng',180),(3082,'08620','Xã Tam Thanh',180),(3083,'08626','Xã Vinh Tiền',180),(3084,'08707','Phường Tích Sơn',181),(3085,'08710','Phường Liên Bảo',181),(3086,'08713','Phường Hội Hợp',181),(3087,'08716','Phường Đống Đa',181),(3088,'08719','Phường Ngô Quyền',181),(3089,'08722','Phường Đồng Tâm',181),(3090,'08725','Xã Định Trung',181),(3091,'08728','Phường Khai Quang',181),(3092,'08731','Xã Thanh Trù',181),(3093,'08734','Phường Trưng Trắc',182),(3094,'08737','Phường Hùng Vương',182),(3095,'08740','Phường Trưng Nhị',182),(3096,'08743','Phường Phúc Thắng',182),(3097,'08746','Phường Xuân Hoà',182),(3098,'08747','Phường Đồng Xuân',182),(3099,'08749','Xã Ngọc Thanh',182),(3100,'08752','Xã Cao Minh',182),(3101,'08755','Phường Nam Viêm',182),(3102,'08758','Phường Tiền Châu',182),(3103,'08761','Thị trấn Lập Thạch',183),(3104,'08764','Xã Quang Sơn',183),(3105,'08767','Xã Ngọc Mỹ',183),(3106,'08770','Xã Hợp Lý',183),(3107,'08785','Xã Bắc Bình',183),(3108,'08788','Xã Thái Hòa',183),(3109,'08789','Thị trấn Hoa Sơn',183),(3110,'08791','Xã Liễn Sơn',183),(3111,'08794','Xã Xuân Hòa',183),(3112,'08797','Xã Vân Trục',183),(3113,'08812','Xã Liên Hòa',183),(3114,'08815','Xã Tử Du',183),(3115,'08833','Xã Bàn Giản',183),(3116,'08836','Xã Xuân Lôi',183),(3117,'08839','Xã Đồng Ích',183),(3118,'08842','Xã Tiên Lữ',183),(3119,'08845','Xã Văn Quán',183),(3120,'08857','Xã Đình Chu',183),(3121,'08863','Xã Triệu Đề',183),(3122,'08866','Xã Sơn Đông',183),(3123,'08869','Thị trấn Hợp Hòa',184),(3124,'08872','Xã Hoàng Hoa',184),(3125,'08875','Xã Đồng Tĩnh',184),(3126,'08878','Xã Kim Long',184),(3127,'08881','Xã Hướng Đạo',184),(3128,'08884','Xã Đạo Tú',184),(3129,'08887','Xã An Hòa',184),(3130,'08890','Xã Thanh Vân',184),(3131,'08893','Xã Duy Phiên',184),(3132,'08896','Xã Hoàng Đan',184),(3133,'08899','Xã Hoàng Lâu',184),(3134,'08902','Xã Vân Hội',184),(3135,'08905','Xã Hợp Thịnh',184),(3136,'08908','Thị trấn Tam Đảo',185),(3137,'08911','Thị trấn Hợp Châu',185),(3138,'08914','Xã Đạo Trù',185),(3139,'08917','Xã Yên Dương',185),(3140,'08920','Xã Bồ Lý',185),(3141,'08923','Thị trấn Đại Đình',185),(3142,'08926','Xã Tam Quan',185),(3143,'08929','Xã Hồ Sơn',185),(3144,'08932','Xã Minh Quang',185),(3145,'08935','Thị trấn Hương Canh',186),(3146,'08936','Thị trấn Gia Khánh',186),(3147,'08938','Xã Trung Mỹ',186),(3148,'08944','Thị trấn Bá Hiến',186),(3149,'08947','Xã Thiện Kế',186),(3150,'08950','Xã Hương Sơn',186),(3151,'08953','Xã Tam Hợp',186),(3152,'08956','Xã Quất Lưu',186),(3153,'08959','Xã Sơn Lôi',186),(3154,'08962','Thị trấn Đạo Đức',186),(3155,'08965','Xã Tân Phong',186),(3156,'08968','Thị trấn Thanh Lãng',186),(3157,'08971','Xã Phú Xuân',186),(3158,'09025','Thị trấn Yên Lạc',187),(3159,'09028','Xã Đồng Cương',187),(3160,'09031','Xã Đồng Văn',187),(3161,'09034','Xã Bình Định',187),(3162,'09037','Xã Trung Nguyên',187),(3163,'09040','Xã Tề Lỗ',187),(3164,'09043','Xã Tam Hồng',187),(3165,'09046','Xã Yên Đồng',187),(3166,'09049','Xã Văn Tiến',187),(3167,'09052','Xã Nguyệt Đức',187),(3168,'09055','Xã Yên Phương',187),(3169,'09058','Xã Hồng Phương',187),(3170,'09061','Xã Trung Kiên',187),(3171,'09064','Xã Liên Châu',187),(3172,'09067','Xã Đại Tự',187),(3173,'09070','Xã Hồng Châu',187),(3174,'09073','Xã Trung Hà',187),(3175,'09076','Thị trấn Vĩnh Tường',188),(3176,'09079','Xã Kim Xá',188),(3177,'09082','Xã Yên Bình',188),(3178,'09085','Xã Chấn Hưng',188),(3179,'09088','Xã Nghĩa Hưng',188),(3180,'09091','Xã Yên Lập',188),(3181,'09094','Xã Việt Xuân',188),(3182,'09097','Xã Bồ Sao',188),(3183,'09100','Xã Đại Đồng',188),(3184,'09103','Xã Tân Tiến',188),(3185,'09106','Xã Lũng Hoà',188),(3186,'09109','Xã Cao Đại',188),(3187,'09112','Thị Trấn Thổ Tang',188),(3188,'09115','Xã Vĩnh Sơn',188),(3189,'09118','Xã Bình Dương',188),(3190,'09124','Xã Tân Phú',188),(3191,'09127','Xã Thượng Trưng',188),(3192,'09130','Xã Vũ Di',188),(3193,'09133','Xã Lý Nhân',188),(3194,'09136','Xã Tuân Chính',188),(3195,'09139','Xã Vân Xuân',188),(3196,'09142','Xã Tam Phúc',188),(3197,'09145','Thị trấn Tứ Trưng',188),(3198,'09148','Xã Ngũ Kiên',188),(3199,'09151','Xã An Tường',188),(3200,'09154','Xã Vĩnh Thịnh',188),(3201,'09157','Xã Phú Đa',188),(3202,'09160','Xã Vĩnh Ninh',188),(3203,'08773','Xã Lãng Công',189),(3204,'08776','Xã Quang Yên',189),(3205,'08779','Xã Bạch Lưu',189),(3206,'08782','Xã Hải Lựu',189),(3207,'08800','Xã Đồng Quế',189),(3208,'08803','Xã Nhân Đạo',189),(3209,'08806','Xã Đôn Nhân',189),(3210,'08809','Xã Phương Khoan',189),(3211,'08818','Xã Tân Lập',189),(3212,'08821','Xã Nhạo Sơn',189),(3213,'08824','Thị trấn Tam Sơn',189),(3214,'08827','Xã Như Thụy',189),(3215,'08830','Xã Yên Thạch',189),(3216,'08848','Xã Đồng Thịnh',189),(3217,'08851','Xã Tứ Yên',189),(3218,'08854','Xã Đức Bác',189),(3219,'08860','Xã Cao Phong',189),(3220,'09163','Phường Vũ Ninh',190),(3221,'09166','Phường Đáp Cầu',190),(3222,'09169','Phường Thị Cầu',190),(3223,'09172','Phường Kinh Bắc',190),(3224,'09175','Phường Vệ An',190),(3225,'09178','Phường Tiền An',190),(3226,'09181','Phường Đại Phúc',190),(3227,'09184','Phường Ninh Xá',190),(3228,'09187','Phường Suối Hoa',190),(3229,'09190','Phường Võ Cường',190),(3230,'09214','Phường Hòa Long',190),(3231,'09226','Phường Vạn An',190),(3232,'09235','Phường Khúc Xuyên',190),(3233,'09244','Phường Phong Khê',190),(3234,'09256','Phường Kim Chân',190),(3235,'09271','Phường Vân Dương',190),(3236,'09286','Phường Nam Sơn',190),(3237,'09325','Phường Khắc Niệm',190),(3238,'09331','Phường Hạp Lĩnh',190),(3239,'09193','Thị trấn Chờ',191),(3240,'09196','Xã Dũng Liệt',191),(3241,'09199','Xã Tam Đa',191),(3242,'09202','Xã Tam Giang',191),(3243,'09205','Xã Yên Trung',191),(3244,'09208','Xã Thụy Hòa',191),(3245,'09211','Xã Hòa Tiến',191),(3246,'09217','Xã Đông Tiến',191),(3247,'09220','Xã Yên Phụ',191),(3248,'09223','Xã Trung Nghĩa',191),(3249,'09229','Xã Đông Phong',191),(3250,'09232','Xã Long Châu',191),(3251,'09238','Xã Văn Môn',191),(3252,'09241','Xã Đông Thọ',191),(3253,'09247','Thị trấn Phố Mới',192),(3254,'09250','Xã Việt Thống',192),(3255,'09253','Xã Đại Xuân',192),(3256,'09259','Xã Nhân Hòa',192),(3257,'09262','Xã Bằng An',192),(3258,'09265','Xã Phương Liễu',192),(3259,'09268','Xã Quế Tân',192),(3260,'09274','Xã Phù Lương',192),(3261,'09277','Xã Phù Lãng',192),(3262,'09280','Xã Phượng Mao',192),(3263,'09283','Xã Việt Hùng',192),(3264,'09289','Xã Ngọc Xá',192),(3265,'09292','Xã Châu Phong',192),(3266,'09295','Xã Bồng Lai',192),(3267,'09298','Xã Cách Bi',192),(3268,'09301','Xã Đào Viên',192),(3269,'09304','Xã Yên Giả',192),(3270,'09307','Xã Mộ Đạo',192),(3271,'09310','Xã Đức Long',192),(3272,'09313','Xã Chi Lăng',192),(3273,'09316','Xã Hán Quảng',192),(3274,'09319','Thị trấn Lim',193),(3275,'09322','Xã Phú Lâm',193),(3276,'09328','Xã Nội Duệ',193),(3277,'09334','Xã Liên Bão',193),(3278,'09337','Xã Hiên Vân',193),(3279,'09340','Xã Hoàn Sơn',193),(3280,'09343','Xã Lạc Vệ',193),(3281,'09346','Xã Việt Đoàn',193),(3282,'09349','Xã Phật Tích',193),(3283,'09352','Xã Tân Chi',193),(3284,'09355','Xã Đại Đồng',193),(3285,'09358','Xã Tri Phương',193),(3286,'09361','Xã Minh Đạo',193),(3287,'09364','Xã Cảnh Hưng',193),(3288,'09367','Phường Đông Ngàn',194),(3289,'09370','Xã Tam Sơn',194),(3290,'09373','Xã Hương Mạc',194),(3291,'09376','Xã Tương Giang',194),(3292,'09379','Xã Phù Khê',194),(3293,'09382','Phường Đồng Kỵ',194),(3294,'09383','Phường Trang Hạ',194),(3295,'09385','Phường Đồng Nguyên',194),(3296,'09388','Phường Châu Khê',194),(3297,'09391','Phường Tân Hồng',194),(3298,'09394','Phường Đình Bảng',194),(3299,'09397','Xã Phù Chẩn',194),(3300,'09400','Thị trấn Hồ',195),(3301,'09403','Xã Hoài Thượng',195),(3302,'09406','Xã Đại Đồng Thành',195),(3303,'09409','Xã Mão Điền',195),(3304,'09412','Xã Song Hồ',195),(3305,'09415','Xã Đình Tổ',195),(3306,'09418','Xã An Bình',195),(3307,'09421','Xã Trí Quả',195),(3308,'09424','Xã Gia Đông',195),(3309,'09427','Xã Thanh Khương',195),(3310,'09430','Xã Trạm Lộ',195),(3311,'09433','Xã Xuân Lâm',195),(3312,'09436','Xã Hà Mãn',195),(3313,'09439','Xã Ngũ Thái',195),(3314,'09442','Xã Nguyệt Đức',195),(3315,'09445','Xã Ninh Xá',195),(3316,'09448','Xã Nghĩa Đạo',195),(3317,'09451','Xã Song Liễu',195),(3318,'09454','Thị trấn Gia Bình',196),(3319,'09457','Xã Vạn Ninh',196),(3320,'09460','Xã Thái Bảo',196),(3321,'09463','Xã Giang Sơn',196),(3322,'09466','Xã Cao Đức',196),(3323,'09469','Xã Đại Lai',196),(3324,'09472','Xã Song Giang',196),(3325,'09475','Xã Bình Dương',196),(3326,'09478','Xã Lãng Ngâm',196),(3327,'09481','Xã Nhân Thắng',196),(3328,'09484','Xã Xuân Lai',196),(3329,'09487','Xã Đông Cứu',196),(3330,'09490','Xã Đại Bái',196),(3331,'09493','Xã Quỳnh Phú',196),(3332,'09496','Thị trấn Thứa',197),(3333,'09499','Xã An Thịnh',197),(3334,'09502','Xã Trung Kênh',197),(3335,'09505','Xã Phú Hòa',197),(3336,'09508','Xã Mỹ Hương',197),(3337,'09511','Xã Tân Lãng',197),(3338,'09514','Xã Quảng Phú',197),(3339,'09517','Xã Trừng Xá',197),(3340,'09520','Xã Lai Hạ',197),(3341,'09523','Xã Trung Chính',197),(3342,'09526','Xã Minh Tân',197),(3343,'09529','Xã Bình Định',197),(3344,'09532','Xã Phú Lương',197),(3345,'09535','Xã Lâm Thao',197),(3346,'10507','Phường Cẩm Thượng',198),(3347,'10510','Phường Bình Hàn',198),(3348,'10513','Phường Ngọc Châu',198),(3349,'10514','Phường Nhị Châu',198),(3350,'10516','Phường Quang Trung',198),(3351,'10519','Phường Nguyễn Trãi',198),(3352,'10522','Phường Phạm Ngũ Lão',198),(3353,'10525','Phường Trần Hưng Đạo',198),(3354,'10528','Phường Trần Phú',198),(3355,'10531','Phường Thanh Bình',198),(3356,'10532','Phường Tân Bình',198),(3357,'10534','Phường Lê Thanh Nghị',198),(3358,'10537','Phường Hải Tân',198),(3359,'10540','Phường Tứ Minh',198),(3360,'10543','Phường Việt Hoà',198),(3361,'10660','Phường Ái Quốc',198),(3362,'10663','Xã An Thượng',198),(3363,'10672','Phường Nam Đồng',198),(3364,'10822','Xã Quyết Thắng',198),(3365,'10837','Xã Tiền Tiến',198),(3366,'11002','Phường Thạch Khôi',198),(3367,'11005','Xã Liên Hồng',198),(3368,'11011','Phường Tân Hưng',198),(3369,'11017','Xã Gia Xuyên',198),(3370,'11077','Xã Ngọc Sơn',198),(3371,'10546','Phường Phả Lại',199),(3372,'10549','Phường Sao Đỏ',199),(3373,'10552','Phường Bến Tắm',199),(3374,'10555','Xã Hoàng Hoa Thám',199),(3375,'10558','Xã Bắc An',199),(3376,'10561','Xã Hưng Đạo',199),(3377,'10564','Xã Lê Lợi',199),(3378,'10567','Phường Hoàng Tiến',199),(3379,'10570','Phường Cộng Hoà',199),(3380,'10573','Phường Hoàng Tân',199),(3381,'10576','Phường Cổ Thành',199),(3382,'10579','Phường Văn An',199),(3383,'10582','Phường Chí Minh',199),(3384,'10585','Phường Văn Đức',199),(3385,'10588','Phường Thái Học',199),(3386,'10591','Xã Nhân Huệ',199),(3387,'10594','Phường An Lạc',199),(3388,'10600','Phường Đồng Lạc',199),(3389,'10603','Phường Tân Dân',199),(3390,'10606','Thị trấn Nam Sách',200),(3391,'10609','Xã Nam Hưng',200),(3392,'10612','Xã Nam Tân',200),(3393,'10615','Xã Hợp Tiến',200),(3394,'10618','Xã Hiệp Cát',200),(3395,'10621','Xã Thanh Quang',200),(3396,'10624','Xã Quốc Tuấn',200),(3397,'10627','Xã Nam Chính',200),(3398,'10630','Xã An Bình',200),(3399,'10633','Xã Nam Trung',200),(3400,'10636','Xã An Sơn',200),(3401,'10639','Xã Cộng Hòa',200),(3402,'10642','Xã Thái Tân',200),(3403,'10645','Xã An Lâm',200),(3404,'10648','Xã Phú Điền',200),(3405,'10651','Xã Nam Hồng',200),(3406,'10654','Xã Hồng Phong',200),(3407,'10657','Xã Đồng Lạc',200),(3408,'10666','Xã Minh Tân',200),(3409,'10675','Phường An Lưu',201),(3410,'10678','Xã Bạch Đằng',201),(3411,'10681','Phường Thất Hùng',201),(3412,'10684','Xã Lê Ninh',201),(3413,'10687','Xã Hoành Sơn',201),(3414,'10693','Phường Phạm Thái',201),(3415,'10696','Phường Duy Tân',201),(3416,'10699','Phường Tân Dân',201),(3417,'10702','Phường Minh Tân',201),(3418,'10705','Xã Quang Thành',201),(3419,'10708','Xã Hiệp Hòa',201),(3420,'10714','Phường Phú Thứ',201),(3421,'10717','Xã Thăng Long',201),(3422,'10720','Xã Lạc Long',201),(3423,'10723','Phường An Sinh',201),(3424,'10726','Phường Hiệp Sơn',201),(3425,'10729','Xã Thượng Quận',201),(3426,'10732','Phường An Phụ',201),(3427,'10735','Phường Hiệp An',201),(3428,'10738','Phường Long Xuyên',201),(3429,'10741','Phường Thái Thịnh',201),(3430,'10744','Phường Hiến Thành',201),(3431,'10747','Xã Minh Hòa',201),(3432,'10750','Thị trấn Phú Thái',202),(3433,'10753','Xã Lai Vu',202),(3434,'10756','Xã Cộng Hòa',202),(3435,'10759','Xã Thượng Vũ',202),(3436,'10762','Xã Cổ Dũng',202),(3437,'10768','Xã Tuấn Việt',202),(3438,'10771','Xã Kim Xuyên',202),(3439,'10774','Xã Phúc Thành A',202),(3440,'10777','Xã Ngũ Phúc',202),(3441,'10780','Xã Kim Anh',202),(3442,'10783','Xã Kim Liên',202),(3443,'10786','Xã Kim Tân',202),(3444,'10792','Xã Kim Đính',202),(3445,'10798','Xã Bình Dân',202),(3446,'10801','Xã Tam Kỳ',202),(3447,'10804','Xã Đồng Cẩm',202),(3448,'10807','Xã Liên Hòa',202),(3449,'10810','Xã Đại Đức',202),(3450,'10813','Thị trấn Thanh Hà',203),(3451,'10816','Xã Hồng Lạc',203),(3452,'10819','Xã Việt Hồng',203),(3453,'10825','Xã Tân Việt',203),(3454,'10828','Xã Cẩm Chế',203),(3455,'10831','Xã Thanh An',203),(3456,'10834','Xã Thanh Lang',203),(3457,'10840','Xã Tân An',203),(3458,'10843','Xã Liên Mạc',203),(3459,'10846','Xã Thanh Hải',203),(3460,'10849','Xã Thanh Khê',203),(3461,'10852','Xã Thanh Xá',203),(3462,'10855','Xã Thanh Xuân',203),(3463,'10861','Xã Thanh Thủy',203),(3464,'10864','Xã An Phượng',203),(3465,'10867','Xã Thanh Sơn',203),(3466,'10876','Xã Thanh Quang',203),(3467,'10879','Xã Thanh Hồng',203),(3468,'10882','Xã Thanh Cường',203),(3469,'10885','Xã Vĩnh Lập',203),(3470,'10888','Thị trấn Cẩm Giang',204),(3471,'10891','Thị trấn Lai Cách',204),(3472,'10894','Xã Cẩm Hưng',204),(3473,'10897','Xã Cẩm Hoàng',204),(3474,'10900','Xã Cẩm Văn',204),(3475,'10903','Xã Ngọc Liên',204),(3476,'10906','Xã Thạch Lỗi',204),(3477,'10909','Xã Cẩm Vũ',204),(3478,'10912','Xã Đức Chính',204),(3479,'10918','Xã Định Sơn',204),(3480,'10924','Xã Lương Điền',204),(3481,'10927','Xã Cao An',204),(3482,'10930','Xã Tân Trường',204),(3483,'10933','Xã Cẩm Phúc',204),(3484,'10936','Xã Cẩm Điền',204),(3485,'10939','Xã Cẩm Đông',204),(3486,'10942','Xã Cẩm Đoài',204),(3487,'10945','Thị trấn Kẻ Sặt',205),(3488,'10951','Xã Vĩnh Hưng',205),(3489,'10954','Xã Hùng Thắng',205),(3490,'10960','Xã Vĩnh Hồng',205),(3491,'10963','Xã Long Xuyên',205),(3492,'10966','Xã Tân Việt',205),(3493,'10969','Xã Thúc Kháng',205),(3494,'10972','Xã Tân Hồng',205),(3495,'10975','Xã Bình Minh',205),(3496,'10978','Xã Hồng Khê',205),(3497,'10981','Xã Thái Học',205),(3498,'10984','Xã Cổ Bì',205),(3499,'10987','Xã Nhân Quyền',205),(3500,'10990','Xã Thái Dương',205),(3501,'10993','Xã Thái Hòa',205),(3502,'10996','Xã Bình Xuyên',205),(3503,'10999','Thị trấn Gia Lộc',206),(3504,'11008','Xã Thống Nhất',206),(3505,'11020','Xã Yết Kiêu',206),(3506,'11029','Xã Gia Tân',206),(3507,'11032','Xã Tân Tiến',206),(3508,'11035','Xã Gia Khánh',206),(3509,'11038','Xã Gia Lương',206),(3510,'11041','Xã Lê Lợi',206),(3511,'11044','Xã Toàn Thắng',206),(3512,'11047','Xã Hoàng Diệu',206),(3513,'11050','Xã Hồng Hưng',206),(3514,'11053','Xã Phạm Trấn',206),(3515,'11056','Xã Đoàn Thượng',206),(3516,'11059','Xã Thống Kênh',206),(3517,'11062','Xã Quang Minh',206),(3518,'11065','Xã Đồng Quang',206),(3519,'11068','Xã Nhật Tân',206),(3520,'11071','Xã Đức Xương',206),(3521,'11074','Thị trấn Tứ Kỳ',207),(3522,'11083','Xã Đại Sơn',207),(3523,'11086','Xã Hưng Đạo',207),(3524,'11089','Xã Ngọc Kỳ',207),(3525,'11092','Xã Bình Lăng',207),(3526,'11095','Xã Chí Minh',207),(3527,'11098','Xã Tái Sơn',207),(3528,'11101','Xã Quang Phục',207),(3529,'11110','Xã Dân Chủ',207),(3530,'11113','Xã Tân Kỳ',207),(3531,'11116','Xã Quang Khải',207),(3532,'11119','Xã Đại Hợp',207),(3533,'11122','Xã Quảng Nghiệp',207),(3534,'11125','Xã An Thanh',207),(3535,'11128','Xã Minh Đức',207),(3536,'11131','Xã Văn Tố',207),(3537,'11134','Xã Quang Trung',207),(3538,'11137','Xã Phượng Kỳ',207),(3539,'11140','Xã Cộng Lạc',207),(3540,'11143','Xã Tiên Động',207),(3541,'11146','Xã Nguyên Giáp',207),(3542,'11149','Xã Hà Kỳ',207),(3543,'11152','Xã Hà Thanh',207),(3544,'11155','Thị trấn Ninh Giang',208),(3545,'11161','Xã Ứng Hoè',208),(3546,'11164','Xã Nghĩa An',208),(3547,'11167','Xã Hồng Đức',208),(3548,'11173','Xã An Đức',208),(3549,'11176','Xã Vạn Phúc',208),(3550,'11179','Xã Tân Hương',208),(3551,'11185','Xã Vĩnh Hòa',208),(3552,'11188','Xã Đông Xuyên',208),(3553,'11197','Xã Tân Phong',208),(3554,'11200','Xã Ninh Hải',208),(3555,'11203','Xã Đồng Tâm',208),(3556,'11206','Xã Tân Quang',208),(3557,'11209','Xã Kiến Quốc',208),(3558,'11215','Xã Hồng Dụ',208),(3559,'11218','Xã Văn Hội',208),(3560,'11224','Xã Hồng Phong',208),(3561,'11227','Xã Hiệp Lực',208),(3562,'11230','Xã Hồng Phúc',208),(3563,'11233','Xã Hưng Long',208),(3564,'11239','Thị trấn Thanh Miện',209),(3565,'11242','Xã Thanh Tùng',209),(3566,'11245','Xã Phạm Kha',209),(3567,'11248','Xã Ngô Quyền',209),(3568,'11251','Xã Đoàn Tùng',209),(3569,'11254','Xã Hồng Quang',209),(3570,'11257','Xã Tân Trào',209),(3571,'11260','Xã Lam Sơn',209),(3572,'11263','Xã Đoàn Kết',209),(3573,'11266','Xã Lê Hồng',209),(3574,'11269','Xã Tứ Cường',209),(3575,'11275','Xã Ngũ Hùng',209),(3576,'11278','Xã Cao Thắng',209),(3577,'11281','Xã Chi Lăng Bắc',209),(3578,'11284','Xã Chi Lăng Nam',209),(3579,'11287','Xã Thanh Giang',209),(3580,'11293','Xã Hồng Phong',209),(3581,'11296','Phường Quán Toan',210),(3582,'11299','Phường Hùng Vương',210),(3583,'11302','Phường Sở Dầu',210),(3584,'11305','Phường Thượng Lý',210),(3585,'11308','Phường Hạ Lý',210),(3586,'11311','Phường Minh Khai',210),(3587,'11314','Phường Trại Chuối',210),(3588,'11320','Phường Hoàng Văn Thụ',210),(3589,'11323','Phường Phan Bội Châu',210),(3590,'11329','Phường Máy Chai',211),(3591,'11332','Phường Máy Tơ',211),(3592,'11335','Phường Vạn Mỹ',211),(3593,'11338','Phường Cầu Tre',211),(3594,'11341','Phường Lạc Viên',211),(3595,'11347','Phường Gia Viên',211),(3596,'11350','Phường Đông Khê',211),(3597,'11353','Phường Cầu Đất',211),(3598,'11356','Phường Lê Lợi',211),(3599,'11359','Phường Đằng Giang',211),(3600,'11362','Phường Lạch Tray',211),(3601,'11365','Phường Đổng Quốc Bình',211),(3602,'11368','Phường Cát Dài',212),(3603,'11371','Phường An Biên',212),(3604,'11374','Phường Lam Sơn',212),(3605,'11377','Phường An Dương',212),(3606,'11380','Phường Trần Nguyên Hãn',212),(3607,'11383','Phường Hồ Nam',212),(3608,'11386','Phường Trại Cau',212),(3609,'11389','Phường Dư Hàng',212),(3610,'11392','Phường Hàng Kênh',212),(3611,'11395','Phường Đông Hải',212),(3612,'11398','Phường Niệm Nghĩa',212),(3613,'11401','Phường Nghĩa Xá',212),(3614,'11404','Phường Dư Hàng Kênh',212),(3615,'11405','Phường Kênh Dương',212),(3616,'11407','Phường Vĩnh Niệm',212),(3617,'11410','Phường Đông Hải 1',213),(3618,'11411','Phường Đông Hải 2',213),(3619,'11413','Phường Đằng Lâm',213),(3620,'11414','Phường Thành Tô',213),(3621,'11416','Phường Đằng Hải',213),(3622,'11419','Phường Nam Hải',213),(3623,'11422','Phường Cát Bi',213),(3624,'11425','Phường Tràng Cát',213),(3625,'11428','Phường Quán Trữ',214),(3626,'11429','Phường Lãm Hà',214),(3627,'11431','Phường Đồng Hoà',214),(3628,'11434','Phường Bắc Sơn',214),(3629,'11437','Phường Nam Sơn',214),(3630,'11440','Phường Ngọc Sơn',214),(3631,'11443','Phường Trần Thành Ngọ',214),(3632,'11446','Phường Văn Đẩu',214),(3633,'11449','Phường Phù Liễn',214),(3634,'11452','Phường Tràng Minh',214),(3635,'11455','Phường Ngọc Xuyên',215),(3636,'11458','Phường Hải Sơn',215),(3637,'11461','Phường Vạn Hương',215),(3638,'11465','Phường Minh Đức',215),(3639,'11467','Phường Bàng La',215),(3640,'11737','Phường Hợp Đức',215),(3641,'11683','Phường Đa Phúc',216),(3642,'11686','Phường Hưng Đạo',216),(3643,'11689','Phường Anh Dũng',216),(3644,'11692','Phường Hải Thành',216),(3645,'11707','Phường Hoà Nghĩa',216),(3646,'11740','Phường Tân Thành',216),(3647,'11470','Thị trấn Núi Đèo',217),(3648,'11473','Thị trấn Minh Đức',217),(3649,'11476','Xã Lại Xuân',217),(3650,'11479','Xã An Sơn',217),(3651,'11482','Xã Kỳ Sơn',217),(3652,'11485','Xã Liên Khê',217),(3653,'11488','Xã Lưu Kiếm',217),(3654,'11491','Xã Lưu Kỳ',217),(3655,'11494','Xã Gia Minh',217),(3656,'11497','Xã Gia Đức',217),(3657,'11500','Xã Minh Tân',217),(3658,'11503','Xã Phù Ninh',217),(3659,'11506','Xã Quảng Thanh',217),(3660,'11509','Xã Chính Mỹ',217),(3661,'11512','Xã Kênh Giang',217),(3662,'11515','Xã Hợp Thành',217),(3663,'11518','Xã Cao Nhân',217),(3664,'11521','Xã Mỹ Đồng',217),(3665,'11524','Xã Đông Sơn',217),(3666,'11527','Xã Hoà Bình',217),(3667,'11530','Xã Trung Hà',217),(3668,'11533','Xã An Lư',217),(3669,'11536','Xã Thuỷ Triều',217),(3670,'11539','Xã Ngũ Lão',217),(3671,'11542','Xã Phục Lễ',217),(3672,'11545','Xã Tam Hưng',217),(3673,'11548','Xã Phả Lễ',217),(3674,'11551','Xã Lập Lễ',217),(3675,'11554','Xã Kiền Bái',217),(3676,'11557','Xã Thiên Hương',217),(3677,'11560','Xã Thuỷ Sơn',217),(3678,'11563','Xã Thuỷ Đường',217),(3679,'11566','Xã Hoàng Động',217),(3680,'11569','Xã Lâm Động',217),(3681,'11572','Xã Hoa Động',217),(3682,'11575','Xã Tân Dương',217),(3683,'11578','Xã Dương Quan',217),(3684,'11581','Thị trấn An Dương',218),(3685,'11584','Xã Lê Thiện',218),(3686,'11587','Xã Đại Bản',218),(3687,'11590','Xã An Hoà',218),(3688,'11593','Xã Hồng Phong',218),(3689,'11596','Xã Tân Tiến',218),(3690,'11599','Xã An Hưng',218),(3691,'11602','Xã An Hồng',218),(3692,'11605','Xã Bắc Sơn',218),(3693,'11608','Xã Nam Sơn',218),(3694,'11611','Xã Lê Lợi',218),(3695,'11614','Xã Đặng Cương',218),(3696,'11617','Xã Đồng Thái',218),(3697,'11620','Xã Quốc Tuấn',218),(3698,'11623','Xã An Đồng',218),(3699,'11626','Xã Hồng Thái',218),(3700,'11629','Thị trấn An Lão',219),(3701,'11632','Xã Bát Trang',219),(3702,'11635','Xã Trường Thọ',219),(3703,'11638','Xã Trường Thành',219),(3704,'11641','Xã An Tiến',219),(3705,'11644','Xã Quang Hưng',219),(3706,'11647','Xã Quang Trung',219),(3707,'11650','Xã Quốc Tuấn',219),(3708,'11653','Xã An Thắng',219),(3709,'11656','Thị trấn Trường Sơn',219),(3710,'11659','Xã Tân Dân',219),(3711,'11662','Xã Thái Sơn',219),(3712,'11665','Xã Tân Viên',219),(3713,'11668','Xã Mỹ Đức',219),(3714,'11671','Xã Chiến Thắng',219),(3715,'11674','Xã An Thọ',219),(3716,'11677','Xã An Thái',219),(3717,'11680','Thị trấn Núi Đối',220),(3718,'11695','Xã Đông Phương',220),(3719,'11698','Xã Thuận Thiên',220),(3720,'11701','Xã Hữu Bằng',220),(3721,'11704','Xã Đại Đồng',220),(3722,'11710','Xã Ngũ Phúc',220),(3723,'11713','Xã Kiến Quốc',220),(3724,'11716','Xã Du Lễ',220),(3725,'11719','Xã Thuỵ Hương',220),(3726,'11722','Xã Thanh Sơn',220),(3727,'11725','Xã Minh Tân',220),(3728,'11728','Xã Đại Hà',220),(3729,'11731','Xã Ngũ Đoan',220),(3730,'11734','Xã Tân Phong',220),(3731,'11743','Xã Tân Trào',220),(3732,'11746','Xã Đoàn Xá',220),(3733,'11749','Xã Tú Sơn',220),(3734,'11752','Xã Đại Hợp',220),(3735,'11755','Thị trấn Tiên Lãng',221),(3736,'11758','Xã Đại Thắng',221),(3737,'11761','Xã Tiên Cường',221),(3738,'11764','Xã Tự Cường',221),(3739,'11770','Xã Quyết Tiến',221),(3740,'11773','Xã Khởi Nghĩa',221),(3741,'11776','Xã Tiên Thanh',221),(3742,'11779','Xã Cấp Tiến',221),(3743,'11782','Xã Kiến Thiết',221),(3744,'11785','Xã Đoàn Lập',221),(3745,'11788','Xã Bạch Đằng',221),(3746,'11791','Xã Quang Phục',221),(3747,'11794','Xã Toàn Thắng',221),(3748,'11797','Xã Tiên Thắng',221),(3749,'11800','Xã Tiên Minh',221),(3750,'11803','Xã Bắc Hưng',221),(3751,'11806','Xã Nam Hưng',221),(3752,'11809','Xã Hùng Thắng',221),(3753,'11812','Xã Tây Hưng',221),(3754,'11815','Xã Đông Hưng',221),(3755,'11821','Xã Vinh Quang',221),(3756,'11824','Thị trấn Vĩnh Bảo',222),(3757,'11827','Xã Dũng Tiến',222),(3758,'11830','Xã Giang Biên',222),(3759,'11833','Xã Thắng Thuỷ',222),(3760,'11836','Xã Trung Lập',222),(3761,'11839','Xã Việt Tiến',222),(3762,'11842','Xã Vĩnh An',222),(3763,'11845','Xã Vĩnh Long',222),(3764,'11848','Xã Hiệp Hoà',222),(3765,'11851','Xã Hùng Tiến',222),(3766,'11854','Xã An Hoà',222),(3767,'11857','Xã Tân Hưng',222),(3768,'11860','Xã Tân Liên',222),(3769,'11863','Xã Nhân Hoà',222),(3770,'11866','Xã Tam Đa',222),(3771,'11869','Xã Hưng Nhân',222),(3772,'11872','Xã Vinh Quang',222),(3773,'11875','Xã Đồng Minh',222),(3774,'11878','Xã Thanh Lương',222),(3775,'11881','Xã Liên Am',222),(3776,'11884','Xã Lý Học',222),(3777,'11887','Xã Tam Cường',222),(3778,'11890','Xã Hoà Bình',222),(3779,'11893','Xã Tiền Phong',222),(3780,'11896','Xã Vĩnh Phong',222),(3781,'11899','Xã Cộng Hiền',222),(3782,'11902','Xã Cao Minh',222),(3783,'11905','Xã Cổ Am',222),(3784,'11908','Xã Vĩnh Tiến',222),(3785,'11911','Xã Trấn Dương',222),(3786,'11914','Thị trấn Cát Bà',223),(3787,'11917','Thị trấn Cát Hải',223),(3788,'11920','Xã Nghĩa Lộ',223),(3789,'11923','Xã Đồng Bài',223),(3790,'11926','Xã Hoàng Châu',223),(3791,'11929','Xã Văn Phong',223),(3792,'11932','Xã Phù Long',223),(3793,'11935','Xã Gia Luận',223),(3794,'11938','Xã Hiền Hào',223),(3795,'11941','Xã Trân Châu',223),(3796,'11944','Xã Việt Hải',223),(3797,'11947','Xã Xuân Đám',223),(3798,'11950','Phường Lam Sơn',224),(3799,'11953','Phường Hiến Nam',224),(3800,'11956','Phường An Tảo',224),(3801,'11959','Phường Lê Lợi',224),(3802,'11962','Phường Minh Khai',224),(3803,'11965','Phường Quang Trung',224),(3804,'11968','Phường Hồng Châu',224),(3805,'11971','Xã Trung Nghĩa',224),(3806,'11974','Xã Liên Phương',224),(3807,'11977','Xã Hồng Nam',224),(3808,'11980','Xã Quảng Châu',224),(3809,'11983','Xã Bảo Khê',224),(3810,'12331','Xã Phú Cường',224),(3811,'12334','Xã Hùng Cường',224),(3812,'12382','Xã Phương Chiểu',224),(3813,'12385','Xã Tân Hưng',224),(3814,'12388','Xã Hoàng Hanh',224),(3815,'11986','Thị trấn Như Quỳnh',225),(3816,'11989','Xã Lạc Đạo',225),(3817,'11992','Xã Chỉ Đạo',225),(3818,'11995','Xã Đại Đồng',225),(3819,'11998','Xã Việt Hưng',225),(3820,'12001','Xã Tân Quang',225),(3821,'12004','Xã Đình Dù',225),(3822,'12007','Xã Minh Hải',225),(3823,'12010','Xã Lương Tài',225),(3824,'12013','Xã Trưng Trắc',225),(3825,'12016','Xã Lạc Hồng',225),(3826,'12019','Thị trấn Văn Giang',226),(3827,'12022','Xã Xuân Quan',226),(3828,'12025','Xã Cửu Cao',226),(3829,'12028','Xã Phụng Công',226),(3830,'12031','Xã Nghĩa Trụ',226),(3831,'12034','Xã Long Hưng',226),(3832,'12037','Xã Vĩnh Khúc',226),(3833,'12040','Xã Liên Nghĩa',226),(3834,'12043','Xã Tân Tiến',226),(3835,'12046','Xã Thắng Lợi',226),(3836,'12049','Xã Mễ Sở',226),(3837,'12052','Thị trấn Yên Mỹ',227),(3838,'12055','Xã Giai Phạm',227),(3839,'12058','Xã Nghĩa Hiệp',227),(3840,'12061','Xã Đồng Than',227),(3841,'12064','Xã Ngọc Long',227),(3842,'12067','Xã Liêu Xá',227),(3843,'12070','Xã Hoàn Long',227),(3844,'12073','Xã Tân Lập',227),(3845,'12076','Xã Thanh Long',227),(3846,'12079','Xã Yên Phú',227),(3847,'12082','Xã Việt Cường',227),(3848,'12085','Xã Trung Hòa',227),(3849,'12088','Xã Yên Hòa',227),(3850,'12091','Xã Minh Châu',227),(3851,'12094','Xã Trung Hưng',227),(3852,'12097','Xã Lý Thường Kiệt',227),(3853,'12100','Xã Tân Việt',227),(3854,'12103','Phường Bần Yên Nhân',228),(3855,'12106','Phường Phan Đình Phùng',228),(3856,'12109','Xã Cẩm Xá',228),(3857,'12112','Xã Dương Quang',228),(3858,'12115','Xã Hòa Phong',228),(3859,'12118','Phường Nhân Hòa',228),(3860,'12121','Phường Dị Sử',228),(3861,'12124','Phường Bạch Sam',228),(3862,'12127','Phường Minh Đức',228),(3863,'12130','Phường Phùng Chí Kiên',228),(3864,'12133','Xã Xuân Dục',228),(3865,'12136','Xã Ngọc Lâm',228),(3866,'12139','Xã Hưng Long',228),(3867,'12142','Thị trấn Ân Thi',229),(3868,'12145','Xã Phù Ủng',229),(3869,'12148','Xã Bắc Sơn',229),(3870,'12151','Xã Bãi Sậy',229),(3871,'12154','Xã Đào Dương',229),(3872,'12157','Xã Tân Phúc',229),(3873,'12160','Xã Vân Du',229),(3874,'12163','Xã Quang Vinh',229),(3875,'12166','Xã Xuân Trúc',229),(3876,'12169','Xã Hoàng Hoa Thám',229),(3877,'12172','Xã Quảng Lãng',229),(3878,'12175','Xã Văn Nhuệ',229),(3879,'12178','Xã Đặng Lễ',229),(3880,'12181','Xã Cẩm Ninh',229),(3881,'12184','Xã Nguyễn Trãi',229),(3882,'12187','Xã Đa Lộc',229),(3883,'12190','Xã Hồ Tùng Mậu',229),(3884,'12193','Xã Tiền Phong',229),(3885,'12196','Xã Hồng Vân',229),(3886,'12199','Xã Hồng Quang',229),(3887,'12202','Xã Hạ Lễ',229),(3888,'12205','Thị trấn Khoái Châu',230),(3889,'12208','Xã Đông Tảo',230),(3890,'12211','Xã Bình Minh',230),(3891,'12214','Xã Dạ Trạch',230),(3892,'12217','Xã Hàm Tử',230),(3893,'12220','Xã Ông Đình',230),(3894,'12223','Xã Tân Dân',230),(3895,'12226','Xã Tứ Dân',230),(3896,'12229','Xã An Vĩ',230),(3897,'12232','Xã Đông Kết',230),(3898,'12235','Xã Bình Kiều',230),(3899,'12238','Xã Dân Tiến',230),(3900,'12241','Xã Đồng Tiến',230),(3901,'12244','Xã Hồng Tiến',230),(3902,'12247','Xã Tân Châu',230),(3903,'12250','Xã Liên Khê',230),(3904,'12253','Xã Phùng Hưng',230),(3905,'12256','Xã Việt Hòa',230),(3906,'12259','Xã Đông Ninh',230),(3907,'12262','Xã Đại Tập',230),(3908,'12265','Xã Chí Tân',230),(3909,'12268','Xã Đại Hưng',230),(3910,'12271','Xã Thuần Hưng',230),(3911,'12274','Xã Thành Công',230),(3912,'12277','Xã Nhuế Dương',230),(3913,'12280','Thị trấn Lương Bằng',231),(3914,'12283','Xã Nghĩa Dân',231),(3915,'12286','Xã Toàn Thắng',231),(3916,'12289','Xã Vĩnh Xá',231),(3917,'12292','Xã Phạm Ngũ Lão',231),(3918,'12295','Xã Thọ Vinh',231),(3919,'12298','Xã Đồng Thanh',231),(3920,'12301','Xã Song Mai',231),(3921,'12304','Xã Chính Nghĩa',231),(3922,'12307','Xã Nhân La',231),(3923,'12310','Xã Phú Thịnh',231),(3924,'12313','Xã Mai Động',231),(3925,'12316','Xã Đức Hợp',231),(3926,'12319','Xã Hùng An',231),(3927,'12322','Xã Ngọc Thanh',231),(3928,'12325','Xã Vũ Xá',231),(3929,'12328','Xã Hiệp Cường',231),(3930,'12337','Thị trấn Vương',232),(3931,'12340','Xã Hưng Đạo',232),(3932,'12343','Xã Ngô Quyền',232),(3933,'12346','Xã Nhật Tân',232),(3934,'12349','Xã Dị Chế',232),(3935,'12352','Xã Lệ Xá',232),(3936,'12355','Xã An Viên',232),(3937,'12358','Xã Đức Thắng',232),(3938,'12361','Xã Trung Dũng',232),(3939,'12364','Xã Hải Triều',232),(3940,'12367','Xã Thủ Sỹ',232),(3941,'12370','Xã Thiện Phiến',232),(3942,'12373','Xã Thụy Lôi',232),(3943,'12376','Xã Cương Chính',232),(3944,'12379','Xã Minh Phượng',232),(3945,'12391','Thị trấn Trần Cao',233),(3946,'12394','Xã Minh Tân',233),(3947,'12397','Xã Phan Sào Nam',233),(3948,'12400','Xã Quang Hưng',233),(3949,'12403','Xã Minh Hoàng',233),(3950,'12406','Xã Đoàn Đào',233),(3951,'12409','Xã Tống Phan',233),(3952,'12412','Xã Đình Cao',233),(3953,'12415','Xã Nhật Quang',233),(3954,'12418','Xã Tiền Tiến',233),(3955,'12421','Xã Tam Đa',233),(3956,'12424','Xã Minh Tiến',233),(3957,'12427','Xã Nguyên Hòa',233),(3958,'12430','Xã Tống Trân',233),(3959,'12433','Phường Lê Hồng Phong',234),(3960,'12436','Phường Bồ Xuyên',234),(3961,'12439','Phường Đề Thám',234),(3962,'12442','Phường Kỳ Bá',234),(3963,'12445','Phường Quang Trung',234),(3964,'12448','Phường Phú Khánh',234),(3965,'12451','Phường Tiền Phong',234),(3966,'12452','Phường Trần Hưng Đạo',234),(3967,'12454','Phường Trần Lãm',234),(3968,'12457','Xã Đông Hòa',234),(3969,'12460','Phường Hoàng Diệu',234),(3970,'12463','Xã Phú Xuân',234),(3971,'12466','Xã Vũ Phúc',234),(3972,'12469','Xã Vũ Chính',234),(3973,'12817','Xã Đông Mỹ',234),(3974,'12820','Xã Đông Thọ',234),(3975,'13084','Xã Vũ Đông',234),(3976,'13108','Xã Vũ Lạc',234),(3977,'13225','Xã Tân Bình',234),(3978,'12472','Thị trấn Quỳnh Côi',235),(3979,'12475','Xã An Khê',235),(3980,'12478','Xã An Đồng',235),(3981,'12481','Xã Quỳnh Hoa',235),(3982,'12484','Xã Quỳnh Lâm',235),(3983,'12487','Xã Quỳnh Thọ',235),(3984,'12490','Xã An Hiệp',235),(3985,'12493','Xã Quỳnh Hoàng',235),(3986,'12496','Xã Quỳnh Giao',235),(3987,'12499','Xã An Thái',235),(3988,'12502','Xã An Cầu',235),(3989,'12505','Xã Quỳnh Hồng',235),(3990,'12508','Xã Quỳnh Khê',235),(3991,'12511','Xã Quỳnh Minh',235),(3992,'12514','Xã An Ninh',235),(3993,'12517','Xã Quỳnh Ngọc',235),(3994,'12520','Xã Quỳnh Hải',235),(3995,'12523','Thị trấn An Bài',235),(3996,'12526','Xã An Ấp',235),(3997,'12529','Xã Quỳnh Hội',235),(3998,'12532','Xã Châu Sơn',235),(3999,'12535','Xã Quỳnh Mỹ',235),(4000,'12538','Xã An Quí',235),(4001,'12541','Xã An Thanh',235),(4002,'12547','Xã An Vũ',235),(4003,'12550','Xã An Lễ',235),(4004,'12553','Xã Quỳnh Hưng',235),(4005,'12556','Xã Quỳnh Bảo',235),(4006,'12559','Xã An Mỹ',235),(4007,'12562','Xã Quỳnh Nguyên',235),(4008,'12565','Xã An Vinh',235),(4009,'12568','Xã Quỳnh Xá',235),(4010,'12571','Xã An Dục',235),(4011,'12574','Xã Đông Hải',235),(4012,'12577','Xã Quỳnh Trang',235),(4013,'12580','Xã An Tràng',235),(4014,'12583','Xã Đồng Tiến',235),(4015,'12586','Thị trấn Hưng Hà',236),(4016,'12589','Xã Điệp Nông',236),(4017,'12592','Xã Tân Lễ',236),(4018,'12595','Xã Cộng Hòa',236),(4019,'12598','Xã Dân Chủ',236),(4020,'12601','Xã Canh Tân',236),(4021,'12604','Xã Hòa Tiến',236),(4022,'12607','Xã Hùng Dũng',236),(4023,'12610','Xã Tân Tiến',236),(4024,'12613','Thị trấn Hưng Nhân',236),(4025,'12616','Xã Đoan Hùng',236),(4026,'12619','Xã Duyên Hải',236),(4027,'12622','Xã Tân Hòa',236),(4028,'12625','Xã Văn Cẩm',236),(4029,'12628','Xã Bắc Sơn',236),(4030,'12631','Xã Đông Đô',236),(4031,'12634','Xã Phúc Khánh',236),(4032,'12637','Xã Liên Hiệp',236),(4033,'12640','Xã Tây Đô',236),(4034,'12643','Xã Thống Nhất',236),(4035,'12646','Xã Tiến Đức',236),(4036,'12649','Xã Thái Hưng',236),(4037,'12652','Xã Thái Phương',236),(4038,'12655','Xã Hòa Bình',236),(4039,'12656','Xã Chi Lăng',236),(4040,'12658','Xã Minh Khai',236),(4041,'12661','Xã Hồng An',236),(4042,'12664','Xã Kim Chung',236),(4043,'12667','Xã Hồng Lĩnh',236),(4044,'12670','Xã Minh Tân',236),(4045,'12673','Xã Văn Lang',236),(4046,'12676','Xã Độc Lập',236),(4047,'12679','Xã Chí Hòa',236),(4048,'12682','Xã Minh Hòa',236),(4049,'12685','Xã Hồng Minh',236),(4050,'12688','Thị trấn Đông Hưng',237),(4051,'12691','Xã Đô Lương',237),(4052,'12694','Xã Đông Phương',237),(4053,'12697','Xã Liên Giang',237),(4054,'12700','Xã An Châu',237),(4055,'12703','Xã Đông Sơn',237),(4056,'12706','Xã Đông Cường',237),(4057,'12709','Xã Phú Lương',237),(4058,'12712','Xã Mê Linh',237),(4059,'12715','Xã Lô Giang',237),(4060,'12718','Xã Đông La',237),(4061,'12721','Xã Minh Tân',237),(4062,'12724','Xã Đông Xá',237),(4063,'12727','Xã Chương Dương',237),(4064,'12730','Xã Nguyên Xá',237),(4065,'12733','Xã Phong Châu',237),(4066,'12736','Xã Hợp Tiến',237),(4067,'12739','Xã Hồng Việt',237),(4068,'12745','Xã Hà Giang',237),(4069,'12748','Xã Đông Kinh',237),(4070,'12751','Xã Đông Hợp',237),(4071,'12754','Xã Thăng Long',237),(4072,'12757','Xã Đông Các',237),(4073,'12760','Xã Phú Châu',237),(4074,'12763','Xã Liên Hoa',237),(4075,'12769','Xã Đông Tân',237),(4076,'12772','Xã Đông Vinh',237),(4077,'12775','Xã Đông Động',237),(4078,'12778','Xã Hồng Bạch',237),(4079,'12784','Xã Trọng Quan',237),(4080,'12790','Xã Hồng Giang',237),(4081,'12793','Xã Đông Quan',237),(4082,'12796','Xã Đông Quang',237),(4083,'12799','Xã Đông Xuân',237),(4084,'12802','Xã Đông Á',237),(4085,'12808','Xã Đông Hoàng',237),(4086,'12811','Xã Đông Dương',237),(4087,'12823','Xã Minh Phú',237),(4088,'12826','Thị trấn Diêm Điền',238),(4089,'12832','Xã Thụy Trường',238),(4090,'12841','Xã Hồng Dũng',238),(4091,'12844','Xã Thụy Quỳnh',238),(4092,'12847','Xã An Tân',238),(4093,'12850','Xã Thụy Ninh',238),(4094,'12853','Xã Thụy Hưng',238),(4095,'12856','Xã Thụy Việt',238),(4096,'12859','Xã Thụy Văn',238),(4097,'12862','Xã Thụy Xuân',238),(4098,'12865','Xã Dương Phúc',238),(4099,'12868','Xã Thụy Trình',238),(4100,'12871','Xã Thụy Bình',238),(4101,'12874','Xã Thụy Chính',238),(4102,'12877','Xã Thụy Dân',238),(4103,'12880','Xã Thụy Hải',238),(4104,'12889','Xã Thụy Liên',238),(4105,'12892','Xã Thụy Duyên',238),(4106,'12898','Xã Thụy Thanh',238),(4107,'12901','Xã Thụy Sơn',238),(4108,'12904','Xã Thụy Phong',238),(4109,'12907','Xã Thái Thượng',238),(4110,'12910','Xã Thái Nguyên',238),(4111,'12916','Xã Dương Hồng  Thủy',238),(4112,'12919','Xã Thái Giang',238),(4113,'12922','Xã Hòa An',238),(4114,'12925','Xã Sơn Hà',238),(4115,'12934','Xã Thái Phúc',238),(4116,'12937','Xã Thái Hưng',238),(4117,'12940','Xã Thái Đô',238),(4118,'12943','Xã Thái Xuyên',238),(4119,'12949','Xã  Mỹ Lộc',238),(4120,'12958','Xã Tân Học',238),(4121,'12961','Xã Thái Thịnh',238),(4122,'12964','Xã Thuần Thành',238),(4123,'12967','Xã Thái Thọ',238),(4124,'12970','Thị trấn Tiền Hải',239),(4125,'12976','Xã Đông Trà',239),(4126,'12979','Xã Đông Long',239),(4127,'12982','Xã Đông Quí',239),(4128,'12985','Xã Vũ Lăng',239),(4129,'12988','Xã Đông Xuyên',239),(4130,'12991','Xã Tây Lương',239),(4131,'12994','Xã Tây Ninh',239),(4132,'12997','Xã Đông Trung',239),(4133,'13000','Xã Đông Hoàng',239),(4134,'13003','Xã Đông Minh',239),(4135,'13009','Xã Đông Phong',239),(4136,'13012','Xã An Ninh',239),(4137,'13018','Xã Đông Cơ',239),(4138,'13021','Xã Tây Giang',239),(4139,'13024','Xã Đông Lâm',239),(4140,'13027','Xã Phương Công',239),(4141,'13030','Xã Tây Phong',239),(4142,'13033','Xã Tây Tiến',239),(4143,'13036','Xã Nam Cường',239),(4144,'13039','Xã Vân Trường',239),(4145,'13042','Xã Nam Thắng',239),(4146,'13045','Xã Nam Chính',239),(4147,'13048','Xã Bắc Hải',239),(4148,'13051','Xã Nam Thịnh',239),(4149,'13054','Xã Nam Hà',239),(4150,'13057','Xã Nam Thanh',239),(4151,'13060','Xã Nam Trung',239),(4152,'13063','Xã Nam Hồng',239),(4153,'13066','Xã Nam Hưng',239),(4154,'13069','Xã Nam Hải',239),(4155,'13072','Xã Nam Phú',239),(4156,'13075','Thị trấn Kiến Xương',240),(4157,'13078','Xã Trà Giang',240),(4158,'13081','Xã Quốc Tuấn',240),(4159,'13087','Xã An Bình',240),(4160,'13090','Xã Tây Sơn',240),(4161,'13093','Xã Hồng Thái',240),(4162,'13096','Xã Bình Nguyên',240),(4163,'13102','Xã Lê Lợi',240),(4164,'13111','Xã Vũ Lễ',240),(4165,'13114','Xã Thanh Tân',240),(4166,'13117','Xã Thượng Hiền',240),(4167,'13120','Xã Nam Cao',240),(4168,'13123','Xã Đình Phùng',240),(4169,'13126','Xã Vũ Ninh',240),(4170,'13129','Xã Vũ An',240),(4171,'13132','Xã Quang Lịch',240),(4172,'13135','Xã Hòa Bình',240),(4173,'13138','Xã Bình Minh',240),(4174,'13141','Xã Vũ Quí',240),(4175,'13144','Xã Quang Bình',240),(4176,'13150','Xã Vũ Trung',240),(4177,'13153','Xã Vũ Thắng',240),(4178,'13156','Xã Vũ Công',240),(4179,'13159','Xã Vũ Hòa',240),(4180,'13162','Xã Quang Minh',240),(4181,'13165','Xã Quang Trung',240),(4182,'13171','Xã Minh Quang',240),(4183,'13174','Xã Vũ Bình',240),(4184,'13177','Xã Minh Tân',240),(4185,'13180','Xã Nam Bình',240),(4186,'13183','Xã Bình Thanh',240),(4187,'13186','Xã Bình Định',240),(4188,'13189','Xã Hồng Tiến',240),(4189,'13192','Thị trấn Vũ Thư',241),(4190,'13195','Xã Hồng Lý',241),(4191,'13198','Xã Đồng Thanh',241),(4192,'13201','Xã Xuân Hòa',241),(4193,'13204','Xã Hiệp Hòa',241),(4194,'13207','Xã Phúc Thành',241),(4195,'13210','Xã Tân Phong',241),(4196,'13213','Xã Song Lãng',241),(4197,'13216','Xã Tân Hòa',241),(4198,'13219','Xã Việt Hùng',241),(4199,'13222','Xã Minh Lãng',241),(4200,'13228','Xã Minh Khai',241),(4201,'13231','Xã Dũng Nghĩa',241),(4202,'13234','Xã Minh Quang',241),(4203,'13237','Xã Tam Quang',241),(4204,'13240','Xã Tân Lập',241),(4205,'13243','Xã Bách Thuận',241),(4206,'13246','Xã Tự Tân',241),(4207,'13249','Xã Song An',241),(4208,'13252','Xã Trung An',241),(4209,'13255','Xã Vũ Hội',241),(4210,'13258','Xã Hòa Bình',241),(4211,'13261','Xã Nguyên Xá',241),(4212,'13264','Xã Việt Thuận',241),(4213,'13267','Xã Vũ Vinh',241),(4214,'13270','Xã Vũ Đoài',241),(4215,'13273','Xã Vũ Tiến',241),(4216,'13276','Xã Vũ Vân',241),(4217,'13279','Xã Duy Nhất',241),(4218,'13282','Xã Hồng Phong',241),(4219,'13285','Phường Quang Trung',242),(4220,'13288','Phường Lương Khánh Thiện',242),(4221,'13291','Phường Lê Hồng Phong',242),(4222,'13294','Phường Minh Khai',242),(4223,'13297','Phường Hai Bà Trưng',242),(4224,'13300','Phường Trần Hưng Đạo',242),(4225,'13303','Phường Lam Hạ',242),(4226,'13306','Xã Phù Vân',242),(4227,'13309','Phường Liêm Chính',242),(4228,'13312','Xã Liêm Chung',242),(4229,'13315','Phường Thanh Châu',242),(4230,'13318','Phường Châu Sơn',242),(4231,'13366','Xã Tiên Tân',242),(4232,'13372','Xã Tiên Hiệp',242),(4233,'13381','Xã Tiên Hải',242),(4234,'13426','Xã Kim Bình',242),(4235,'13444','Xã Liêm Tuyền',242),(4236,'13447','Xã Liêm Tiết',242),(4237,'13459','Phường Thanh Tuyền',242),(4238,'13507','Xã Đinh Xá',242),(4239,'13513','Xã Trịnh Xá',242),(4240,'13321','Phường Đồng Văn',243),(4241,'13324','Phường Hòa Mạc',243),(4242,'13327','Xã Mộc Bắc',243),(4243,'13330','Phường Châu Giang',243),(4244,'13333','Phường Bạch Thượng',243),(4245,'13336','Phường Duy Minh',243),(4246,'13339','Xã Mộc Nam',243),(4247,'13342','Phường Duy Hải',243),(4248,'13345','Xã Chuyên Ngoại',243),(4249,'13348','Phường Yên Bắc',243),(4250,'13351','Xã Trác Văn',243),(4251,'13354','Phường Tiên Nội',243),(4252,'13357','Phường Hoàng Đông',243),(4253,'13360','Xã Yên Nam',243),(4254,'13363','Xã Tiên Ngoại',243),(4255,'13369','Xã Tiên Sơn',243),(4256,'13384','Thị trấn Quế',244),(4257,'13387','Xã Nguyễn Úy',244),(4258,'13390','Xã Đại Cương',244),(4259,'13393','Xã Lê Hồ',244),(4260,'13396','Xã Tượng Lĩnh',244),(4261,'13399','Xã Nhật Tựu',244),(4262,'13402','Xã Nhật Tân',244),(4263,'13405','Xã Đồng Hóa',244),(4264,'13408','Xã Hoàng Tây',244),(4265,'13411','Xã Tân Sơn',244),(4266,'13414','Xã Thụy Lôi',244),(4267,'13417','Xã Văn Xá',244),(4268,'13420','Xã Khả Phong',244),(4269,'13423','Xã Ngọc Sơn',244),(4270,'13429','Thị trấn Ba Sao',244),(4271,'13432','Xã Liên Sơn',244),(4272,'13435','Xã Thi Sơn',244),(4273,'13438','Xã Thanh Sơn',244),(4274,'13441','Thị trấn Kiện Khê',245),(4275,'13450','Xã Liêm Phong',245),(4276,'13453','Xã Thanh Hà',245),(4277,'13456','Xã Liêm Cần',245),(4278,'13465','Xã Liêm Thuận',245),(4279,'13468','Xã Thanh Thủy',245),(4280,'13471','Xã Thanh Phong',245),(4281,'13474','Thị trấn Tân Thanh',245),(4282,'13477','Xã Thanh Tân',245),(4283,'13480','Xã Liêm Túc',245),(4284,'13483','Xã Liêm Sơn',245),(4285,'13486','Xã Thanh Hương',245),(4286,'13489','Xã Thanh Nghị',245),(4287,'13492','Xã Thanh Tâm',245),(4288,'13495','Xã Thanh Nguyên',245),(4289,'13498','Xã Thanh Hải',245),(4290,'13501','Thị trấn Bình Mỹ',246),(4291,'13504','Xã Bình Nghĩa',246),(4292,'13510','Xã Tràng An',246),(4293,'13516','Xã Đồng Du',246),(4294,'13519','Xã Ngọc Lũ',246),(4295,'13522','Xã Hưng Công',246),(4296,'13525','Xã Đồn Xá',246),(4297,'13528','Xã An Ninh',246),(4298,'13531','Xã Bồ Đề',246),(4299,'13534','Xã Bối Cầu',246),(4300,'13540','Xã An Nội',246),(4301,'13543','Xã Vũ Bản',246),(4302,'13546','Xã Trung Lương',246),(4303,'13552','Xã An Đổ',246),(4304,'13555','Xã La Sơn',246),(4305,'13558','Xã Tiêu Động',246),(4306,'13561','Xã An Lão',246),(4307,'13567','Xã Hợp Lý',247),(4308,'13570','Xã Nguyên Lý',247),(4309,'13573','Xã Chính Lý',247),(4310,'13576','Xã Chân Lý',247),(4311,'13579','Xã Đạo Lý',247),(4312,'13582','Xã Công Lý',247),(4313,'13585','Xã Văn Lý',247),(4314,'13588','Xã Bắc Lý',247),(4315,'13591','Xã Đức Lý',247),(4316,'13594','Xã Trần Hưng Đạo',247),(4317,'13597','Thị trấn Vĩnh Trụ',247),(4318,'13600','Xã Nhân Thịnh',247),(4319,'13606','Xã Nhân Khang',247),(4320,'13609','Xã Nhân Mỹ',247),(4321,'13612','Xã Nhân Nghĩa',247),(4322,'13615','Xã Nhân Chính',247),(4323,'13618','Xã Nhân Bình',247),(4324,'13621','Xã Phú Phúc',247),(4325,'13624','Xã Xuân Khê',247),(4326,'13627','Xã Tiến Thắng',247),(4327,'13630','Xã Hòa Hậu',247),(4328,'13633','Phường Hạ Long',248),(4329,'13636','Phường Trần Tế Xương',248),(4330,'13639','Phường Vị Hoàng',248),(4331,'13642','Phường Vị Xuyên',248),(4332,'13645','Phường Quang Trung',248),(4333,'13648','Phường Cửa Bắc',248),(4334,'13651','Phường Nguyễn Du',248),(4335,'13654','Phường Bà Triệu',248),(4336,'13657','Phường Trường Thi',248),(4337,'13660','Phường Phan Đình Phùng',248),(4338,'13663','Phường Ngô Quyền',248),(4339,'13666','Phường Trần Hưng Đạo',248),(4340,'13669','Phường Trần Đăng Ninh',248),(4341,'13672','Phường Năng Tĩnh',248),(4342,'13675','Phường Văn Miếu',248),(4343,'13678','Phường Trần Quang Khải',248),(4344,'13681','Phường Thống Nhất',248),(4345,'13684','Phường Lộc Hạ',248),(4346,'13687','Phường Lộc Vượng',248),(4347,'13690','Phường Cửa Nam',248),(4348,'13693','Phường Lộc Hòa',248),(4349,'13696','Xã Nam Phong',248),(4350,'13699','Phường Mỹ Xá',248),(4351,'13702','Xã Lộc An',248),(4352,'13705','Xã Nam Vân',248),(4353,'13708','Thị trấn Mỹ Lộc',249),(4354,'13711','Xã Mỹ Hà',249),(4355,'13714','Xã Mỹ Tiến',249),(4356,'13717','Xã Mỹ Thắng',249),(4357,'13720','Xã Mỹ Trung',249),(4358,'13723','Xã Mỹ Tân',249),(4359,'13726','Xã Mỹ Phúc',249),(4360,'13729','Xã Mỹ Hưng',249),(4361,'13732','Xã Mỹ Thuận',249),(4362,'13735','Xã Mỹ Thịnh',249),(4363,'13738','Xã Mỹ Thành',249),(4364,'13741','Thị trấn Gôi',250),(4365,'13744','Xã Minh Thuận',250),(4366,'13747','Xã Hiển Khánh',250),(4367,'13750','Xã Tân Khánh',250),(4368,'13753','Xã Hợp Hưng',250),(4369,'13756','Xã Đại An',250),(4370,'13759','Xã Tân Thành',250),(4371,'13762','Xã Cộng Hòa',250),(4372,'13765','Xã Trung Thành',250),(4373,'13768','Xã Quang Trung',250),(4374,'13771','Xã Minh Tân',250),(4375,'13774','Xã Liên Bảo',250),(4376,'13777','Xã Thành Lợi',250),(4377,'13780','Xã Kim Thái',250),(4378,'13783','Xã Liên Minh',250),(4379,'13786','Xã Đại Thắng',250),(4380,'13789','Xã Tam Thanh',250),(4381,'13792','Xã Vĩnh Hào',250),(4382,'13795','Thị trấn Lâm',251),(4383,'13798','Xã Yên Trung',251),(4384,'13801','Xã Yên Thành',251),(4385,'13804','Xã Yên Tân',251),(4386,'13807','Xã Yên Lợi',251),(4387,'13810','Xã Yên Thọ',251),(4388,'13813','Xã Yên Nghĩa',251),(4389,'13816','Xã Yên Minh',251),(4390,'13819','Xã Yên Phương',251),(4391,'13822','Xã Yên Chính',251),(4392,'13825','Xã Yên Bình',251),(4393,'13828','Xã Yên Phú',251),(4394,'13831','Xã Yên Mỹ',251),(4395,'13834','Xã Yên Dương',251),(4396,'13840','Xã Yên Hưng',251),(4397,'13843','Xã Yên Khánh',251),(4398,'13846','Xã Yên Phong',251),(4399,'13849','Xã Yên Ninh',251),(4400,'13852','Xã Yên Lương',251),(4401,'13855','Xã Yên Hồng',251),(4402,'13858','Xã Yên Quang',251),(4403,'13861','Xã Yên Tiến',251),(4404,'13864','Xã Yên Thắng',251),(4405,'13867','Xã Yên Phúc',251),(4406,'13870','Xã Yên Cường',251),(4407,'13873','Xã Yên Lộc',251),(4408,'13876','Xã Yên Bằng',251),(4409,'13879','Xã Yên Đồng',251),(4410,'13882','Xã Yên Khang',251),(4411,'13885','Xã Yên Nhân',251),(4412,'13888','Xã Yên Trị',251),(4413,'13891','Thị trấn Liễu Đề',252),(4414,'13894','Thị trấn Rạng Đông',252),(4415,'13897','Xã Nghĩa Đồng',252),(4416,'13900','Xã Nghĩa Thịnh',252),(4417,'13903','Xã Nghĩa Minh',252),(4418,'13906','Xã Nghĩa Thái',252),(4419,'13909','Xã Hoàng Nam',252),(4420,'13912','Xã Nghĩa Châu',252),(4421,'13915','Xã Nghĩa Trung',252),(4422,'13918','Xã Nghĩa Sơn',252),(4423,'13921','Xã Nghĩa Lạc',252),(4424,'13924','Xã Nghĩa Hồng',252),(4425,'13927','Xã Nghĩa Phong',252),(4426,'13930','Xã Nghĩa Phú',252),(4427,'13933','Xã Nghĩa Bình',252),(4428,'13936','Thị trấn Quỹ Nhất',252),(4429,'13939','Xã Nghĩa Tân',252),(4430,'13942','Xã Nghĩa Hùng',252),(4431,'13945','Xã Nghĩa Lâm',252),(4432,'13948','Xã Nghĩa Thành',252),(4433,'13951','Xã Phúc Thắng',252),(4434,'13954','Xã Nghĩa Lợi',252),(4435,'13957','Xã Nghĩa Hải',252),(4436,'13963','Xã Nam Điền',252),(4437,'13966','Thị trấn Nam Giang',253),(4438,'13969','Xã Nam Mỹ',253),(4439,'13972','Xã Điền Xá',253),(4440,'13975','Xã Nghĩa An',253),(4441,'13978','Xã Nam Thắng',253),(4442,'13981','Xã Nam Toàn',253),(4443,'13984','Xã Hồng Quang',253),(4444,'13987','Xã Tân Thịnh',253),(4445,'13990','Xã Nam Cường',253),(4446,'13993','Xã Nam Hồng',253),(4447,'13996','Xã Nam Hùng',253),(4448,'13999','Xã Nam Hoa',253),(4449,'14002','Xã Nam Dương',253),(4450,'14005','Xã Nam Thanh',253),(4451,'14008','Xã Nam Lợi',253),(4452,'14011','Xã Bình Minh',253),(4453,'14014','Xã Đồng Sơn',253),(4454,'14017','Xã Nam Tiến',253),(4455,'14020','Xã Nam Hải',253),(4456,'14023','Xã Nam Thái',253),(4457,'14026','Thị trấn Cổ Lễ',254),(4458,'14029','Xã Phương Định',254),(4459,'14032','Xã Trực Chính',254),(4460,'14035','Xã Trung Đông',254),(4461,'14038','Xã Liêm Hải',254),(4462,'14041','Xã Trực Tuấn',254),(4463,'14044','Xã Việt Hùng',254),(4464,'14047','Xã Trực Đạo',254),(4465,'14050','Xã Trực Hưng',254),(4466,'14053','Xã Trực Nội',254),(4467,'14056','Thị trấn Cát Thành',254),(4468,'14059','Xã Trực Thanh',254),(4469,'14062','Xã Trực Khang',254),(4470,'14065','Xã Trực Thuận',254),(4471,'14068','Xã Trực Mỹ',254),(4472,'14071','Xã Trực Đại',254),(4473,'14074','Xã Trực Cường',254),(4474,'14077','Thị trấn Ninh Cường',254),(4475,'14080','Xã Trực Thái',254),(4476,'14083','Xã Trực Hùng',254),(4477,'14086','Xã Trực Thắng',254),(4478,'14089','Thị trấn Xuân Trường',255),(4479,'14092','Xã Xuân Châu',255),(4480,'14095','Xã Xuân Hồng',255),(4481,'14098','Xã Xuân Thành',255),(4482,'14101','Xã Xuân Thượng',255),(4483,'14104','Xã Xuân Phong',255),(4484,'14107','Xã Xuân Đài',255),(4485,'14110','Xã Xuân Tân',255),(4486,'14113','Xã Xuân Thủy',255),(4487,'14116','Xã Xuân Ngọc',255),(4488,'14119','Xã Xuân Bắc',255),(4489,'14122','Xã Xuân Phương',255),(4490,'14125','Xã Thọ Nghiệp',255),(4491,'14128','Xã Xuân Phú',255),(4492,'14131','Xã Xuân Trung',255),(4493,'14134','Xã Xuân Vinh',255),(4494,'14137','Xã Xuân Kiên',255),(4495,'14140','Xã Xuân Tiến',255),(4496,'14143','Xã Xuân Ninh',255),(4497,'14146','Xã Xuân Hòa',255),(4498,'14149','Thị trấn Ngô Đồng',256),(4499,'14152','Thị trấn Quất Lâm',256),(4500,'14155','Xã Giao Hương',256),(4501,'14158','Xã Hồng Thuận',256),(4502,'14161','Xã Giao Thiện',256),(4503,'14164','Xã Giao Thanh',256),(4504,'14167','Xã Hoành Sơn',256),(4505,'14170','Xã Bình Hòa',256),(4506,'14173','Xã Giao Tiến',256),(4507,'14176','Xã Giao Hà',256),(4508,'14179','Xã Giao Nhân',256),(4509,'14182','Xã Giao An',256),(4510,'14185','Xã Giao Lạc',256),(4511,'14188','Xã Giao Châu',256),(4512,'14191','Xã Giao Tân',256),(4513,'14194','Xã Giao Yến',256),(4514,'14197','Xã Giao Xuân',256),(4515,'14200','Xã Giao Thịnh',256),(4516,'14203','Xã Giao Hải',256),(4517,'14206','Xã Bạch Long',256),(4518,'14209','Xã Giao Long',256),(4519,'14212','Xã Giao Phong',256),(4520,'14215','Thị trấn Yên Định',257),(4521,'14218','Thị trấn Cồn',257),(4522,'14221','Thị trấn Thịnh Long',257),(4523,'14224','Xã Hải Nam',257),(4524,'14227','Xã Hải Trung',257),(4525,'14230','Xã Hải Vân',257),(4526,'14233','Xã Hải Minh',257),(4527,'14236','Xã Hải Anh',257),(4528,'14239','Xã Hải Hưng',257),(4529,'14242','Xã Hải Bắc',257),(4530,'14245','Xã Hải Phúc',257),(4531,'14248','Xã Hải Thanh',257),(4532,'14251','Xã Hải Hà',257),(4533,'14254','Xã Hải Long',257),(4534,'14257','Xã Hải Phương',257),(4535,'14260','Xã Hải Đường',257),(4536,'14263','Xã Hải Lộc',257),(4537,'14266','Xã Hải Quang',257),(4538,'14269','Xã Hải Đông',257),(4539,'14272','Xã Hải Sơn',257),(4540,'14275','Xã Hải Tân',257),(4541,'14281','Xã Hải Phong',257),(4542,'14284','Xã Hải An',257),(4543,'14287','Xã Hải Tây',257),(4544,'14290','Xã Hải Lý',257),(4545,'14293','Xã Hải Phú',257),(4546,'14296','Xã Hải Giang',257),(4547,'14299','Xã Hải Cường',257),(4548,'14302','Xã Hải Ninh',257),(4549,'14305','Xã Hải Chính',257),(4550,'14308','Xã Hải Xuân',257),(4551,'14311','Xã Hải Châu',257),(4552,'14314','Xã Hải Triều',257),(4553,'14317','Xã Hải Hòa',257),(4554,'14320','Phường Đông Thành',258),(4555,'14323','Phường Tân Thành',258),(4556,'14326','Phường Thanh Bình',258),(4557,'14329','Phường Vân Giang',258),(4558,'14332','Phường Bích Đào',258),(4559,'14335','Phường Phúc Thành',258),(4560,'14338','Phường Nam Bình',258),(4561,'14341','Phường Nam Thành',258),(4562,'14344','Phường Ninh Khánh',258),(4563,'14347','Xã Ninh Nhất',258),(4564,'14350','Xã Ninh Tiến',258),(4565,'14353','Xã Ninh Phúc',258),(4566,'14356','Phường Ninh Sơn',258),(4567,'14359','Phường Ninh Phong',258),(4568,'14362','Phường Bắc Sơn',259),(4569,'14365','Phường Trung Sơn',259),(4570,'14368','Phường Nam Sơn',259),(4571,'14369','Phường Tây Sơn',259),(4572,'14371','Xã Yên Sơn',259),(4573,'14374','Phường Yên Bình',259),(4574,'14375','Phường Tân Bình',259),(4575,'14377','Xã Quang Sơn',259),(4576,'14380','Xã Đông Sơn',259),(4577,'14383','Thị trấn Nho Quan',260),(4578,'14386','Xã Xích Thổ',260),(4579,'14389','Xã Gia Lâm',260),(4580,'14392','Xã Gia Sơn',260),(4581,'14395','Xã Thạch Bình',260),(4582,'14398','Xã Gia Thủy',260),(4583,'14401','Xã Gia Tường',260),(4584,'14404','Xã Cúc Phương',260),(4585,'14407','Xã Phú Sơn',260),(4586,'14410','Xã Đức Long',260),(4587,'14413','Xã Lạc Vân',260),(4588,'14416','Xã Đồng Phong',260),(4589,'14419','Xã Yên Quang',260),(4590,'14422','Xã Lạng Phong',260),(4591,'14425','Xã Thượng Hòa',260),(4592,'14428','Xã Văn Phong',260),(4593,'14431','Xã Văn Phương',260),(4594,'14434','Xã Thanh Lạc',260),(4595,'14437','Xã Sơn Lai',260),(4596,'14440','Xã Sơn Thành',260),(4597,'14443','Xã Văn Phú',260),(4598,'14446','Xã Phú Lộc',260),(4599,'14449','Xã Kỳ Phú',260),(4600,'14452','Xã Quỳnh Lưu',260),(4601,'14455','Xã Sơn Hà',260),(4602,'14458','Xã Phú Long',260),(4603,'14461','Xã Quảng Lạc',260),(4604,'14464','Thị trấn Me',261),(4605,'14467','Xã Gia Hòa',261),(4606,'14470','Xã Gia Hưng',261),(4607,'14473','Xã Liên Sơn',261),(4608,'14476','Xã Gia Thanh',261),(4609,'14479','Xã Gia Vân',261),(4610,'14482','Xã Gia Phú',261),(4611,'14485','Xã Gia Xuân',261),(4612,'14488','Xã Gia Lập',261),(4613,'14491','Xã Gia Vượng',261),(4614,'14494','Xã Gia Trấn',261),(4615,'14497','Xã Gia Thịnh',261),(4616,'14500','Xã Gia Phương',261),(4617,'14503','Xã Gia Tân',261),(4618,'14506','Xã Gia Thắng',261),(4619,'14509','Xã Gia Trung',261),(4620,'14512','Xã Gia Minh',261),(4621,'14515','Xã Gia Lạc',261),(4622,'14518','Xã Gia Tiến',261),(4623,'14521','Xã Gia Sinh',261),(4624,'14524','Xã Gia Phong',261),(4625,'14527','Thị trấn Thiên Tôn',262),(4626,'14530','Xã Ninh Giang',262),(4627,'14533','Xã Trường Yên',262),(4628,'14536','Xã Ninh Khang',262),(4629,'14539','Xã Ninh Mỹ',262),(4630,'14542','Xã Ninh Hòa',262),(4631,'14545','Xã Ninh Xuân',262),(4632,'14548','Xã Ninh Hải',262),(4633,'14551','Xã Ninh Thắng',262),(4634,'14554','Xã Ninh Vân',262),(4635,'14557','Xã Ninh An',262),(4636,'14560','Thị trấn Yên Ninh',263),(4637,'14563','Xã Khánh Tiên',263),(4638,'14566','Xã Khánh Phú',263),(4639,'14569','Xã Khánh Hòa',263),(4640,'14572','Xã Khánh Lợi',263),(4641,'14575','Xã Khánh An',263),(4642,'14578','Xã Khánh Cường',263),(4643,'14581','Xã Khánh Cư',263),(4644,'14584','Xã Khánh Thiện',263),(4645,'14587','Xã Khánh Hải',263),(4646,'14590','Xã Khánh Trung',263),(4647,'14593','Xã Khánh Mậu',263),(4648,'14596','Xã Khánh Vân',263),(4649,'14599','Xã Khánh Hội',263),(4650,'14602','Xã Khánh Công',263),(4651,'14608','Xã Khánh Thành',263),(4652,'14611','Xã Khánh Nhạc',263),(4653,'14614','Xã Khánh Thủy',263),(4654,'14617','Xã Khánh Hồng',263),(4655,'14620','Thị trấn Phát Diệm',264),(4656,'14623','Thị trấn Bình Minh',264),(4657,'14629','Xã Hồi Ninh',264),(4658,'14632','Xã Xuân Chính',264),(4659,'14635','Xã Kim Định',264),(4660,'14638','Xã Ân Hòa',264),(4661,'14641','Xã Hùng Tiến',264),(4662,'14647','Xã Quang Thiện',264),(4663,'14650','Xã Như Hòa',264),(4664,'14653','Xã Chất Bình',264),(4665,'14656','Xã Đồng Hướng',264),(4666,'14659','Xã Kim Chính',264),(4667,'14662','Xã Thượng Kiệm',264),(4668,'14665','Xã Lưu Phương',264),(4669,'14668','Xã Tân Thành',264),(4670,'14671','Xã Yên Lộc',264),(4671,'14674','Xã Lai Thành',264),(4672,'14677','Xã Định Hóa',264),(4673,'14680','Xã Văn Hải',264),(4674,'14683','Xã Kim Tân',264),(4675,'14686','Xã Kim Mỹ',264),(4676,'14689','Xã Cồn Thoi',264),(4677,'14692','Xã Kim Hải',264),(4678,'14695','Xã Kim Trung',264),(4679,'14698','Xã Kim Đông',264),(4680,'14701','Thị trấn Yên Thịnh',265),(4681,'14704','Xã Khánh Thượng',265),(4682,'14707','Xã Khánh Dương',265),(4683,'14710','Xã Mai Sơn',265),(4684,'14713','Xã Khánh Thịnh',265),(4685,'14719','Xã Yên Phong',265),(4686,'14722','Xã Yên Hòa',265),(4687,'14725','Xã Yên Thắng',265),(4688,'14728','Xã Yên Từ',265),(4689,'14731','Xã Yên Hưng',265),(4690,'14734','Xã Yên Thành',265),(4691,'14737','Xã Yên Nhân',265),(4692,'14740','Xã Yên Mỹ',265),(4693,'14743','Xã Yên Mạc',265),(4694,'14746','Xã Yên Đồng',265),(4695,'14749','Xã Yên Thái',265),(4696,'14752','Xã Yên Lâm',265),(4697,'14755','Phường Hàm Rồng',266),(4698,'14758','Phường Đông Thọ',266),(4699,'14761','Phường Nam Ngạn',266),(4700,'14764','Phường Trường Thi',266),(4701,'14767','Phường Điện Biên',266),(4702,'14770','Phường Phú Sơn',266),(4703,'14773','Phường Lam Sơn',266),(4704,'14776','Phường Ba Đình',266),(4705,'14779','Phường Ngọc Trạo',266),(4706,'14782','Phường Đông Vệ',266),(4707,'14785','Phường Đông Sơn',266),(4708,'14788','Phường Tân Sơn',266),(4709,'14791','Phường Đông Cương',266),(4710,'14794','Phường Đông Hương',266),(4711,'14797','Phường Đông Hải',266),(4712,'14800','Phường Quảng Hưng',266),(4713,'14803','Phường Quảng Thắng',266),(4714,'14806','Phường Quảng Thành',266),(4715,'15850','Xã Thiệu Vân',266),(4716,'15856','Xã Thiệu Khánh',266),(4717,'15859','Xã Thiệu Dương',266),(4718,'15913','Phường Tào Xuyên',266),(4719,'15922','Xã Long Anh',266),(4720,'15925','Xã Hoằng Quang',266),(4721,'15970','Xã Hoằng Đại',266),(4722,'16396','Xã Đông Lĩnh',266),(4723,'16429','Xã Đông Vinh',266),(4724,'16432','Xã Đông Tân',266),(4725,'16435','Phường An Hưng',266),(4726,'16441','Xã Quảng Thịnh',266),(4727,'16459','Xã Quảng Đông',266),(4728,'16507','Xã Quảng Cát',266),(4729,'16522','Xã Quảng Phú',266),(4730,'16525','Xã Quảng Tâm',266),(4731,'14809','Phường Bắc Sơn',267),(4732,'14812','Phường Ba Đình',267),(4733,'14815','Phường Lam Sơn',267),(4734,'14818','Phường Ngọc Trạo',267),(4735,'14821','Phường Đông Sơn',267),(4736,'14823','Phường Phú Sơn',267),(4737,'14824','Xã Quang Trung',267),(4738,'14830','Phường Trung Sơn',268),(4739,'14833','Phường Bắc Sơn',268),(4740,'14836','Phường Trường Sơn',268),(4741,'14839','Phường Quảng Cư',268),(4742,'14842','Phường Quảng Tiến',268),(4743,'16513','Xã Quảng Minh',268),(4744,'16516','Xã Quảng Hùng',268),(4745,'16528','Phường Quảng Thọ',268),(4746,'16531','Phường Quảng Châu',268),(4747,'16534','Phường Quảng Vinh',268),(4748,'16537','Xã Quảng Đại',268),(4749,'14845','Thị trấn Mường Lát',269),(4750,'14848','Xã Tam Chung',269),(4751,'14854','Xã Mường Lý',269),(4752,'14857','Xã Trung Lý',269),(4753,'14860','Xã Quang Chiểu',269),(4754,'14863','Xã Pù Nhi',269),(4755,'14864','Xã Nhi Sơn',269),(4756,'14866','Xã Mường Chanh',269),(4757,'14869','Thị trấn Hồi Xuân',270),(4758,'14872','Xã Thành Sơn',270),(4759,'14875','Xã Trung Sơn',270),(4760,'14878','Xã Phú Thanh',270),(4761,'14881','Xã Trung Thành',270),(4762,'14884','Xã Phú Lệ',270),(4763,'14887','Xã Phú Sơn',270),(4764,'14890','Xã Phú Xuân',270),(4765,'14896','Xã Hiền Chung',270),(4766,'14899','Xã Hiền Kiệt',270),(4767,'14902','Xã Nam Tiến',270),(4768,'14908','Xã Thiên Phủ',270),(4769,'14911','Xã Phú Nghiêm',270),(4770,'14914','Xã Nam Xuân',270),(4771,'14917','Xã Nam Động',270),(4772,'14923','Thị trấn Cành Nàng',271),(4773,'14926','Xã Điền Thượng',271),(4774,'14929','Xã Điền Hạ',271),(4775,'14932','Xã Điền Quang',271),(4776,'14935','Xã Điền Trung',271),(4777,'14938','Xã Thành Sơn',271),(4778,'14941','Xã Lương Ngoại',271),(4779,'14944','Xã Ái Thượng',271),(4780,'14947','Xã Lương Nội',271),(4781,'14950','Xã Điền Lư',271),(4782,'14953','Xã Lương Trung',271),(4783,'14956','Xã Lũng Niêm',271),(4784,'14959','Xã Lũng Cao',271),(4785,'14962','Xã Hạ Trung',271),(4786,'14965','Xã Cổ Lũng',271),(4787,'14968','Xã Thành Lâm',271),(4788,'14971','Xã Ban Công',271),(4789,'14974','Xã Kỳ Tân',271),(4790,'14977','Xã Văn Nho',271),(4791,'14980','Xã Thiết Ống',271),(4792,'14986','Xã Thiết Kế',271),(4793,'14995','Xã Trung Xuân',272),(4794,'14998','Xã Trung Thượng',272),(4795,'14999','Xã Trung Tiến',272),(4796,'15001','Xã Trung Hạ',272),(4797,'15004','Xã Sơn Hà',272),(4798,'15007','Xã Tam Thanh',272),(4799,'15010','Xã Sơn Thủy',272),(4800,'15013','Xã Na Mèo',272),(4801,'15016','Thị trấn Sơn Lư',272),(4802,'15019','Xã Tam Lư',272),(4803,'15022','Xã Sơn Điện',272),(4804,'15025','Xã Mường Mìn',272),(4805,'15031','Xã Yên Khương',273),(4806,'15034','Xã Yên Thắng',273),(4807,'15037','Xã Trí Nang',273),(4808,'15040','Xã Giao An',273),(4809,'15043','Xã Giao Thiện',273),(4810,'15046','Xã Tân Phúc',273),(4811,'15049','Xã Tam Văn',273),(4812,'15052','Xã Lâm Phú',273),(4813,'15055','Thị trấn Lang Chánh',273),(4814,'15058','Xã Đồng Lương',273),(4815,'15061','Thị Trấn Ngọc Lặc',274),(4816,'15064','Xã Lam Sơn',274),(4817,'15067','Xã Mỹ Tân',274),(4818,'15070','Xã Thúy Sơn',274),(4819,'15073','Xã Thạch Lập',274),(4820,'15076','Xã Vân Âm',274),(4821,'15079','Xã Cao Ngọc',274),(4822,'15085','Xã Quang Trung',274),(4823,'15088','Xã Đồng Thịnh',274),(4824,'15091','Xã Ngọc Liên',274),(4825,'15094','Xã Ngọc Sơn',274),(4826,'15097','Xã Lộc Thịnh',274),(4827,'15100','Xã Cao Thịnh',274),(4828,'15103','Xã Ngọc Trung',274),(4829,'15106','Xã Phùng Giáo',274),(4830,'15109','Xã Phùng Minh',274),(4831,'15112','Xã Phúc Thịnh',274),(4832,'15115','Xã Nguyệt Ấn',274),(4833,'15118','Xã Kiên Thọ',274),(4834,'15121','Xã Minh Tiến',274),(4835,'15124','Xã Minh Sơn',274),(4836,'15127','Thị trấn Phong Sơn',275),(4837,'15133','Xã Cẩm Thành',275),(4838,'15136','Xã Cẩm Quý',275),(4839,'15139','Xã Cẩm Lương',275),(4840,'15142','Xã Cẩm Thạch',275),(4841,'15145','Xã Cẩm Liên',275),(4842,'15148','Xã Cẩm Giang',275),(4843,'15151','Xã Cẩm Bình',275),(4844,'15154','Xã Cẩm Tú',275),(4845,'15160','Xã Cẩm Châu',275),(4846,'15163','Xã Cẩm Tâm',275),(4847,'15169','Xã Cẩm Ngọc',275),(4848,'15172','Xã Cẩm Long',275),(4849,'15175','Xã Cẩm Yên',275),(4850,'15178','Xã Cẩm Tân',275),(4851,'15181','Xã Cẩm Phú',275),(4852,'15184','Xã Cẩm Vân',275),(4853,'15187','Thị trấn Kim Tân',276),(4854,'15190','Thị trấn Vân Du',276),(4855,'15196','Xã Thạch Lâm',276),(4856,'15199','Xã Thạch Quảng',276),(4857,'15202','Xã Thạch Tượng',276),(4858,'15205','Xã Thạch Cẩm',276),(4859,'15208','Xã Thạch Sơn',276),(4860,'15211','Xã Thạch Bình',276),(4861,'15214','Xã Thạch Định',276),(4862,'15217','Xã Thạch Đồng',276),(4863,'15220','Xã Thạch Long',276),(4864,'15223','Xã Thành Mỹ',276),(4865,'15226','Xã Thành Yên',276),(4866,'15229','Xã Thành Vinh',276),(4867,'15232','Xã Thành Minh',276),(4868,'15235','Xã Thành Công',276),(4869,'15238','Xã Thành Tân',276),(4870,'15241','Xã Thành Trực',276),(4871,'15247','Xã Thành Tâm',276),(4872,'15250','Xã Thành An',276),(4873,'15253','Xã Thành Thọ',276),(4874,'15256','Xã Thành Tiến',276),(4875,'15259','Xã Thành Long',276),(4876,'15265','Xã Thành Hưng',276),(4877,'15268','Xã Ngọc Trạo',276),(4878,'15271','Thị trấn Hà Trung',277),(4879,'15274','Xã Hà Long',277),(4880,'15277','Xã Hà Vinh',277),(4881,'15280','Xã Hà Bắc',277),(4882,'15283','Xã Hoạt Giang',277),(4883,'15286','Xã Yên Dương',277),(4884,'15292','Xã Hà Giang',277),(4885,'15298','Xã Lĩnh Toại',277),(4886,'15304','Xã Hà Ngọc',277),(4887,'15307','Xã Yến Sơn',277),(4888,'15313','Xã Hà Sơn',277),(4889,'15316','Xã Hà Lĩnh',277),(4890,'15319','Xã Hà Đông',277),(4891,'15322','Xã Hà Tân',277),(4892,'15325','Xã Hà Tiến',277),(4893,'15328','Xã Hà Bình',277),(4894,'15331','Xã Hà Lai',277),(4895,'15334','Xã Hà Châu',277),(4896,'15340','Xã Hà Thái',277),(4897,'15343','Xã Hà Hải',277),(4898,'15349','Thị trấn Vĩnh Lộc',278),(4899,'15352','Xã Vĩnh Quang',278),(4900,'15355','Xã Vĩnh Yên',278),(4901,'15358','Xã Vĩnh Tiến',278),(4902,'15361','Xã Vĩnh Long',278),(4903,'15364','Xã Vĩnh Phúc',278),(4904,'15367','Xã Vĩnh Hưng',278),(4905,'15376','Xã Vĩnh Hòa',278),(4906,'15379','Xã Vĩnh Hùng',278),(4907,'15382','Xã Minh Tân',278),(4908,'15385','Xã Ninh Khang',278),(4909,'15388','Xã Vĩnh Thịnh',278),(4910,'15391','Xã Vĩnh An',278),(4911,'15397','Thị trấn Thống Nhất',279),(4912,'15403','Xã Yên Lâm',279),(4913,'15406','Xã Yên Tâm',279),(4914,'15409','Xã Yên Phú',279),(4915,'15412','Xã Quí Lộc',279),(4916,'15415','Xã Yên Thọ',279),(4917,'15418','Xã Yên Trung',279),(4918,'15421','Xã Yên Trường',279),(4919,'15427','Xã Yên Phong',279),(4920,'15430','Xã Yên Thái',279),(4921,'15433','Xã Yên Hùng',279),(4922,'15436','Xã Yên Thịnh',279),(4923,'15439','Xã Yên Ninh',279),(4924,'15442','Xã Yên Lạc',279),(4925,'15445','Xã Định Tăng',279),(4926,'15448','Xã Định Hòa',279),(4927,'15451','Xã Định Thành',279),(4928,'15454','Xã Định Công',279),(4929,'15457','Xã Định Tân',279),(4930,'15460','Xã Định Tiến',279),(4931,'15463','Xã Định Long',279),(4932,'15466','Xã Định Liên',279),(4933,'15469','Thị trấn Quán Lào',279),(4934,'15472','Xã Định Hưng',279),(4935,'15475','Xã Định Hải',279),(4936,'15478','Xã Định Bình',279),(4937,'15493','Xã Xuân Hồng',280),(4938,'15499','Thị trấn Thọ Xuân',280),(4939,'15502','Xã Bắc Lương',280),(4940,'15505','Xã Nam Giang',280),(4941,'15508','Xã Xuân Phong',280),(4942,'15511','Xã Thọ Lộc',280),(4943,'15514','Xã Xuân Trường',280),(4944,'15517','Xã Xuân Hòa',280),(4945,'15520','Xã Thọ Hải',280),(4946,'15523','Xã Tây Hồ',280),(4947,'15526','Xã Xuân Giang',280),(4948,'15532','Xã Xuân Sinh',280),(4949,'15535','Xã Xuân Hưng',280),(4950,'15538','Xã Thọ Diên',280),(4951,'15541','Xã Thọ Lâm',280),(4952,'15544','Xã Thọ Xương',280),(4953,'15547','Xã Xuân Bái',280),(4954,'15550','Xã Xuân Phú',280),(4955,'15553','Thị trấn Sao Vàng',280),(4956,'15556','Thị trấn Lam Sơn',280),(4957,'15559','Xã Xuân Thiên',280),(4958,'15565','Xã Thuận Minh',280),(4959,'15568','Xã Thọ Lập',280),(4960,'15571','Xã Quảng Phú',280),(4961,'15574','Xã Xuân Tín',280),(4962,'15577','Xã Phú Xuân',280),(4963,'15583','Xã Xuân Lai',280),(4964,'15586','Xã Xuân Lập',280),(4965,'15592','Xã Xuân Minh',280),(4966,'15598','Xã Trường Xuân',280),(4967,'15607','Xã Bát Mọt',281),(4968,'15610','Xã Yên Nhân',281),(4969,'15619','Xã Xuân Lẹ',281),(4970,'15622','Xã Vạn Xuân',281),(4971,'15628','Xã Lương Sơn',281),(4972,'15631','Xã Xuân Cao',281),(4973,'15634','Xã Luận Thành',281),(4974,'15637','Xã Luận Khê',281),(4975,'15640','Xã Xuân Thắng',281),(4976,'15643','Xã Xuân Lộc',281),(4977,'15646','Thị trấn Thường Xuân',281),(4978,'15649','Xã Xuân Dương',281),(4979,'15652','Xã Thọ Thanh',281),(4980,'15655','Xã Ngọc Phụng',281),(4981,'15658','Xã Xuân Chinh',281),(4982,'15661','Xã Tân Thành',281),(4983,'15664','Thị trấn Triệu Sơn',282),(4984,'15667','Xã Thọ Sơn',282),(4985,'15670','Xã Thọ Bình',282),(4986,'15673','Xã Thọ Tiến',282),(4987,'15676','Xã Hợp Lý',282),(4988,'15679','Xã Hợp Tiến',282),(4989,'15682','Xã Hợp Thành',282),(4990,'15685','Xã Triệu Thành',282),(4991,'15688','Xã Hợp Thắng',282),(4992,'15691','Xã Minh Sơn',282),(4993,'15700','Xã Dân Lực',282),(4994,'15703','Xã Dân Lý',282),(4995,'15706','Xã Dân Quyền',282),(4996,'15709','Xã An Nông',282),(4997,'15712','Xã Văn Sơn',282),(4998,'15715','Xã Thái Hòa',282),(4999,'15718','Thị trấn Nưa',282),(5000,'15721','Xã Đồng Lợi',282),(5001,'15724','Xã Đồng Tiến',282),(5002,'15727','Xã Đồng Thắng',282),(5003,'15730','Xã Tiến Nông',282),(5004,'15733','Xã Khuyến Nông',282),(5005,'15736','Xã Xuân Thịnh',282),(5006,'15739','Xã Xuân Lộc',282),(5007,'15742','Xã Thọ Dân',282),(5008,'15745','Xã Xuân Thọ',282),(5009,'15748','Xã Thọ Tân',282),(5010,'15751','Xã Thọ Ngọc',282),(5011,'15754','Xã Thọ Cường',282),(5012,'15757','Xã Thọ Phú',282),(5013,'15760','Xã Thọ Vực',282),(5014,'15763','Xã Thọ Thế',282),(5015,'15766','Xã Nông Trường',282),(5016,'15769','Xã Bình Sơn',282),(5017,'15772','Thị trấn Thiệu Hóa',283),(5018,'15775','Xã Thiệu Ngọc',283),(5019,'15778','Xã Thiệu Vũ',283),(5020,'15781','Xã Thiệu Phúc',283),(5021,'15784','Xã Thiệu Tiến',283),(5022,'15787','Xã Thiệu Công',283),(5023,'15790','Xã Thiệu Phú',283),(5024,'15793','Xã Thiệu Long',283),(5025,'15796','Xã Thiệu Giang',283),(5026,'15799','Xã Thiệu Duy',283),(5027,'15802','Xã Thiệu Nguyên',283),(5028,'15805','Xã Thiệu Hợp',283),(5029,'15808','Xã Thiệu Thịnh',283),(5030,'15811','Xã Thiệu Quang',283),(5031,'15814','Xã Thiệu Thành',283),(5032,'15817','Xã Thiệu Toán',283),(5033,'15820','Xã Thiệu Chính',283),(5034,'15823','Xã Thiệu Hòa',283),(5035,'15829','Xã Minh Tâm',283),(5036,'15832','Xã Thiệu Viên',283),(5037,'15835','Xã Thiệu Lý',283),(5038,'15838','Xã Thiệu Vận',283),(5039,'15841','Xã Thiệu Trung',283),(5040,'15847','Xã Tân Châu',283),(5041,'15853','Xã Thiệu Giao',283),(5042,'15865','Thị trấn Bút Sơn',284),(5043,'15871','Xã Hoằng Giang',284),(5044,'15877','Xã Hoằng Xuân',284),(5045,'15880','Xã Hoằng Phượng',284),(5046,'15883','Xã Hoằng Phú',284),(5047,'15886','Xã Hoằng Quỳ',284),(5048,'15889','Xã Hoằng Kim',284),(5049,'15892','Xã Hoằng Trung',284),(5050,'15895','Xã Hoằng Trinh',284),(5051,'15901','Xã Hoằng Sơn',284),(5052,'15907','Xã Hoằng Cát',284),(5053,'15910','Xã Hoằng Xuyên',284),(5054,'15916','Xã Hoằng Quý',284),(5055,'15919','Xã Hoằng Hợp',284),(5056,'15928','Xã Hoằng Đức',284),(5057,'15937','Xã Hoằng Hà',284),(5058,'15940','Xã Hoằng Đạt',284),(5059,'15946','Xã Hoằng Đạo',284),(5060,'15949','Xã Hoằng Thắng',284),(5061,'15952','Xã Hoằng Đồng',284),(5062,'15955','Xã Hoằng Thái',284),(5063,'15958','Xã Hoằng Thịnh',284),(5064,'15961','Xã Hoằng Thành',284),(5065,'15964','Xã Hoằng Lộc',284),(5066,'15967','Xã Hoằng Trạch',284),(5067,'15973','Xã Hoằng Phong',284),(5068,'15976','Xã Hoằng Lưu',284),(5069,'15979','Xã Hoằng Châu',284),(5070,'15982','Xã Hoằng Tân',284),(5071,'15985','Xã Hoằng Yến',284),(5072,'15988','Xã Hoằng Tiến',284),(5073,'15991','Xã Hoằng Hải',284),(5074,'15994','Xã Hoằng Ngọc',284),(5075,'15997','Xã Hoằng Đông',284),(5076,'16000','Xã Hoằng Thanh',284),(5077,'16003','Xã Hoằng Phụ',284),(5078,'16006','Xã Hoằng Trường',284),(5079,'16012','Thị trấn Hậu Lộc',285),(5080,'16015','Xã Đồng Lộc',285),(5081,'16018','Xã Đại Lộc',285),(5082,'16021','Xã Triệu Lộc',285),(5083,'16027','Xã Tiến Lộc',285),(5084,'16030','Xã Lộc Sơn',285),(5085,'16033','Xã Cầu Lộc',285),(5086,'16036','Xã Thành Lộc',285),(5087,'16039','Xã Tuy Lộc',285),(5088,'16042','Xã Phong Lộc',285),(5089,'16045','Xã Mỹ Lộc',285),(5090,'16048','Xã Thuần Lộc',285),(5091,'16057','Xã Xuân Lộc',285),(5092,'16063','Xã Hoa Lộc',285),(5093,'16066','Xã Liên Lộc',285),(5094,'16069','Xã Quang Lộc',285),(5095,'16072','Xã Phú Lộc',285),(5096,'16075','Xã Hòa Lộc',285),(5097,'16078','Xã Minh Lộc',285),(5098,'16081','Xã Hưng Lộc',285),(5099,'16084','Xã Hải Lộc',285),(5100,'16087','Xã Đa Lộc',285),(5101,'16090','Xã Ngư Lộc',285),(5102,'16093','Thị trấn Nga Sơn',286),(5103,'16096','Xã Ba Đình',286),(5104,'16099','Xã Nga Vịnh',286),(5105,'16102','Xã Nga Văn',286),(5106,'16105','Xã Nga Thiện',286),(5107,'16108','Xã Nga Tiến',286),(5108,'16114','Xã Nga Phượng',286),(5109,'16117','Xã Nga Trung',286),(5110,'16120','Xã Nga Bạch',286),(5111,'16123','Xã Nga Thanh',286),(5112,'16132','Xã Nga Yên',286),(5113,'16135','Xã Nga Giáp',286),(5114,'16138','Xã Nga Hải',286),(5115,'16141','Xã Nga Thành',286),(5116,'16144','Xã Nga An',286),(5117,'16147','Xã Nga Phú',286),(5118,'16150','Xã Nga Điền',286),(5119,'16153','Xã Nga Tân',286),(5120,'16156','Xã Nga Thủy',286),(5121,'16159','Xã Nga Liên',286),(5122,'16162','Xã Nga Thái',286),(5123,'16165','Xã Nga Thạch',286),(5124,'16168','Xã Nga Thắng',286),(5125,'16171','Xã Nga Trường',286),(5126,'16174','Thị trấn Yên Cát',287),(5127,'16177','Xã Bãi Trành',287),(5128,'16180','Xã Xuân Hòa',287),(5129,'16183','Xã Xuân Bình',287),(5130,'16186','Xã Hóa Quỳ',287),(5131,'16195','Xã Cát Vân',287),(5132,'16198','Xã Cát Tân',287),(5133,'16201','Xã Tân Bình',287),(5134,'16204','Xã Bình Lương',287),(5135,'16207','Xã Thanh Quân',287),(5136,'16210','Xã Thanh Xuân',287),(5137,'16213','Xã Thanh Hòa',287),(5138,'16216','Xã Thanh Phong',287),(5139,'16219','Xã Thanh Lâm',287),(5140,'16222','Xã Thanh Sơn',287),(5141,'16225','Xã Thượng Ninh',287),(5142,'16228','Thị trấn Bến Sung',288),(5143,'16231','Xã Cán Khê',288),(5144,'16234','Xã Xuân Du',288),(5145,'16240','Xã Phượng Nghi',288),(5146,'16243','Xã Mậu Lâm',288),(5147,'16246','Xã Xuân Khang',288),(5148,'16249','Xã Phú Nhuận',288),(5149,'16252','Xã Hải Long',288),(5150,'16258','Xã Xuân Thái',288),(5151,'16261','Xã Xuân Phúc',288),(5152,'16264','Xã Yên Thọ',288),(5153,'16267','Xã Yên Lạc',288),(5154,'16273','Xã Thanh Tân',288),(5155,'16276','Xã Thanh Kỳ',288),(5156,'16279','Thị trấn Nông Cống',289),(5157,'16282','Xã Tân Phúc',289),(5158,'16285','Xã Tân Thọ',289),(5159,'16288','Xã Hoàng Sơn',289),(5160,'16291','Xã Tân Khang',289),(5161,'16294','Xã Hoàng Giang',289),(5162,'16297','Xã Trung Chính',289),(5163,'16303','Xã Trung Thành',289),(5164,'16309','Xã Tế Thắng',289),(5165,'16315','Xã Tế Lợi',289),(5166,'16318','Xã Tế Nông',289),(5167,'16321','Xã Minh Nghĩa',289),(5168,'16324','Xã Minh Khôi',289),(5169,'16327','Xã Vạn Hòa',289),(5170,'16330','Xã Trường Trung',289),(5171,'16333','Xã Vạn Thắng',289),(5172,'16336','Xã Trường Giang',289),(5173,'16339','Xã Vạn Thiện',289),(5174,'16342','Xã Thăng Long',289),(5175,'16345','Xã Trường Minh',289),(5176,'16348','Xã Trường Sơn',289),(5177,'16351','Xã Thăng Bình',289),(5178,'16354','Xã Công Liêm',289),(5179,'16357','Xã Tượng Văn',289),(5180,'16360','Xã Thăng Thọ',289),(5181,'16363','Xã Tượng Lĩnh',289),(5182,'16366','Xã Tượng Sơn',289),(5183,'16369','Xã Công Chính',289),(5184,'16375','Xã Yên Mỹ',289),(5185,'16378','Thị trấn Rừng Thông',290),(5186,'16381','Xã Đông Hoàng',290),(5187,'16384','Xã Đông Ninh',290),(5188,'16390','Xã Đông Hòa',290),(5189,'16393','Xã Đông Yên',290),(5190,'16399','Xã Đông Minh',290),(5191,'16402','Xã Đông Thanh',290),(5192,'16405','Xã Đông Tiến',290),(5193,'16408','Xã Đông Khê',290),(5194,'16414','Xã Đông Thịnh',290),(5195,'16417','Xã Đông Văn',290),(5196,'16420','Xã Đông Phú',290),(5197,'16423','Xã Đông Nam',290),(5198,'16426','Xã Đông Quang',290),(5199,'16438','Thị trấn Tân Phong',291),(5200,'16447','Xã Quảng Trạch',291),(5201,'16453','Xã Quảng Đức',291),(5202,'16456','Xã Quảng Định',291),(5203,'16462','Xã Quảng Nhân',291),(5204,'16465','Xã Quảng Ninh',291),(5205,'16468','Xã Quảng Bình',291),(5206,'16471','Xã Quảng Hợp',291),(5207,'16474','Xã Quảng Văn',291),(5208,'16477','Xã Quảng Long',291),(5209,'16480','Xã Quảng Yên',291),(5210,'16483','Xã Quảng Hòa',291),(5211,'16489','Xã Quảng Khê',291),(5212,'16492','Xã Quảng Trung',291),(5213,'16495','Xã Quảng Chính',291),(5214,'16498','Xã Quảng Ngọc',291),(5215,'16501','Xã Quảng Trường',291),(5216,'16510','Xã Quảng Phúc',291),(5217,'16519','Xã Quảng Giao',291),(5218,'16540','Xã Quảng Hải',291),(5219,'16543','Xã Quảng Lưu',291),(5220,'16546','Xã Quảng Lộc',291),(5221,'16549','Xã Tiên Trang',291),(5222,'16552','Xã Quảng Nham',291),(5223,'16555','Xã Quảng Thạch',291),(5224,'16558','Xã Quảng Thái',291),(5225,'16561','Phường Hải Hòa',292),(5226,'16564','Phường Hải Châu',292),(5227,'16567','Xã Thanh Thủy',292),(5228,'16570','Xã Thanh Sơn',292),(5229,'16576','Phường Hải Ninh',292),(5230,'16579','Xã Anh Sơn',292),(5231,'16582','Xã Ngọc Lĩnh',292),(5232,'16585','Phường Hải An',292),(5233,'16591','Xã Các Sơn',292),(5234,'16594','Phường Tân Dân',292),(5235,'16597','Phường Hải Lĩnh',292),(5236,'16600','Xã Định Hải',292),(5237,'16603','Xã Phú Sơn',292),(5238,'16606','Phường Ninh Hải',292),(5239,'16609','Phường Nguyên Bình',292),(5240,'16612','Xã Hải Nhân',292),(5241,'16618','Phường Bình Minh',292),(5242,'16621','Phường Hải Thanh',292),(5243,'16624','Xã Phú Lâm',292),(5244,'16627','Phường Xuân Lâm',292),(5245,'16630','Phường Trúc Lâm',292),(5246,'16633','Phường Hải Bình',292),(5247,'16636','Xã Tân Trường',292),(5248,'16639','Xã Tùng Lâm',292),(5249,'16642','Phường Tĩnh Hải',292),(5250,'16645','Phường Mai Lâm',292),(5251,'16648','Xã Trường Lâm',292),(5252,'16651','Xã Hải Yến',292),(5253,'16654','Phường Hải Thượng',292),(5254,'16657','Xã Nghi Sơn',292),(5255,'16660','Xã Hải Hà',292),(5256,'16663','Phường Đông Vĩnh',293),(5257,'16666','Phường Hà Huy Tập',293),(5258,'16669','Phường Lê Lợi',293),(5259,'16670','Phường Quán Bàu',293),(5260,'16672','Phường Hưng Bình',293),(5261,'16673','Phường Hưng Phúc',293),(5262,'16675','Phường Hưng Dũng',293),(5263,'16678','Phường Cửa Nam',293),(5264,'16681','Phường Quang Trung',293),(5265,'16684','Phường Đội Cung',293),(5266,'16687','Phường Lê Mao',293),(5267,'16690','Phường Trường Thi',293),(5268,'16693','Phường Bến Thủy',293),(5269,'16696','Phường Hồng Sơn',293),(5270,'16699','Phường Trung Đô',293),(5271,'16702','Xã Nghi Phú',293),(5272,'16705','Xã Hưng Đông',293),(5273,'16708','Xã Hưng Lộc',293),(5274,'16711','Xã Hưng Hòa',293),(5275,'16714','Phường Vinh Tân',293),(5276,'17908','Xã Nghi Liên',293),(5277,'17914','Xã Nghi Ân',293),(5278,'17920','Xã Nghi Kim',293),(5279,'17923','Xã Nghi Đức',293),(5280,'18013','Xã Hưng Chính',293),(5281,'16717','Phường Nghi Thuỷ',294),(5282,'16720','Phường Nghi Tân',294),(5283,'16723','Phường Thu Thuỷ',294),(5284,'16726','Phường Nghi Hòa',294),(5285,'16729','Phường Nghi Hải',294),(5286,'16732','Phường Nghi Hương',294),(5287,'16735','Phường Nghi Thu',294),(5288,'16939','Phường Hoà Hiếu',295),(5289,'16993','Phường Quang Phong',295),(5290,'16994','Phường Quang Tiến',295),(5291,'17003','Phường Long Sơn',295),(5292,'17005','Xã Nghĩa Tiến',295),(5293,'17008','Xã Nghĩa Mỹ',295),(5294,'17011','Xã Tây Hiếu',295),(5295,'17014','Xã Nghĩa Thuận',295),(5296,'17017','Xã Đông Hiếu',295),(5297,'16738','Thị trấn Kim Sơn',296),(5298,'16741','Xã Thông Thụ',296),(5299,'16744','Xã Đồng Văn',296),(5300,'16747','Xã Hạnh Dịch',296),(5301,'16750','Xã Tiền Phong',296),(5302,'16753','Xã Nậm Giải',296),(5303,'16756','Xã Tri Lễ',296),(5304,'16759','Xã Châu Kim',296),(5305,'16763','Xã Mường Nọc',296),(5306,'16765','Xã Châu Thôn',296),(5307,'16768','Xã Nậm Nhoóng',296),(5308,'16771','Xã Quang Phong',296),(5309,'16774','Xã Căm Muộn',296),(5310,'16777','Thị trấn Tân Lạc',297),(5311,'16780','Xã Châu Bính',297),(5312,'16783','Xã Châu Thuận',297),(5313,'16786','Xã Châu Hội',297),(5314,'16789','Xã Châu Nga',297),(5315,'16792','Xã Châu Tiến',297),(5316,'16795','Xã Châu Hạnh',297),(5317,'16798','Xã Châu Thắng',297),(5318,'16801','Xã Châu Phong',297),(5319,'16804','Xã Châu Bình',297),(5320,'16807','Xã Châu Hoàn',297),(5321,'16810','Xã Diên Lãm',297),(5322,'16813','Thị trấn Mường Xén',298),(5323,'16816','Xã Mỹ Lý',298),(5324,'16819','Xã Bắc Lý',298),(5325,'16822','Xã Keng Đu',298),(5326,'16825','Xã Đoọc Mạy',298),(5327,'16828','Xã Huồi Tụ',298),(5328,'16831','Xã Mường Lống',298),(5329,'16834','Xã Na Loi',298),(5330,'16837','Xã Nậm Cắn',298),(5331,'16840','Xã Bảo Nam',298),(5332,'16843','Xã Phà Đánh',298),(5333,'16846','Xã Bảo Thắng',298),(5334,'16849','Xã Hữu Lập',298),(5335,'16852','Xã Tà Cạ',298),(5336,'16855','Xã Chiêu Lưu',298),(5337,'16858','Xã Mường Típ',298),(5338,'16861','Xã Hữu Kiệm',298),(5339,'16864','Xã Tây Sơn',298),(5340,'16867','Xã Mường Ải',298),(5341,'16870','Xã Na Ngoi',298),(5342,'16873','Xã Nậm Càn',298),(5343,'16876','Thị trấn Thạch Giám',299),(5344,'16879','Xã Mai Sơn',299),(5345,'16882','Xã Nhôn Mai',299),(5346,'16885','Xã Hữu Khuông',299),(5347,'16900','Xã Yên Tĩnh',299),(5348,'16903','Xã Nga My',299),(5349,'16904','Xã Xiêng My',299),(5350,'16906','Xã Lưỡng Minh',299),(5351,'16909','Xã Yên Hòa',299),(5352,'16912','Xã Yên Na',299),(5353,'16915','Xã Lưu Kiền',299),(5354,'16921','Xã Xá Lượng',299),(5355,'16924','Xã Tam Thái',299),(5356,'16927','Xã Tam Đình',299),(5357,'16930','Xã Yên Thắng',299),(5358,'16933','Xã Tam Quang',299),(5359,'16936','Xã Tam Hợp',299),(5360,'16941','Thị trấn Nghĩa Đàn',300),(5361,'16942','Xã Nghĩa Mai',300),(5362,'16945','Xã Nghĩa Yên',300),(5363,'16948','Xã Nghĩa Lạc',300),(5364,'16951','Xã Nghĩa Lâm',300),(5365,'16954','Xã Nghĩa Sơn',300),(5366,'16957','Xã Nghĩa Lợi',300),(5367,'16960','Xã Nghĩa Bình',300),(5368,'16963','Xã Nghĩa Thọ',300),(5369,'16966','Xã Nghĩa Minh',300),(5370,'16969','Xã Nghĩa Phú',300),(5371,'16972','Xã Nghĩa Hưng',300),(5372,'16975','Xã Nghĩa Hồng',300),(5373,'16978','Xã Nghĩa Thịnh',300),(5374,'16981','Xã Nghĩa Trung',300),(5375,'16984','Xã Nghĩa Hội',300),(5376,'16987','Xã Nghĩa Thành',300),(5377,'16996','Xã Nghĩa Hiếu',300),(5378,'17020','Xã Nghĩa Đức',300),(5379,'17023','Xã Nghĩa An',300),(5380,'17026','Xã Nghĩa Long',300),(5381,'17029','Xã Nghĩa Lộc',300),(5382,'17032','Xã Nghĩa Khánh',300),(5383,'17035','Thị trấn Quỳ Hợp',301),(5384,'17038','Xã Yên Hợp',301),(5385,'17041','Xã Châu Tiến',301),(5386,'17044','Xã Châu Hồng',301),(5387,'17047','Xã Đồng Hợp',301),(5388,'17050','Xã Châu Thành',301),(5389,'17053','Xã Liên Hợp',301),(5390,'17056','Xã Châu Lộc',301),(5391,'17059','Xã Tam Hợp',301),(5392,'17062','Xã Châu Cường',301),(5393,'17065','Xã Châu Quang',301),(5394,'17068','Xã Thọ Hợp',301),(5395,'17071','Xã Minh Hợp',301),(5396,'17074','Xã Nghĩa Xuân',301),(5397,'17077','Xã Châu Thái',301),(5398,'17080','Xã Châu Đình',301),(5399,'17083','Xã Văn Lợi',301),(5400,'17086','Xã Nam Sơn',301),(5401,'17089','Xã Châu Lý',301),(5402,'17092','Xã Hạ Sơn',301),(5403,'17095','Xã Bắc Sơn',301),(5404,'17098','Thị trấn Cầu Giát',302),(5405,'17101','Xã Quỳnh Thắng',302),(5406,'17119','Xã Quỳnh Tân',302),(5407,'17122','Xã Quỳnh Châu',302),(5408,'17140','Xã Tân Sơn',302),(5409,'17143','Xã Quỳnh Văn',302),(5410,'17146','Xã Ngọc Sơn',302),(5411,'17149','Xã Quỳnh Tam',302),(5412,'17152','Xã Quỳnh Hoa',302),(5413,'17155','Xã Quỳnh Thạch',302),(5414,'17158','Xã Quỳnh Bảng',302),(5415,'17161','Xã Quỳnh Mỹ',302),(5416,'17164','Xã Quỳnh Thanh',302),(5417,'17167','Xã Quỳnh Hậu',302),(5418,'17170','Xã Quỳnh Lâm',302),(5419,'17173','Xã Quỳnh Đôi',302),(5420,'17176','Xã Quỳnh Lương',302),(5421,'17179','Xã Quỳnh Hồng',302),(5422,'17182','Xã Quỳnh Yên',302),(5423,'17185','Xã Quỳnh Bá',302),(5424,'17188','Xã Quỳnh Minh',302),(5425,'17191','Xã Quỳnh Diễn',302),(5426,'17194','Xã Quỳnh Hưng',302),(5427,'17197','Xã Quỳnh Giang',302),(5428,'17200','Xã Quỳnh Ngọc',302),(5429,'17203','Xã Quỳnh Nghĩa',302),(5430,'17206','Xã An Hòa',302),(5431,'17209','Xã Tiến Thủy',302),(5432,'17212','Xã Sơn Hải',302),(5433,'17215','Xã Quỳnh Thọ',302),(5434,'17218','Xã Quỳnh Thuận',302),(5435,'17221','Xã Quỳnh Long',302),(5436,'17224','Xã Tân Thắng',302),(5437,'17227','Thị trấn Con Cuông',303),(5438,'17230','Xã Bình Chuẩn',303),(5439,'17233','Xã Lạng Khê',303),(5440,'17236','Xã Cam Lâm',303),(5441,'17239','Xã Thạch Ngàn',303),(5442,'17242','Xã Đôn Phục',303),(5443,'17245','Xã Mậu Đức',303),(5444,'17248','Xã Châu Khê',303),(5445,'17251','Xã Chi Khê',303),(5446,'17254','Xã Bồng Khê',303),(5447,'17257','Xã Yên Khê',303),(5448,'17260','Xã Lục Dạ',303),(5449,'17263','Xã Môn Sơn',303),(5450,'17266','Thị trấn Tân Kỳ',304),(5451,'17269','Xã Tân Hợp',304),(5452,'17272','Xã Tân Phú',304),(5453,'17275','Xã Tân Xuân',304),(5454,'17278','Xã Giai Xuân',304),(5455,'17281','Xã Nghĩa Bình',304),(5456,'17284','Xã Nghĩa Đồng',304),(5457,'17287','Xã Đồng Văn',304),(5458,'17290','Xã Nghĩa Thái',304),(5459,'17293','Xã Nghĩa Hợp',304),(5460,'17296','Xã Nghĩa Hoàn',304),(5461,'17299','Xã Nghĩa Phúc',304),(5462,'17302','Xã Tiên Kỳ',304),(5463,'17305','Xã Tân An',304),(5464,'17308','Xã Nghĩa Dũng',304),(5465,'17311','Xã Tân Long',304),(5466,'17314','Xã Kỳ Sơn',304),(5467,'17317','Xã Hương Sơn',304),(5468,'17320','Xã Kỳ Tân',304),(5469,'17323','Xã Phú Sơn',304),(5470,'17325','Xã Tân Hương',304),(5471,'17326','Xã Nghĩa Hành',304),(5472,'17329','Thị trấn Anh Sơn',305),(5473,'17332','Xã Thọ Sơn',305),(5474,'17335','Xã Thành Sơn',305),(5475,'17338','Xã Bình Sơn',305),(5476,'17341','Xã Tam Sơn',305),(5477,'17344','Xã Đỉnh Sơn',305),(5478,'17347','Xã Hùng Sơn',305),(5479,'17350','Xã Cẩm Sơn',305),(5480,'17353','Xã Đức Sơn',305),(5481,'17356','Xã Tường Sơn',305),(5482,'17357','Xã Hoa Sơn',305),(5483,'17359','Xã Tào Sơn',305),(5484,'17362','Xã Vĩnh Sơn',305),(5485,'17365','Xã Lạng Sơn',305),(5486,'17368','Xã Hội Sơn',305),(5487,'17371','Xã Thạch Sơn',305),(5488,'17374','Xã Phúc Sơn',305),(5489,'17377','Xã Long Sơn',305),(5490,'17380','Xã Khai Sơn',305),(5491,'17383','Xã Lĩnh Sơn',305),(5492,'17386','Xã Cao Sơn',305),(5493,'17389','Thị trấn Diễn Châu',306),(5494,'17392','Xã Diễn Lâm',306),(5495,'17395','Xã Diễn Đoài',306),(5496,'17398','Xã Diễn Trường',306),(5497,'17401','Xã Diễn Yên',306),(5498,'17404','Xã Diễn Hoàng',306),(5499,'17407','Xã Diễn Hùng',306),(5500,'17410','Xã Diễn Mỹ',306),(5501,'17413','Xã Diễn Hồng',306),(5502,'17416','Xã Diễn Phong',306),(5503,'17419','Xã Diễn Hải',306),(5504,'17422','Xã Diễn Tháp',306),(5505,'17425','Xã Diễn Liên',306),(5506,'17428','Xã Diễn Vạn',306),(5507,'17431','Xã Diễn Kim',306),(5508,'17434','Xã Diễn Kỷ',306),(5509,'17437','Xã Diễn Xuân',306),(5510,'17440','Xã Diễn Thái',306),(5511,'17443','Xã Diễn Đồng',306),(5512,'17446','Xã Diễn Bích',306),(5513,'17449','Xã Diễn Hạnh',306),(5514,'17452','Xã Diễn Ngọc',306),(5515,'17455','Xã Diễn Quảng',306),(5516,'17458','Xã Diễn Nguyên',306),(5517,'17461','Xã Diễn Hoa',306),(5518,'17464','Xã Diễn Thành',306),(5519,'17467','Xã Diễn Phúc',306),(5520,'17476','Xã Diễn Cát',306),(5521,'17479','Xã Diễn Thịnh',306),(5522,'17482','Xã Diễn Tân',306),(5523,'17485','Xã Minh Châu',306),(5524,'17488','Xã Diễn Thọ',306),(5525,'17491','Xã Diễn Lợi',306),(5526,'17494','Xã Diễn Lộc',306),(5527,'17497','Xã Diễn Trung',306),(5528,'17500','Xã Diễn An',306),(5529,'17503','Xã Diễn Phú',306),(5530,'17506','Thị trấn Yên Thành',307),(5531,'17509','Xã Mã Thành',307),(5532,'17510','Xã Tiến Thành',307),(5533,'17512','Xã Lăng Thành',307),(5534,'17515','Xã Tân Thành',307),(5535,'17518','Xã Đức Thành',307),(5536,'17521','Xã Kim Thành',307),(5537,'17524','Xã Hậu Thành',307),(5538,'17525','Xã Hùng Thành',307),(5539,'17527','Xã Đô Thành',307),(5540,'17530','Xã Thọ Thành',307),(5541,'17533','Xã Quang Thành',307),(5542,'17536','Xã Tây Thành',307),(5543,'17539','Xã Phúc Thành',307),(5544,'17542','Xã Hồng Thành',307),(5545,'17545','Xã Đồng Thành',307),(5546,'17548','Xã Phú Thành',307),(5547,'17551','Xã Hoa Thành',307),(5548,'17554','Xã Tăng Thành',307),(5549,'17557','Xã Văn Thành',307),(5550,'17560','Xã Thịnh Thành',307),(5551,'17563','Xã Hợp Thành',307),(5552,'17566','Xã Xuân Thành',307),(5553,'17569','Xã Bắc Thành',307),(5554,'17572','Xã Nhân Thành',307),(5555,'17575','Xã Trung Thành',307),(5556,'17578','Xã Long Thành',307),(5557,'17581','Xã Minh Thành',307),(5558,'17584','Xã Nam Thành',307),(5559,'17587','Xã Vĩnh Thành',307),(5560,'17590','Xã Lý Thành',307),(5561,'17593','Xã Khánh Thành',307),(5562,'17596','Xã Viên Thành',307),(5563,'17599','Xã Đại Thành',307),(5564,'17602','Xã Liên Thành',307),(5565,'17605','Xã Bảo Thành',307),(5566,'17608','Xã Mỹ Thành',307),(5567,'17611','Xã Công Thành',307),(5568,'17614','Xã Sơn Thành',307),(5569,'17617','Thị trấn Đô Lương',308),(5570,'17619','Xã Giang Sơn Đông',308),(5571,'17620','Xã Giang Sơn Tây',308),(5572,'17623','Xã Lam Sơn',308),(5573,'17626','Xã Bồi Sơn',308),(5574,'17629','Xã Hồng Sơn',308),(5575,'17632','Xã Bài Sơn',308),(5576,'17635','Xã Ngọc Sơn',308),(5577,'17638','Xã Bắc Sơn',308),(5578,'17641','Xã Tràng Sơn',308),(5579,'17644','Xã Thượng Sơn',308),(5580,'17647','Xã Hòa Sơn',308),(5581,'17650','Xã Đặng Sơn',308),(5582,'17653','Xã Đông Sơn',308),(5583,'17656','Xã Nam Sơn',308),(5584,'17659','Xã Lưu Sơn',308),(5585,'17662','Xã Yên Sơn',308),(5586,'17665','Xã Văn Sơn',308),(5587,'17668','Xã Đà Sơn',308),(5588,'17671','Xã Lạc Sơn',308),(5589,'17674','Xã Tân Sơn',308),(5590,'17677','Xã Thái Sơn',308),(5591,'17680','Xã Quang Sơn',308),(5592,'17683','Xã Thịnh Sơn',308),(5593,'17686','Xã Trung Sơn',308),(5594,'17689','Xã Xuân Sơn',308),(5595,'17692','Xã Minh Sơn',308),(5596,'17695','Xã Thuận Sơn',308),(5597,'17698','Xã Nhân Sơn',308),(5598,'17701','Xã Hiến Sơn',308),(5599,'17704','Xã Mỹ Sơn',308),(5600,'17707','Xã Trù Sơn',308),(5601,'17710','Xã Đại Sơn',308),(5602,'17713','Thị trấn Thanh Chương',309),(5603,'17716','Xã Cát Văn',309),(5604,'17719','Xã Thanh Nho',309),(5605,'17722','Xã Hạnh Lâm',309),(5606,'17723','Xã Thanh Sơn',309),(5607,'17725','Xã Thanh Hòa',309),(5608,'17728','Xã Phong Thịnh',309),(5609,'17731','Xã Thanh Phong',309),(5610,'17734','Xã Thanh Mỹ',309),(5611,'17737','Xã Thanh Tiên',309),(5612,'17743','Xã Thanh Liên',309),(5613,'17749','Xã Đại Đồng',309),(5614,'17752','Xã Thanh Đồng',309),(5615,'17755','Xã Thanh Ngọc',309),(5616,'17758','Xã Thanh Hương',309),(5617,'17759','Xã Ngọc Lâm',309),(5618,'17761','Xã Thanh Lĩnh',309),(5619,'17764','Xã Đồng Văn',309),(5620,'17767','Xã Ngọc Sơn',309),(5621,'17770','Xã Thanh Thịnh',309),(5622,'17773','Xã Thanh An',309),(5623,'17776','Xã Thanh Chi',309),(5624,'17779','Xã Xuân Tường',309),(5625,'17782','Xã Thanh Dương',309),(5626,'17785','Xã Thanh Lương',309),(5627,'17788','Xã Thanh Khê',309),(5628,'17791','Xã Võ Liệt',309),(5629,'17794','Xã Thanh Long',309),(5630,'17797','Xã Thanh Thủy',309),(5631,'17800','Xã Thanh Khai',309),(5632,'17803','Xã Thanh Yên',309),(5633,'17806','Xã Thanh Hà',309),(5634,'17809','Xã Thanh Giang',309),(5635,'17812','Xã Thanh Tùng',309),(5636,'17815','Xã Thanh Lâm',309),(5637,'17818','Xã Thanh Mai',309),(5638,'17821','Xã Thanh Xuân',309),(5639,'17824','Xã Thanh Đức',309),(5640,'17827','Thị trấn Quán Hành',310),(5641,'17830','Xã Nghi Văn',310),(5642,'17833','Xã Nghi Yên',310),(5643,'17836','Xã Nghi Tiến',310),(5644,'17839','Xã Nghi Hưng',310),(5645,'17842','Xã Nghi Đồng',310),(5646,'17845','Xã Nghi Thiết',310),(5647,'17848','Xã Nghi Lâm',310),(5648,'17851','Xã Nghi Quang',310),(5649,'17854','Xã Nghi Kiều',310),(5650,'17857','Xã Nghi Mỹ',310),(5651,'17860','Xã Nghi Phương',310),(5652,'17863','Xã Nghi Thuận',310),(5653,'17866','Xã Nghi Long',310),(5654,'17869','Xã Nghi Xá',310),(5655,'17875','Xã Nghi Hoa',310),(5656,'17878','Xã Khánh Hợp',310),(5657,'17881','Xã Nghi Thịnh',310),(5658,'17884','Xã Nghi Công Bắc',310),(5659,'17887','Xã Nghi Công Nam',310),(5660,'17890','Xã Nghi Thạch',310),(5661,'17893','Xã Nghi Trung',310),(5662,'17896','Xã Nghi Trường',310),(5663,'17899','Xã Nghi Diên',310),(5664,'17902','Xã Nghi Phong',310),(5665,'17905','Xã Nghi Xuân',310),(5666,'17911','Xã Nghi Vạn',310),(5667,'17917','Xã Phúc Thọ',310),(5668,'17926','Xã Nghi Thái',310),(5669,'17932','Xã Nam Hưng',311),(5670,'17935','Xã Nam Nghĩa',311),(5671,'17938','Xã Nam Thanh',311),(5672,'17941','Xã Nam Anh',311),(5673,'17944','Xã Nam Xuân',311),(5674,'17947','Xã Nam Thái',311),(5675,'17950','Thị trấn Nam Đàn',311),(5676,'17953','Xã Nam Lĩnh',311),(5677,'17956','Xã Nam Giang',311),(5678,'17959','Xã Xuân Hòa',311),(5679,'17962','Xã Hùng Tiến',311),(5680,'17968','Xã Thượng Tân Lộc',311),(5681,'17971','Xã Kim Liên',311),(5682,'17977','Xã Hồng Long',311),(5683,'17980','Xã Xuân Lâm',311),(5684,'17983','Xã Nam Cát',311),(5685,'17986','Xã Khánh Sơn',311),(5686,'17989','Xã Trung Phúc Cường',311),(5687,'17998','Xã Nam Kim',311),(5688,'18001','Thị trấn Hưng Nguyên',312),(5689,'18004','Xã Hưng Trung',312),(5690,'18007','Xã Hưng Yên',312),(5691,'18008','Xã Hưng Yên Bắc',312),(5692,'18010','Xã Hưng Tây',312),(5693,'18016','Xã Hưng Đạo',312),(5694,'18019','Xã Hưng Mỹ',312),(5695,'18022','Xã Hưng Thịnh',312),(5696,'18025','Xã Hưng Lĩnh',312),(5697,'18028','Xã Hưng Thông',312),(5698,'18031','Xã Hưng Tân',312),(5699,'18034','Xã Hưng Lợi',312),(5700,'18037','Xã Hưng Nghĩa',312),(5701,'18040','Xã Hưng Phúc',312),(5702,'18043','Xã Long Xá',312),(5703,'18052','Xã Châu Nhân',312),(5704,'18055','Xã Xuân Lam',312),(5705,'18064','Xã Hưng Thành',312),(5706,'17104','Xã Quỳnh Vinh',313),(5707,'17107','Xã Quỳnh Lộc',313),(5708,'17110','Phường Quỳnh Thiện',313),(5709,'17113','Xã Quỳnh Lập',313),(5710,'17116','Xã Quỳnh Trang',313),(5711,'17125','Phường Mai Hùng',313),(5712,'17128','Phường Quỳnh Dị',313),(5713,'17131','Phường Quỳnh Xuân',313),(5714,'17134','Phường Quỳnh Phương',313),(5715,'17137','Xã Quỳnh Liên',313),(5716,'18070','Phường Trần Phú',314),(5717,'18073','Phường Nam Hà',314),(5718,'18076','Phường Bắc Hà',314),(5719,'18077','Phường Nguyễn Du',314),(5720,'18079','Phường Tân Giang',314),(5721,'18082','Phường Đại Nài',314),(5722,'18085','Phường Hà Huy Tập',314),(5723,'18088','Xã Thạch Trung',314),(5724,'18091','Phường Thạch Quý',314),(5725,'18094','Phường Thạch Linh',314),(5726,'18097','Phường Văn Yên',314),(5727,'18100','Xã Thạch Hạ',314),(5728,'18103','Xã Đồng Môn',314),(5729,'18109','Xã Thạch Hưng',314),(5730,'18112','Xã Thạch Bình',314),(5731,'18115','Phường Bắc Hồng',315),(5732,'18118','Phường Nam Hồng',315),(5733,'18121','Phường Trung Lương',315),(5734,'18124','Phường Đức Thuận',315),(5735,'18127','Phường Đậu Liêu',315),(5736,'18130','Xã Thuận Lộc',315),(5737,'18133','Thị trấn Phố Châu',316),(5738,'18136','Thị trấn  Tây Sơn',316),(5739,'18139','Xã Sơn Hồng',316),(5740,'18142','Xã Sơn Tiến',316),(5741,'18145','Xã Sơn Lâm',316),(5742,'18148','Xã Sơn Lễ',316),(5743,'18157','Xã Sơn Giang',316),(5744,'18160','Xã Sơn Lĩnh',316),(5745,'18163','Xã An Hòa Thịnh',316),(5746,'18172','Xã Sơn Tây',316),(5747,'18175','Xã Sơn Ninh',316),(5748,'18178','Xã Sơn Châu',316),(5749,'18181','Xã Tân Mỹ Hà',316),(5750,'18184','Xã Quang Diệm',316),(5751,'18187','Xã Sơn Trung',316),(5752,'18190','Xã Sơn Bằng',316),(5753,'18193','Xã Sơn Bình',316),(5754,'18196','Xã Sơn Kim 1',316),(5755,'18199','Xã Sơn Kim 2',316),(5756,'18202','Xã Sơn Trà',316),(5757,'18205','Xã Sơn Long',316),(5758,'18211','Xã Kim Hoa',316),(5759,'18214','Xã Sơn Hàm',316),(5760,'18217','Xã Sơn Phú',316),(5761,'18223','Xã Sơn Trường',316),(5762,'18229','Thị trấn Đức Thọ',317),(5763,'18235','Xã Quang Vĩnh',317),(5764,'18241','Xã Tùng Châu',317),(5765,'18244','Xã Trường Sơn',317),(5766,'18247','Xã Liên Minh',317),(5767,'18253','Xã Yên Hồ',317),(5768,'18259','Xã Tùng Ảnh',317),(5769,'18262','Xã Bùi La Nhân',317),(5770,'18274','Xã Thanh Bình Thịnh',317),(5771,'18277','Xã Lâm Trung Thủy',317),(5772,'18280','Xã Hòa Lạc',317),(5773,'18283','Xã Tân Dân',317),(5774,'18298','Xã An Dũng',317),(5775,'18304','Xã Đức Đồng',317),(5776,'18307','Xã Đức Lạng',317),(5777,'18310','Xã Tân Hương',317),(5778,'18313','Thị trấn Vũ Quang',318),(5779,'18316','Xã Ân Phú',318),(5780,'18319','Xã Đức Giang',318),(5781,'18322','Xã Đức Lĩnh',318),(5782,'18325','Xã Thọ Điền',318),(5783,'18328','Xã Đức Hương',318),(5784,'18331','Xã Đức Bồng',318),(5785,'18334','Xã Đức Liên',318),(5786,'18340','Xã Hương Minh',318),(5787,'18343','Xã Quang Thọ',318),(5788,'18352','Thị trấn Xuân An',319),(5789,'18355','Xã Xuân Hội',319),(5790,'18358','Xã Đan Trường',319),(5791,'18364','Xã Xuân Phổ',319),(5792,'18367','Xã Xuân Hải',319),(5793,'18370','Xã Xuân Giang',319),(5794,'18373','Thị trấn Tiên Điền',319),(5795,'18376','Xã Xuân Yên',319),(5796,'18379','Xã Xuân Mỹ',319),(5797,'18382','Xã Xuân Thành',319),(5798,'18385','Xã Xuân Viên',319),(5799,'18388','Xã Xuân Hồng',319),(5800,'18391','Xã Cỗ Đạm',319),(5801,'18394','Xã Xuân Liên',319),(5802,'18397','Xã Xuân Lĩnh',319),(5803,'18400','Xã Xuân Lam',319),(5804,'18403','Xã Cương Gián',319),(5805,'18406','Thị trấn Nghèn',320),(5806,'18415','Xã Thiên Lộc',320),(5807,'18418','Xã Thuần Thiện',320),(5808,'18427','Xã Vượng Lộc',320),(5809,'18433','Xã Thanh Lộc',320),(5810,'18436','Xã Kim Song Trường',320),(5811,'18439','Xã Thường Nga',320),(5812,'18445','Xã Tùng Lộc',320),(5813,'18454','Xã Phú Lộc',320),(5814,'18463','Xã Gia Hanh',320),(5815,'18466','Xã Khánh Vĩnh Yên',320),(5816,'18472','Xã Trung Lộc',320),(5817,'18475','Xã Xuân Lộc',320),(5818,'18478','Xã Thượng Lộc',320),(5819,'18481','Xã Quang Lộc',320),(5820,'18484','Thị trấn Đồng Lộc',320),(5821,'18487','Xã Mỹ Lộc',320),(5822,'18490','Xã Sơn Lộc',320),(5823,'18496','Thị trấn Hương Khê',321),(5824,'18499','Xã Điền Mỹ',321),(5825,'18502','Xã Hà Linh',321),(5826,'18505','Xã Hương Thủy',321),(5827,'18508','Xã Hòa Hải',321),(5828,'18514','Xã Phúc Đồng',321),(5829,'18517','Xã Hương Giang',321),(5830,'18520','Xã Lộc Yên',321),(5831,'18523','Xã Hương Bình',321),(5832,'18526','Xã Hương Long',321),(5833,'18529','Xã Phú Gia',321),(5834,'18532','Xã Gia Phố',321),(5835,'18535','Xã Phú Phong',321),(5836,'18538','Xã Hương Đô',321),(5837,'18541','Xã Hương Vĩnh',321),(5838,'18544','Xã Hương Xuân',321),(5839,'18547','Xã Phúc Trạch',321),(5840,'18550','Xã Hương Trà',321),(5841,'18553','Xã Hương Trạch',321),(5842,'18556','Xã Hương Lâm',321),(5843,'18559','Xã Hương Liên',321),(5844,'18562','Thị trấn Thạch Hà',322),(5845,'18565','Xã Ngọc Sơn',322),(5846,'18571','Xã Thạch Hải',322),(5847,'18586','Xã Thạch Kênh',322),(5848,'18589','Xã Thạch Sơn',322),(5849,'18592','Xã Thạch Liên',322),(5850,'18595','Xã Đỉnh Bàn',322),(5851,'18601','Xã Việt Tiến',322),(5852,'18604','Xã Thạch Khê',322),(5853,'18607','Xã Thạch Long',322),(5854,'18619','Xã Thạch Trị',322),(5855,'18622','Xã Thạch Lạc',322),(5856,'18625','Xã Thạch Ngọc',322),(5857,'18628','Xã Tượng Sơn',322),(5858,'18631','Xã Thạch Văn',322),(5859,'18634','Xã Lưu Vĩnh Sơn',322),(5860,'18637','Xã Thạch Thắng',322),(5861,'18643','Xã Thạch Đài',322),(5862,'18649','Xã Thạch Hội',322),(5863,'18652','Xã Tân Lâm Hương',322),(5864,'18658','Xã Thạch Xuân',322),(5865,'18667','Xã Nam Điền',322),(5866,'18673','Thị trấn Cẩm Xuyên',323),(5867,'18676','Thị trấn Thiên Cầm',323),(5868,'18679','Xã Yên Hòa',323),(5869,'18682','Xã Cẩm Dương',323),(5870,'18685','Xã Cẩm Bình',323),(5871,'18691','Xã Cẩm Vĩnh',323),(5872,'18694','Xã Cẩm Thành',323),(5873,'18697','Xã Cẩm Quang',323),(5874,'18706','Xã Cẩm Thạch',323),(5875,'18709','Xã Cẩm Nhượng',323),(5876,'18712','Xã Nam Phúc Thăng',323),(5877,'18715','Xã Cẩm Duệ',323),(5878,'18721','Xã Cẩm Lĩnh',323),(5879,'18724','Xã Cẩm Quan',323),(5880,'18727','Xã Cẩm Hà',323),(5881,'18730','Xã Cẩm Lộc',323),(5882,'18733','Xã Cẩm Hưng',323),(5883,'18736','Xã Cẩm Thịnh',323),(5884,'18739','Xã Cẩm Mỹ',323),(5885,'18742','Xã Cẩm Trung',323),(5886,'18745','Xã Cẩm Sơn',323),(5887,'18748','Xã Cẩm Lạc',323),(5888,'18751','Xã Cẩm Minh',323),(5889,'18757','Xã Kỳ Xuân',324),(5890,'18760','Xã Kỳ Bắc',324),(5891,'18763','Xã Kỳ Phú',324),(5892,'18766','Xã Kỳ Phong',324),(5893,'18769','Xã Kỳ Tiến',324),(5894,'18772','Xã Kỳ Giang',324),(5895,'18775','Xã Kỳ Đồng',324),(5896,'18778','Xã Kỳ Khang',324),(5897,'18784','Xã Kỳ Văn',324),(5898,'18787','Xã Kỳ Trung',324),(5899,'18790','Xã Kỳ Thọ',324),(5900,'18793','Xã Kỳ Tây',324),(5901,'18799','Xã Kỳ Thượng',324),(5902,'18802','Xã Kỳ Hải',324),(5903,'18805','Xã Kỳ Thư',324),(5904,'18811','Xã Kỳ Châu',324),(5905,'18814','Xã Kỳ Tân',324),(5906,'18838','Xã Lâm Hợp',324),(5907,'18844','Xã Kỳ Sơn',324),(5908,'18850','Xã Kỳ Lạc',324),(5909,'18409','Xã Tân Lộc',325),(5910,'18412','Xã Hồng Lộc',325),(5911,'18421','Xã Thịnh Lộc',325),(5912,'18430','Xã Bình An',325),(5913,'18457','Xã Ích Hậu',325),(5914,'18493','Xã Phù Lưu',325),(5915,'18568','Thị trấn Lộc Hà',325),(5916,'18577','Xã Thạch Mỹ',325),(5917,'18580','Xã Thạch Kim',325),(5918,'18583','Xã Thạch Châu',325),(5919,'18598','Xã Hộ Độ',325),(5920,'18670','Xã Mai Phụ',325),(5921,'18754','Phường Hưng Trí',326),(5922,'18781','Xã Kỳ Ninh',326),(5923,'18796','Xã Kỳ Lợi',326),(5924,'18808','Xã Kỳ Hà',326),(5925,'18820','Phường Kỳ Trinh',326),(5926,'18823','Phường Kỳ Thịnh',326),(5927,'18829','Xã Kỳ Hoa',326),(5928,'18832','Phường Kỳ Phương',326),(5929,'18835','Phường Kỳ Long',326),(5930,'18841','Phường Kỳ Liên',326),(5931,'18847','Xã Kỳ Nam',326),(5932,'18853','Phường Hải Thành',327),(5933,'18856','Phường Đồng Phú',327),(5934,'18859','Phường Bắc Lý',327),(5935,'18865','Phường Nam Lý',327),(5936,'18868','Phường Đồng Hải',327),(5937,'18871','Phường Đồng Sơn',327),(5938,'18874','Phường Phú Hải',327),(5939,'18877','Phường Bắc Nghĩa',327),(5940,'18880','Phường Đức Ninh Đông',327),(5941,'18883','Xã Quang Phú',327),(5942,'18886','Xã Lộc Ninh',327),(5943,'18889','Xã Bảo Ninh',327),(5944,'18892','Xã Nghĩa Ninh',327),(5945,'18895','Xã Thuận Đức',327),(5946,'18898','Xã Đức Ninh',327),(5947,'18901','Thị trấn Quy Đạt',328),(5948,'18904','Xã Dân Hóa',328),(5949,'18907','Xã Trọng Hóa',328),(5950,'18910','Xã Hóa Phúc',328),(5951,'18913','Xã Hồng Hóa',328),(5952,'18916','Xã Hóa Thanh',328),(5953,'18919','Xã Hóa Tiến',328),(5954,'18922','Xã Hóa Hợp',328),(5955,'18925','Xã Xuân Hóa',328),(5956,'18928','Xã Yên Hóa',328),(5957,'18931','Xã Minh Hóa',328),(5958,'18934','Xã Tân Hóa',328),(5959,'18937','Xã Hóa Sơn',328),(5960,'18943','Xã Trung Hóa',328),(5961,'18946','Xã Thượng Hóa',328),(5962,'18949','Thị trấn Đồng Lê',329),(5963,'18952','Xã Hương Hóa',329),(5964,'18955','Xã Kim Hóa',329),(5965,'18958','Xã Thanh Hóa',329),(5966,'18961','Xã Thanh Thạch',329),(5967,'18964','Xã Thuận Hóa',329),(5968,'18967','Xã Lâm Hóa',329),(5969,'18970','Xã Lê Hóa',329),(5970,'18973','Xã Sơn Hóa',329),(5971,'18976','Xã Đồng Hóa',329),(5972,'18979','Xã Ngư Hóa',329),(5973,'18985','Xã Thạch Hóa',329),(5974,'18988','Xã Đức Hóa',329),(5975,'18991','Xã Phong Hóa',329),(5976,'18994','Xã Mai Hóa',329),(5977,'18997','Xã Tiến Hóa',329),(5978,'19000','Xã Châu Hóa',329),(5979,'19003','Xã Cao Quảng',329),(5980,'19006','Xã Văn Hóa',329),(5981,'19012','Xã Quảng Hợp',330),(5982,'19015','Xã Quảng Kim',330),(5983,'19018','Xã Quảng Đông',330),(5984,'19021','Xã Quảng Phú',330),(5985,'19024','Xã Quảng Châu',330),(5986,'19027','Xã Quảng Thạch',330),(5987,'19030','Xã Quảng Lưu',330),(5988,'19033','Xã Quảng Tùng',330),(5989,'19036','Xã Cảnh Dương',330),(5990,'19039','Xã Quảng Tiến',330),(5991,'19042','Xã Quảng Hưng',330),(5992,'19045','Xã Quảng Xuân',330),(5993,'19048','Xã Cảnh Hóa',330),(5994,'19051','Xã Liên Trường',330),(5995,'19057','Xã Quảng Phương',330),(5996,'19063','Xã Phù Hóa',330),(5997,'19072','Xã Quảng Thanh',330),(5998,'19111','Thị trấn Hoàn Lão',331),(5999,'19114','Thị trấn NT Việt Trung',331),(6000,'19117','Xã Xuân Trạch',331),(6001,'19120','Xã Mỹ Trạch',331),(6002,'19123','Xã Hạ Trạch',331),(6003,'19126','Xã Bắc Trạch',331),(6004,'19129','Xã Lâm Trạch',331),(6005,'19132','Xã Thanh Trạch',331),(6006,'19135','Xã Liên Trạch',331),(6007,'19138','Xã Phúc Trạch',331),(6008,'19141','Xã Cự Nẫm',331),(6009,'19144','Xã Hải Phú',331),(6010,'19147','Xã Thượng Trạch',331),(6011,'19150','Xã Sơn Lộc',331),(6012,'19156','Xã Hưng Trạch',331),(6013,'19159','Xã Đồng Trạch',331),(6014,'19162','Xã Đức Trạch',331),(6015,'19165','Thị trấn Phong Nha',331),(6016,'19168','Xã Vạn Trạch',331),(6017,'19174','Xã Phú Định',331),(6018,'19177','Xã Trung Trạch',331),(6019,'19180','Xã Tây Trạch',331),(6020,'19183','Xã Hòa Trạch',331),(6021,'19186','Xã Đại Trạch',331),(6022,'19189','Xã Nhân Trạch',331),(6023,'19192','Xã Tân Trạch',331),(6024,'19195','Xã Nam Trạch',331),(6025,'19198','Xã Lý Trạch',331),(6026,'19201','Thị trấn Quán Hàu',332),(6027,'19204','Xã Trường Sơn',332),(6028,'19207','Xã Lương Ninh',332),(6029,'19210','Xã Vĩnh Ninh',332),(6030,'19213','Xã Võ Ninh',332),(6031,'19216','Xã Hải Ninh',332),(6032,'19219','Xã Hàm Ninh',332),(6033,'19222','Xã Duy Ninh',332),(6034,'19225','Xã Gia Ninh',332),(6035,'19228','Xã Trường Xuân',332),(6036,'19231','Xã Hiền Ninh',332),(6037,'19234','Xã Tân Ninh',332),(6038,'19237','Xã Xuân Ninh',332),(6039,'19240','Xã An Ninh',332),(6040,'19243','Xã Vạn Ninh',332),(6041,'19246','Thị trấn NT Lệ Ninh',333),(6042,'19249','Thị trấn Kiến Giang',333),(6043,'19252','Xã Hồng Thủy',333),(6044,'19255','Xã Ngư Thủy Bắc',333),(6045,'19258','Xã Hoa Thủy',333),(6046,'19261','Xã Thanh Thủy',333),(6047,'19264','Xã An Thủy',333),(6048,'19267','Xã Phong Thủy',333),(6049,'19270','Xã Cam Thủy',333),(6050,'19273','Xã Ngân Thủy',333),(6051,'19276','Xã Sơn Thủy',333),(6052,'19279','Xã Lộc Thủy',333),(6053,'19285','Xã Liên Thủy',333),(6054,'19288','Xã Hưng Thủy',333),(6055,'19291','Xã Dương Thủy',333),(6056,'19294','Xã Tân Thủy',333),(6057,'19297','Xã Phú Thủy',333),(6058,'19300','Xã Xuân Thủy',333),(6059,'19303','Xã Mỹ Thủy',333),(6060,'19306','Xã Ngư Thủy ',333),(6061,'19309','Xã Mai Thủy',333),(6062,'19312','Xã Sen Thủy',333),(6063,'19315','Xã Thái Thủy',333),(6064,'19318','Xã Kim Thủy',333),(6065,'19321','Xã Trường Thủy',333),(6066,'19327','Xã Lâm Thủy',333),(6067,'19009','Phường Ba Đồn',334),(6068,'19060','Phường Quảng Long',334),(6069,'19066','Phường Quảng Thọ',334),(6070,'19069','Xã Quảng Tiên',334),(6071,'19075','Xã Quảng Trung',334),(6072,'19078','Phường Quảng Phong',334),(6073,'19081','Phường Quảng Thuận',334),(6074,'19084','Xã Quảng Tân',334),(6075,'19087','Xã Quảng Hải',334),(6076,'19090','Xã Quảng Sơn',334),(6077,'19093','Xã Quảng Lộc',334),(6078,'19096','Xã Quảng Thủy',334),(6079,'19099','Xã Quảng Văn',334),(6080,'19102','Phường Quảng Phúc',334),(6081,'19105','Xã Quảng Hòa',334),(6082,'19108','Xã Quảng Minh',334),(6083,'19330','Phường Đông Giang',335),(6084,'19333','Phường 1',335),(6085,'19336','Phường Đông Lễ',335),(6086,'19339','Phường Đông Thanh',335),(6087,'19342','Phường 2',335),(6088,'19345','Phường 4',335),(6089,'19348','Phường 5',335),(6090,'19351','Phường Đông Lương',335),(6091,'19354','Phường 3',335),(6092,'19357','Phường 1',336),(6093,'19358','Phường An Đôn',336),(6094,'19360','Phường 2',336),(6095,'19361','Phường 3',336),(6096,'19705','Xã Hải Lệ',336),(6097,'19363','Thị trấn Hồ Xá',337),(6098,'19366','Thị trấn Bến Quan',337),(6099,'19369','Xã Vĩnh Thái',337),(6100,'19372','Xã Vĩnh Tú',337),(6101,'19375','Xã Vĩnh Chấp',337),(6102,'19378','Xã Trung Nam',337),(6103,'19384','Xã Kim Thạch',337),(6104,'19387','Xã Vĩnh Long',337),(6105,'19393','Xã Vĩnh Khê',337),(6106,'19396','Xã Vĩnh Hòa',337),(6107,'19402','Xã Vĩnh Thủy',337),(6108,'19405','Xã Vĩnh Lâm',337),(6109,'19408','Xã Hiền Thành',337),(6110,'19414','Thị trấn Cửa Tùng',337),(6111,'19417','Xã Vĩnh Hà',337),(6112,'19420','Xã Vĩnh Sơn',337),(6113,'19423','Xã Vĩnh Giang',337),(6114,'19426','Xã Vĩnh Ô',337),(6115,'19429','Thị trấn Khe Sanh',338),(6116,'19432','Thị trấn Lao Bảo',338),(6117,'19435','Xã Hướng Lập',338),(6118,'19438','Xã Hướng Việt',338),(6119,'19441','Xã Hướng Phùng',338),(6120,'19444','Xã Hướng Sơn',338),(6121,'19447','Xã Hướng Linh',338),(6122,'19450','Xã Tân Hợp',338),(6123,'19453','Xã Hướng Tân',338),(6124,'19456','Xã Tân Thành',338),(6125,'19459','Xã Tân Long',338),(6126,'19462','Xã Tân Lập',338),(6127,'19465','Xã Tân Liên',338),(6128,'19468','Xã Húc',338),(6129,'19471','Xã Thuận',338),(6130,'19474','Xã Hướng Lộc',338),(6131,'19477','Xã Ba Tầng',338),(6132,'19480','Xã Thanh',338),(6133,'19483','Xã  A Dơi',338),(6134,'19489','Xã Lìa',338),(6135,'19492','Xã Xy',338),(6136,'19495','Thị trấn Gio Linh',339),(6137,'19496','Thị trấn Cửa Việt',339),(6138,'19498','Xã Trung Giang',339),(6139,'19501','Xã Trung Hải',339),(6140,'19504','Xã Trung Sơn',339),(6141,'19507','Xã Phong Bình',339),(6142,'19510','Xã Gio Mỹ',339),(6143,'19519','Xã Gio Hải',339),(6144,'19522','Xã Gio An',339),(6145,'19525','Xã Gio Châu',339),(6146,'19531','Xã Gio Việt',339),(6147,'19534','Xã Linh Trường',339),(6148,'19537','Xã Gio Sơn',339),(6149,'19543','Xã Gio Mai',339),(6150,'19546','Xã Hải Thái',339),(6151,'19549','Xã Linh Hải',339),(6152,'19552','Xã Gio Quang',339),(6153,'19555','Thị trấn Krông Klang',340),(6154,'19558','Xã Mò Ó',340),(6155,'19561','Xã Hướng Hiệp',340),(6156,'19564','Xã Đa Krông',340),(6157,'19567','Xã Triệu Nguyên',340),(6158,'19570','Xã Ba Lòng',340),(6159,'19576','Xã Ba Nang',340),(6160,'19579','Xã Tà Long',340),(6161,'19582','Xã Húc Nghì',340),(6162,'19585','Xã A Vao',340),(6163,'19588','Xã Tà Rụt',340),(6164,'19591','Xã A Bung',340),(6165,'19594','Xã A Ngo',340),(6166,'19597','Thị trấn Cam Lộ',341),(6167,'19600','Xã Cam Tuyền',341),(6168,'19603','Xã Thanh An',341),(6169,'19606','Xã Cam Thủy',341),(6170,'19612','Xã Cam Thành',341),(6171,'19615','Xã Cam Hiếu',341),(6172,'19618','Xã Cam Chính',341),(6173,'19621','Xã Cam Nghĩa',341),(6174,'19624','Thị Trấn Ái Tử',342),(6175,'19627','Xã Triệu An',342),(6176,'19630','Xã Triệu Vân',342),(6177,'19633','Xã Triệu Phước',342),(6178,'19636','Xã Triệu Độ',342),(6179,'19639','Xã Triệu Trạch',342),(6180,'19642','Xã Triệu Thuận',342),(6181,'19645','Xã Triệu Đại',342),(6182,'19648','Xã Triệu Hòa',342),(6183,'19651','Xã Triệu Lăng',342),(6184,'19654','Xã Triệu Sơn',342),(6185,'19657','Xã Triệu Long',342),(6186,'19660','Xã Triệu Tài',342),(6187,'19666','Xã Triệu Trung',342),(6188,'19669','Xã Triệu Ái',342),(6189,'19672','Xã Triệu Thượng',342),(6190,'19675','Xã Triệu Giang',342),(6191,'19678','Xã Triệu Thành',342),(6192,'19681','Thị trấn Diên Sanh',343),(6193,'19684','Xã Hải An',343),(6194,'19687','Xã Hải Ba',343),(6195,'19693','Xã Hải Quy',343),(6196,'19696','Xã Hải Quế',343),(6197,'19699','Xã Hải Hưng',343),(6198,'19702','Xã Hải Phú',343),(6199,'19708','Xã Hải Thượng',343),(6200,'19711','Xã Hải Dương',343),(6201,'19714','Xã Hải Định',343),(6202,'19717','Xã Hải Lâm',343),(6203,'19726','Xã Hải Phong',343),(6204,'19729','Xã Hải Trường',343),(6205,'19735','Xã Hải Sơn',343),(6206,'19738','Xã Hải Chánh',343),(6207,'19741','Xã Hải Khê',343),(6208,'19744','Phường Phú Thuận',344),(6209,'19747','Phường Phú Bình',344),(6210,'19750','Phường Tây Lộc',344),(6211,'19753','Phường Thuận Lộc',344),(6212,'19756','Phường Phú Hiệp',344),(6213,'19759','Phường Phú Hậu',344),(6214,'19762','Phường Thuận Hòa',344),(6215,'19765','Phường Thuận Thành',344),(6216,'19768','Phường Phú Hòa',344),(6217,'19771','Phường Phú Cát',344),(6218,'19774','Phường Kim Long',344),(6219,'19777','Phường Vĩ Dạ',344),(6220,'19780','Phường Phường Đúc',344),(6221,'19783','Phường Vĩnh Ninh',344),(6222,'19786','Phường Phú Hội',344),(6223,'19789','Phường Phú Nhuận',344),(6224,'19792','Phường Xuân Phú',344),(6225,'19795','Phường Trường An',344),(6226,'19798','Phường Phước Vĩnh',344),(6227,'19801','Phường An Cựu',344),(6228,'19803','Phường An Hòa',344),(6229,'19804','Phường Hương Sơ',344),(6230,'19807','Phường Thuỷ Biều',344),(6231,'19810','Phường Hương Long',344),(6232,'19813','Phường Thuỷ Xuân',344),(6233,'19815','Phường An Đông',344),(6234,'19816','Phường An Tây',344),(6235,'19819','Thị trấn Phong Điền',345),(6236,'19822','Xã Điền Hương',345),(6237,'19825','Xã Điền Môn',345),(6238,'19828','Xã Điền Lộc',345),(6239,'19831','Xã Phong Bình',345),(6240,'19834','Xã Điền Hòa',345),(6241,'19837','Xã Phong Chương',345),(6242,'19840','Xã Phong Hải',345),(6243,'19843','Xã Điền Hải',345),(6244,'19846','Xã Phong Hòa',345),(6245,'19849','Xã Phong Thu',345),(6246,'19852','Xã Phong Hiền',345),(6247,'19855','Xã Phong Mỹ',345),(6248,'19858','Xã Phong An',345),(6249,'19861','Xã Phong Xuân',345),(6250,'19864','Xã Phong Sơn',345),(6251,'19867','Thị trấn Sịa',346),(6252,'19870','Xã Quảng Thái',346),(6253,'19873','Xã Quảng Ngạn',346),(6254,'19876','Xã Quảng Lợi',346),(6255,'19879','Xã Quảng Công',346),(6256,'19882','Xã Quảng Phước',346),(6257,'19885','Xã Quảng Vinh',346),(6258,'19888','Xã Quảng An',346),(6259,'19891','Xã Quảng Thành',346),(6260,'19894','Xã Quảng Thọ',346),(6261,'19897','Xã Quảng Phú',346),(6262,'19900','Thị trấn Thuận An',347),(6263,'19903','Xã Phú Thuận',347),(6264,'19906','Xã Phú Dương',347),(6265,'19909','Xã Phú Mậu',347),(6266,'19912','Xã Phú An',347),(6267,'19915','Xã Phú Hải',347),(6268,'19918','Xã Phú Xuân',347),(6269,'19921','Xã Phú Diên',347),(6270,'19924','Xã Phú Thanh',347),(6271,'19927','Xã Phú Mỹ',347),(6272,'19930','Xã Phú Thượng',347),(6273,'19933','Xã Phú Hồ',347),(6274,'19936','Xã Vinh Xuân',347),(6275,'19939','Xã Phú Lương',347),(6276,'19942','Thị trấn Phú Đa',347),(6277,'19945','Xã Vinh Thanh',347),(6278,'19948','Xã Vinh An',347),(6279,'19954','Xã Phú Gia',347),(6280,'19957','Xã Vinh Hà',347),(6281,'19960','Phường Phú Bài',348),(6282,'19963','Xã Thủy Vân',348),(6283,'19966','Xã Thủy Thanh',348),(6284,'19969','Phường Thủy Dương',348),(6285,'19972','Phường Thủy Phương',348),(6286,'19975','Phường Thủy Châu',348),(6287,'19978','Phường Thủy Lương',348),(6288,'19981','Xã Thủy Bằng',348),(6289,'19984','Xã Thủy Tân',348),(6290,'19987','Xã Thủy Phù',348),(6291,'19990','Xã Phú Sơn',348),(6292,'19993','Xã Dương Hòa',348),(6293,'19996','Phường Tứ Hạ',349),(6294,'19999','Xã Hải Dương',349),(6295,'20002','Xã Hương Phong',349),(6296,'20005','Xã Hương Toàn',349),(6297,'20008','Phường Hương Vân',349),(6298,'20011','Phường Hương Văn',349),(6299,'20014','Xã Hương Vinh',349),(6300,'20017','Phường Hương Xuân',349),(6301,'20020','Phường Hương Chữ',349),(6302,'20023','Phường Hương An',349),(6303,'20026','Xã Hương Bình',349),(6304,'20029','Phường Hương Hồ',349),(6305,'20032','Xã Hương Thọ',349),(6306,'20035','Xã Bình Tiến',349),(6307,'20041','Xã Bình Thành',349),(6308,'20044','Thị trấn A Lưới',350),(6309,'20047','Xã Hồng Vân',350),(6310,'20050','Xã Hồng Hạ',350),(6311,'20053','Xã Hồng Kim',350),(6312,'20056','Xã Trung Sơn',350),(6313,'20059','Xã Hương Nguyên',350),(6314,'20065','Xã Hồng Bắc',350),(6315,'20068','Xã A Ngo',350),(6316,'20071','Xã Sơn Thủy',350),(6317,'20074','Xã Phú Vinh',350),(6318,'20080','Xã Hương Phong',350),(6319,'20083','Xã Quảng Nhâm',350),(6320,'20086','Xã Hồng Thượng',350),(6321,'20089','Xã Hồng Thái',350),(6322,'20095','Xã A Roằng',350),(6323,'20098','Xã Đông Sơn',350),(6324,'20101','Xã Lâm Đớt',350),(6325,'20104','Xã Hồng Thủy',350),(6326,'20107','Thị trấn Phú Lộc',351),(6327,'20110','Thị trấn Lăng Cô',351),(6328,'20113','Xã Vinh Mỹ',351),(6329,'20116','Xã Vinh Hưng',351),(6330,'20122','Xã Giang Hải',351),(6331,'20125','Xã Vinh Hiền',351),(6332,'20128','Xã Lộc Bổn',351),(6333,'20131','Xã Lộc Sơn',351),(6334,'20134','Xã Lộc Bình',351),(6335,'20137','Xã Lộc Vĩnh',351),(6336,'20140','Xã Lộc An',351),(6337,'20143','Xã Lộc Điền',351),(6338,'20146','Xã Lộc Thủy',351),(6339,'20149','Xã Lộc Trì',351),(6340,'20152','Xã Lộc Tiến',351),(6341,'20155','Xã Lộc Hòa',351),(6342,'20158','Xã Xuân Lộc',351),(6343,'20161','Thị trấn Khe Tre',352),(6344,'20164','Xã Hương Phú',352),(6345,'20167','Xã Hương Sơn',352),(6346,'20170','Xã Hương Lộc',352),(6347,'20173','Xã Thượng Quảng',352),(6348,'20179','Xã Hương Xuân',352),(6349,'20182','Xã Hương Hữu',352),(6350,'20185','Xã Thượng Lộ',352),(6351,'20188','Xã Thượng Long',352),(6352,'20191','Xã Thượng Nhật',352),(6353,'20194','Phường Hòa Hiệp Bắc',353),(6354,'20195','Phường Hòa Hiệp Nam',353),(6355,'20197','Phường Hòa Khánh Bắc',353),(6356,'20198','Phường Hòa Khánh Nam',353),(6357,'20200','Phường Hòa Minh',353),(6358,'20203','Phường Tam Thuận',354),(6359,'20206','Phường Thanh Khê Tây',354),(6360,'20207','Phường Thanh Khê Đông',354),(6361,'20209','Phường Xuân Hà',354),(6362,'20212','Phường Tân Chính',354),(6363,'20215','Phường Chính Gián',354),(6364,'20218','Phường Vĩnh Trung',354),(6365,'20221','Phường Thạc Gián',354),(6366,'20224','Phường An Khê',354),(6367,'20225','Phường Hòa Khê',354),(6368,'20227','Phường Thanh Bình',355),(6369,'20230','Phường Thuận Phước',355),(6370,'20233','Phường Thạch Thang',355),(6371,'20236','Phường Hải Châu  I',355),(6372,'20239','Phường Hải Châu II',355),(6373,'20242','Phường Phước Ninh',355),(6374,'20245','Phường Hòa Thuận Tây',355),(6375,'20246','Phường Hòa Thuận Đông',355),(6376,'20248','Phường Nam Dương',355),(6377,'20251','Phường Bình Hiên',355),(6378,'20254','Phường Bình Thuận',355),(6379,'20257','Phường Hòa Cường Bắc',355),(6380,'20258','Phường Hòa Cường Nam',355),(6381,'20263','Phường Thọ Quang',356),(6382,'20266','Phường Nại Hiên Đông',356),(6383,'20269','Phường Mân Thái',356),(6384,'20272','Phường An Hải Bắc',356),(6385,'20275','Phường Phước Mỹ',356),(6386,'20278','Phường An Hải Tây',356),(6387,'20281','Phường An Hải Đông',356),(6388,'20284','Phường Mỹ An',357),(6389,'20285','Phường Khuê Mỹ',357),(6390,'20287','Phường Hoà Quý',357),(6391,'20290','Phường Hoà Hải',357),(6392,'20260','Phường Khuê Trung',358),(6393,'20305','Phường Hòa Phát',358),(6394,'20306','Phường Hòa An',358),(6395,'20311','Phường Hòa Thọ Tây',358),(6396,'20312','Phường Hòa Thọ Đông',358),(6397,'20314','Phường Hòa Xuân',358),(6398,'20293','Xã Hòa Bắc',359),(6399,'20296','Xã Hòa Liên',359),(6400,'20299','Xã Hòa Ninh',359),(6401,'20302','Xã Hòa Sơn',359),(6402,'20308','Xã Hòa Nhơn',359),(6403,'20317','Xã Hòa Phú',359),(6404,'20320','Xã Hòa Phong',359),(6405,'20323','Xã Hòa Châu',359),(6406,'20326','Xã Hòa Tiến',359),(6407,'20329','Xã Hòa Phước',359),(6408,'20332','Xã Hòa Khương',359),(6409,'20335','Phường Tân Thạnh',360),(6410,'20338','Phường Phước Hòa',360),(6411,'20341','Phường An Mỹ',360),(6412,'20344','Phường Hòa Hương',360),(6413,'20347','Phường An Xuân',360),(6414,'20350','Phường An Sơn',360),(6415,'20353','Phường Trường Xuân',360),(6416,'20356','Phường An Phú',360),(6417,'20359','Xã Tam Thanh',360),(6418,'20362','Xã Tam Thăng',360),(6419,'20371','Xã Tam Phú',360),(6420,'20375','Phường Hoà Thuận',360),(6421,'20389','Xã Tam Ngọc',360),(6422,'20398','Phường Minh An',361),(6423,'20401','Phường Tân An',361),(6424,'20404','Phường Cẩm Phô',361),(6425,'20407','Phường Thanh Hà',361),(6426,'20410','Phường Sơn Phong',361),(6427,'20413','Phường Cẩm Châu',361),(6428,'20416','Phường Cửa Đại',361),(6429,'20419','Phường Cẩm An',361),(6430,'20422','Xã Cẩm Hà',361),(6431,'20425','Xã Cẩm Kim',361),(6432,'20428','Phường Cẩm Nam',361),(6433,'20431','Xã Cẩm Thanh',361),(6434,'20434','Xã Tân Hiệp',361),(6435,'20437','Xã Ch\'ơm',362),(6436,'20440','Xã Ga Ri',362),(6437,'20443','Xã A Xan',362),(6438,'20446','Xã Tr\'Hy',362),(6439,'20449','Xã Lăng',362),(6440,'20452','Xã A Nông',362),(6441,'20455','Xã A Tiêng',362),(6442,'20458','Xã Bha Lê',362),(6443,'20461','Xã A Vương',362),(6444,'20464','Xã Dang',362),(6445,'20467','Thị trấn P Rao',363),(6446,'20470','Xã Tà Lu',363),(6447,'20473','Xã Sông Kôn',363),(6448,'20476','Xã Jơ Ngây',363),(6449,'20479','Xã A Ting',363),(6450,'20482','Xã  Tư',363),(6451,'20485','Xã Ba',363),(6452,'20488','Xã A Rooi',363),(6453,'20491','Xã Za Hung',363),(6454,'20494','Xã Mà Cooi',363),(6455,'20497','Xã Ka Dăng',363),(6456,'20500','Thị Trấn Ái Nghĩa',364),(6457,'20503','Xã Đại Sơn',364),(6458,'20506','Xã Đại Lãnh',364),(6459,'20509','Xã Đại Hưng',364),(6460,'20512','Xã Đại Hồng',364),(6461,'20515','Xã Đại Đồng',364),(6462,'20518','Xã Đại Quang',364),(6463,'20521','Xã Đại Nghĩa',364),(6464,'20524','Xã Đại Hiệp',364),(6465,'20527','Xã Đại Thạnh',364),(6466,'20530','Xã Đại Chánh',364),(6467,'20533','Xã Đại Tân',364),(6468,'20536','Xã Đại Phong',364),(6469,'20539','Xã Đại Minh',364),(6470,'20542','Xã Đại Thắng',364),(6471,'20545','Xã Đại Cường',364),(6472,'20547','Xã Đại An',364),(6473,'20548','Xã Đại Hòa',364),(6474,'20551','Phường Vĩnh Điện',365),(6475,'20554','Xã Điện Tiến',365),(6476,'20557','Xã Điện Hòa',365),(6477,'20560','Xã Điện Thắng Bắc',365),(6478,'20561','Xã Điện Thắng Trung',365),(6479,'20562','Xã Điện Thắng Nam',365),(6480,'20563','Phường Điện Ngọc',365),(6481,'20566','Xã Điện Hồng',365),(6482,'20569','Xã Điện Thọ',365),(6483,'20572','Xã Điện Phước',365),(6484,'20575','Phường Điện An',365),(6485,'20578','Phường Điện Nam Bắc',365),(6486,'20579','Phường Điện Nam Trung',365),(6487,'20580','Phường Điện Nam Đông',365),(6488,'20581','Phường Điện Dương',365),(6489,'20584','Xã Điện Quang',365),(6490,'20587','Xã Điện Trung',365),(6491,'20590','Xã Điện Phong',365),(6492,'20593','Xã Điện Minh',365),(6493,'20596','Xã Điện Phương',365),(6494,'20599','Thị trấn Nam Phước',366),(6495,'20602','Xã Duy Thu',366),(6496,'20605','Xã Duy Phú',366),(6497,'20608','Xã Duy Tân',366),(6498,'20611','Xã Duy Hòa',366),(6499,'20614','Xã Duy Châu',366),(6500,'20617','Xã Duy Trinh',366),(6501,'20620','Xã Duy Sơn',366),(6502,'20623','Xã Duy Trung',366),(6503,'20626','Xã Duy Phước',366),(6504,'20629','Xã Duy Thành',366),(6505,'20632','Xã Duy Vinh',366),(6506,'20635','Xã Duy Nghĩa',366),(6507,'20638','Xã Duy Hải',366),(6508,'20641','Thị trấn Đông Phú',367),(6509,'20644','Xã Quế Xuân 1',367),(6510,'20647','Xã Quế Xuân 2',367),(6511,'20650','Xã Quế Phú',367),(6512,'20651','Thị trấn Hương An',367),(6513,'20659','Xã Quế Hiệp',367),(6514,'20662','Xã Quế Thuận',367),(6515,'20665','Xã Quế Mỹ',367),(6516,'20677','Xã Quế Long',367),(6517,'20680','Xã Quế Châu',367),(6518,'20683','Xã Quế Phong',367),(6519,'20686','Xã Quế An',367),(6520,'20689','Xã Quế Minh',367),(6521,'20695','Thị trấn Thạnh Mỹ',368),(6522,'20698','Xã Laêê',368),(6523,'20699','Xã Chơ Chun',368),(6524,'20701','Xã Zuôich',368),(6525,'20702','Xã Tà Pơơ',368),(6526,'20704','Xã La Dêê',368),(6527,'20705','Xã Đắc Tôi',368),(6528,'20707','Xã Chà Vàl',368),(6529,'20710','Xã Tà Bhinh',368),(6530,'20713','Xã Cà Dy',368),(6531,'20716','Xã Đắc Pre',368),(6532,'20719','Xã Đắc Pring',368),(6533,'20722','Thị trấn Khâm Đức',369),(6534,'20725','Xã Phước Xuân',369),(6535,'20728','Xã Phước Hiệp',369),(6536,'20729','Xã Phước Hoà',369),(6537,'20731','Xã Phước Đức',369),(6538,'20734','Xã Phước Năng',369),(6539,'20737','Xã Phước Mỹ',369),(6540,'20740','Xã Phước Chánh',369),(6541,'20743','Xã Phước Công',369),(6542,'20746','Xã Phước Kim',369),(6543,'20749','Xã Phước Lộc',369),(6544,'20752','Xã Phước Thành',369),(6545,'20758','Xã Hiệp Hòa',370),(6546,'20761','Xã Hiệp Thuận',370),(6547,'20764','Xã Quế Thọ',370),(6548,'20767','Xã Bình Lâm',370),(6549,'20770','Xã Sông Trà',370),(6550,'20773','Xã Phước Trà',370),(6551,'20776','Xã Phước Gia',370),(6552,'20779','Thị trấn Tân Bình',370),(6553,'20782','Xã Quế Lưu',370),(6554,'20785','Xã Thăng Phước',370),(6555,'20788','Xã Bình Sơn',370),(6556,'20791','Thị trấn Hà Lam',371),(6557,'20794','Xã Bình Dương',371),(6558,'20797','Xã Bình Giang',371),(6559,'20800','Xã Bình Nguyên',371),(6560,'20803','Xã Bình Phục',371),(6561,'20806','Xã Bình Triều',371),(6562,'20809','Xã Bình Đào',371),(6563,'20812','Xã Bình Minh',371),(6564,'20815','Xã Bình Lãnh',371),(6565,'20818','Xã Bình Trị',371),(6566,'20821','Xã Bình Định Bắc',371),(6567,'20822','Xã Bình Định Nam',371),(6568,'20824','Xã Bình Quý',371),(6569,'20827','Xã Bình Phú',371),(6570,'20830','Xã Bình Chánh',371),(6571,'20833','Xã Bình Tú',371),(6572,'20836','Xã Bình Sa',371),(6573,'20839','Xã Bình Hải',371),(6574,'20842','Xã Bình Quế',371),(6575,'20845','Xã Bình An',371),(6576,'20848','Xã Bình Trung',371),(6577,'20851','Xã Bình Nam',371),(6578,'20854','Thị trấn Tiên Kỳ',372),(6579,'20857','Xã Tiên Sơn',372),(6580,'20860','Xã Tiên Hà',372),(6581,'20863','Xã Tiên Cẩm',372),(6582,'20866','Xã Tiên Châu',372),(6583,'20869','Xã Tiên Lãnh',372),(6584,'20872','Xã Tiên Ngọc',372),(6585,'20875','Xã Tiên Hiệp',372),(6586,'20878','Xã Tiên Cảnh',372),(6587,'20881','Xã Tiên Mỹ',372),(6588,'20884','Xã Tiên Phong',372),(6589,'20887','Xã Tiên Thọ',372),(6590,'20890','Xã Tiên An',372),(6591,'20893','Xã Tiên Lộc',372),(6592,'20896','Xã Tiên Lập',372),(6593,'20899','Thị trấn Trà My',373),(6594,'20900','Xã Trà Sơn',373),(6595,'20902','Xã Trà Kót',373),(6596,'20905','Xã Trà Nú',373),(6597,'20908','Xã Trà Đông',373),(6598,'20911','Xã Trà Dương',373),(6599,'20914','Xã Trà Giang',373),(6600,'20917','Xã Trà Bui',373),(6601,'20920','Xã Trà Đốc',373),(6602,'20923','Xã Trà Tân',373),(6603,'20926','Xã Trà Giác',373),(6604,'20929','Xã Trà Giáp',373),(6605,'20932','Xã Trà Ka',373),(6606,'20935','Xã Trà Leng',374),(6607,'20938','Xã Trà Dơn',374),(6608,'20941','Xã Trà Tập',374),(6609,'20944','Xã Trà Mai',374),(6610,'20947','Xã Trà Cang',374),(6611,'20950','Xã Trà Linh',374),(6612,'20953','Xã Trà Nam',374),(6613,'20956','Xã Trà Don',374),(6614,'20959','Xã Trà Vân',374),(6615,'20962','Xã Trà Vinh',374),(6616,'20965','Thị trấn Núi Thành',375),(6617,'20968','Xã Tam Xuân I',375),(6618,'20971','Xã Tam Xuân II',375),(6619,'20974','Xã Tam Tiến',375),(6620,'20977','Xã Tam Sơn',375),(6621,'20980','Xã Tam Thạnh',375),(6622,'20983','Xã Tam Anh Bắc',375),(6623,'20984','Xã Tam Anh Nam',375),(6624,'20986','Xã Tam Hòa',375),(6625,'20989','Xã Tam Hiệp',375),(6626,'20992','Xã Tam Hải',375),(6627,'20995','Xã Tam Giang',375),(6628,'20998','Xã Tam Quang',375),(6629,'21001','Xã Tam Nghĩa',375),(6630,'21004','Xã Tam Mỹ Tây',375),(6631,'21005','Xã Tam Mỹ Đông',375),(6632,'21007','Xã Tam Trà',375),(6633,'20364','Thị trấn Phú Thịnh',376),(6634,'20365','Xã Tam Thành',376),(6635,'20368','Xã Tam An',376),(6636,'20374','Xã Tam Đàn',376),(6637,'20377','Xã Tam Lộc',376),(6638,'20380','Xã Tam Phước',376),(6639,'20383','Xã Tam Vinh',376),(6640,'20386','Xã Tam Thái',376),(6641,'20387','Xã Tam Đại',376),(6642,'20392','Xã Tam Dân',376),(6643,'20395','Xã Tam Lãnh',376),(6644,'20656','Xã Quế Trung',377),(6645,'20668','Xã Ninh Phước',377),(6646,'20669','Xã Phước Ninh',377),(6647,'20671','Xã Quế Lộc',377),(6648,'20672','Xã Sơn Viên',377),(6649,'20692','Xã Quế Lâm',377),(6650,'21010','Phường Lê Hồng Phong',378),(6651,'21013','Phường Trần Phú',378),(6652,'21016','Phường Quảng Phú',378),(6653,'21019','Phường Nghĩa Chánh',378),(6654,'21022','Phường Trần Hưng Đạo',378),(6655,'21025','Phường Nguyễn Nghiêm',378),(6656,'21028','Phường Nghĩa Lộ',378),(6657,'21031','Phường Chánh Lộ',378),(6658,'21034','Xã Nghĩa Dũng',378),(6659,'21037','Xã Nghĩa Dõng',378),(6660,'21172','Phường Trương Quang Trọng',378),(6661,'21187','Xã Tịnh Hòa',378),(6662,'21190','Xã Tịnh Kỳ',378),(6663,'21199','Xã Tịnh Thiện',378),(6664,'21202','Xã Tịnh Ấn Đông',378),(6665,'21208','Xã Tịnh Châu',378),(6666,'21211','Xã Tịnh Khê',378),(6667,'21214','Xã Tịnh Long',378),(6668,'21223','Xã Tịnh Ấn Tây',378),(6669,'21232','Xã Tịnh An',378),(6670,'21253','Xã Nghĩa Phú',378),(6671,'21256','Xã Nghĩa Hà',378),(6672,'21262','Xã Nghĩa An',378),(6673,'21040','Thị Trấn Châu Ổ',379),(6674,'21043','Xã Bình Thuận',379),(6675,'21046','Xã Bình Thạnh',379),(6676,'21049','Xã Bình Đông',379),(6677,'21052','Xã Bình Chánh',379),(6678,'21055','Xã Bình Nguyên',379),(6679,'21058','Xã Bình Khương',379),(6680,'21061','Xã Bình Trị',379),(6681,'21064','Xã Bình An',379),(6682,'21067','Xã Bình Hải',379),(6683,'21070','Xã Bình Dương',379),(6684,'21073','Xã Bình Phước',379),(6685,'21079','Xã Bình Hòa',379),(6686,'21082','Xã Bình Trung',379),(6687,'21085','Xã Bình Minh',379),(6688,'21088','Xã Bình Long',379),(6689,'21091','Xã Bình Thanh ',379),(6690,'21100','Xã Bình Chương',379),(6691,'21103','Xã Bình Hiệp',379),(6692,'21106','Xã Bình Mỹ',379),(6693,'21109','Xã Bình Tân Phú',379),(6694,'21112','Xã Bình Châu',379),(6695,'21115','Thị trấn Trà Xuân',380),(6696,'21118','Xã Trà Giang',380),(6697,'21121','Xã Trà Thủy',380),(6698,'21124','Xã Trà Hiệp',380),(6699,'21127','Xã Trà Bình',380),(6700,'21130','Xã Trà Phú',380),(6701,'21133','Xã Trà Lâm',380),(6702,'21136','Xã Trà Tân',380),(6703,'21139','Xã Trà Sơn',380),(6704,'21142','Xã Trà Bùi',380),(6705,'21145','Xã Trà Thanh',380),(6706,'21148','Xã Sơn Trà',380),(6707,'21154','Xã Trà Phong',380),(6708,'21157','Xã Hương Trà',380),(6709,'21163','Xã Trà Xinh',380),(6710,'21166','Xã Trà Tây',380),(6711,'21175','Xã Tịnh Thọ',381),(6712,'21178','Xã Tịnh Trà',381),(6713,'21181','Xã Tịnh Phong',381),(6714,'21184','Xã Tịnh Hiệp',381),(6715,'21193','Xã Tịnh Bình',381),(6716,'21196','Xã Tịnh Đông',381),(6717,'21205','Xã Tịnh Bắc',381),(6718,'21217','Xã Tịnh Sơn',381),(6719,'21220','Xã Tịnh Hà',381),(6720,'21226','Xã Tịnh Giang',381),(6721,'21229','Xã Tịnh Minh',381),(6722,'21235','Thị trấn La Hà',382),(6723,'21238','Thị trấn Sông Vệ',382),(6724,'21241','Xã Nghĩa Lâm',382),(6725,'21244','Xã Nghĩa Thắng',382),(6726,'21247','Xã Nghĩa Thuận',382),(6727,'21250','Xã Nghĩa Kỳ',382),(6728,'21259','Xã Nghĩa Sơn',382),(6729,'21268','Xã Nghĩa Hòa',382),(6730,'21271','Xã Nghĩa Điền',382),(6731,'21274','Xã Nghĩa Thương',382),(6732,'21277','Xã Nghĩa Trung',382),(6733,'21280','Xã Nghĩa Hiệp',382),(6734,'21283','Xã Nghĩa Phương',382),(6735,'21286','Xã Nghĩa Mỹ',382),(6736,'21289','Thị trấn Di Lăng',383),(6737,'21292','Xã Sơn Hạ',383),(6738,'21295','Xã Sơn Thành',383),(6739,'21298','Xã Sơn Nham',383),(6740,'21301','Xã Sơn Bao',383),(6741,'21304','Xã Sơn Linh',383),(6742,'21307','Xã Sơn Giang',383),(6743,'21310','Xã Sơn Trung',383),(6744,'21313','Xã Sơn Thượng',383),(6745,'21316','Xã Sơn Cao',383),(6746,'21319','Xã Sơn Hải',383),(6747,'21322','Xã Sơn Thủy',383),(6748,'21325','Xã Sơn Kỳ',383),(6749,'21328','Xã Sơn Ba',383),(6750,'21331','Xã Sơn Bua',384),(6751,'21334','Xã Sơn Mùa',384),(6752,'21335','Xã Sơn Liên',384),(6753,'21337','Xã Sơn Tân',384),(6754,'21338','Xã Sơn Màu',384),(6755,'21340','Xã Sơn Dung',384),(6756,'21341','Xã Sơn Long',384),(6757,'21343','Xã Sơn Tinh',384),(6758,'21346','Xã Sơn Lập',384),(6759,'21349','Xã Long Sơn',385),(6760,'21352','Xã Long Mai',385),(6761,'21355','Xã Thanh An',385),(6762,'21358','Xã Long Môn',385),(6763,'21361','Xã Long Hiệp',385),(6764,'21364','Thị trấn Chợ Chùa',386),(6765,'21367','Xã Hành Thuận',386),(6766,'21370','Xã Hành Dũng',386),(6767,'21373','Xã Hành Trung',386),(6768,'21376','Xã Hành Nhân',386),(6769,'21379','Xã Hành Đức',386),(6770,'21382','Xã Hành Minh',386),(6771,'21385','Xã Hành Phước',386),(6772,'21388','Xã Hành Thiện',386),(6773,'21391','Xã Hành Thịnh',386),(6774,'21394','Xã Hành Tín Tây',386),(6775,'21397','Xã Hành Tín  Đông',386),(6776,'21400','Thị trấn Mộ Đức',387),(6777,'21403','Xã Đức Lợi',387),(6778,'21406','Xã Đức Thắng',387),(6779,'21409','Xã Đức Nhuận',387),(6780,'21412','Xã Đức Chánh',387),(6781,'21415','Xã Đức Hiệp',387),(6782,'21418','Xã Đức Minh',387),(6783,'21421','Xã Đức Thạnh',387),(6784,'21424','Xã Đức Hòa',387),(6785,'21427','Xã Đức Tân',387),(6786,'21430','Xã Đức Phú',387),(6787,'21433','Xã Đức Phong',387),(6788,'21436','Xã Đức Lân',387),(6789,'21439','Phường Nguyễn Nghiêm',388),(6790,'21442','Xã Phổ An',388),(6791,'21445','Xã Phổ Phong',388),(6792,'21448','Xã Phổ Thuận',388),(6793,'21451','Phường Phổ Văn',388),(6794,'21454','Phường Phổ Quang',388),(6795,'21457','Xã Phổ Nhơn',388),(6796,'21460','Phường Phổ Ninh',388),(6797,'21463','Phường Phổ Minh',388),(6798,'21466','Phường Phổ Vinh',388),(6799,'21469','Phường Phổ Hòa',388),(6800,'21472','Xã Phổ Cường',388),(6801,'21475','Xã Phổ Khánh',388),(6802,'21478','Phường Phổ Thạnh',388),(6803,'21481','Xã Phổ Châu',388),(6804,'21484','Thị trấn Ba Tơ',389),(6805,'21487','Xã Ba Điền',389),(6806,'21490','Xã Ba Vinh',389),(6807,'21493','Xã Ba Thành',389),(6808,'21496','Xã Ba Động',389),(6809,'21499','Xã Ba Dinh',389),(6810,'21500','Xã Ba Giang',389),(6811,'21502','Xã Ba Liên',389),(6812,'21505','Xã Ba Ngạc',389),(6813,'21508','Xã Ba Khâm',389),(6814,'21511','Xã Ba Cung',389),(6815,'21517','Xã Ba Tiêu',389),(6816,'21520','Xã Ba Trang',389),(6817,'21523','Xã Ba Tô',389),(6818,'21526','Xã Ba Bích',389),(6819,'21529','Xã Ba Vì',389),(6820,'21532','Xã Ba Lế',389),(6821,'21535','Xã Ba Nam',389),(6822,'21538','Xã Ba Xa',389),(6823,'21550','Phường Nhơn Bình',390),(6824,'21553','Phường Nhơn Phú',390),(6825,'21556','Phường Đống Đa',390),(6826,'21559','Phường Trần Quang Diệu',390),(6827,'21562','Phường Hải Cảng',390),(6828,'21565','Phường Quang Trung',390),(6829,'21568','Phường Thị Nại',390),(6830,'21571','Phường Lê Hồng Phong',390),(6831,'21574','Phường Trần Hưng Đạo',390),(6832,'21577','Phường Ngô Mây',390),(6833,'21580','Phường Lý Thường Kiệt',390),(6834,'21583','Phường Lê Lợi',390),(6835,'21586','Phường Trần Phú',390),(6836,'21589','Phường Bùi Thị Xuân',390),(6837,'21592','Phường Nguyễn Văn Cừ',390),(6838,'21595','Phường Ghềnh Ráng',390),(6839,'21598','Xã Nhơn Lý',390),(6840,'21601','Xã Nhơn Hội',390),(6841,'21604','Xã Nhơn Hải',390),(6842,'21607','Xã Nhơn Châu',390),(6843,'21991','Xã Phước Mỹ',390),(6844,'21609','Thị trấn An Lão',391),(6845,'21610','Xã An Hưng',391),(6846,'21613','Xã An Trung',391),(6847,'21616','Xã An Dũng',391),(6848,'21619','Xã An Vinh',391),(6849,'21622','Xã An Toàn',391),(6850,'21625','Xã An Tân',391),(6851,'21628','Xã An Hòa',391),(6852,'21631','Xã An Quang',391),(6853,'21634','Xã An Nghĩa',391),(6854,'21637','Phường Tam Quan',392),(6855,'21640','Phường Bồng Sơn',392),(6856,'21643','Xã Hoài Sơn',392),(6857,'21646','Xã Hoài Châu Bắc',392),(6858,'21649','Xã Hoài Châu',392),(6859,'21652','Xã Hoài Phú',392),(6860,'21655','Phường Tam Quan Bắc',392),(6861,'21658','Phường Tam Quan Nam',392),(6862,'21661','Phường Hoài Hảo',392),(6863,'21664','Phường Hoài Thanh Tây',392),(6864,'21667','Phường Hoài Thanh',392),(6865,'21670','Phường Hoài Hương',392),(6866,'21673','Phường Hoài Tân',392),(6867,'21676','Xã Hoài Hải',392),(6868,'21679','Phường Hoài Xuân',392),(6869,'21682','Xã Hoài Mỹ',392),(6870,'21685','Phường Hoài Đức',392),(6871,'21688','Thị trấn Tăng Bạt Hổ',393),(6872,'21690','Xã Ân Hảo Tây',393),(6873,'21691','Xã Ân Hảo Đông',393),(6874,'21694','Xã Ân Sơn',393),(6875,'21697','Xã Ân Mỹ',393),(6876,'21700','Xã Đak Mang',393),(6877,'21703','Xã Ân Tín',393),(6878,'21706','Xã Ân Thạnh',393),(6879,'21709','Xã Ân Phong',393),(6880,'21712','Xã Ân Đức',393),(6881,'21715','Xã Ân Hữu',393),(6882,'21718','Xã Bok Tới',393),(6883,'21721','Xã Ân Tường Tây',393);
/*!40000 ALTER TABLE `wards` ENABLE KEYS */;

--
-- Table structure for table `withdrawals`
--

DROP TABLE IF EXISTS `withdrawals`;
/*!40101 SET @saved_cs_client     = @@character_set_client */;
/*!50503 SET character_set_client = utf8mb4 */;
CREATE TABLE `withdrawals` (
  `id` bigint NOT NULL AUTO_INCREMENT,
  `amount` double DEFAULT NULL,
  `created_at` datetime(6) DEFAULT NULL,
  `status` enum('CANCELLED','COMPLETED','PENDING') DEFAULT NULL,
  `updated_at` datetime(6) DEFAULT NULL,
  `collaborator_id` bigint DEFAULT NULL,
  `account_name` varchar(255) DEFAULT NULL,
  `account_number` varchar(255) DEFAULT NULL,
  `bank_select` varchar(255) DEFAULT NULL,
  PRIMARY KEY (`id`),
  KEY `FKj7812g9q8ay6903ou14ksyc0k` (`collaborator_id`),
  CONSTRAINT `FKj7812g9q8ay6903ou14ksyc0k` FOREIGN KEY (`collaborator_id`) REFERENCES `collaborators` (`id`)
) ENGINE=InnoDB AUTO_INCREMENT=6 DEFAULT CHARSET=utf8mb4 COLLATE=utf8mb4_0900_ai_ci;
/*!40101 SET character_set_client = @saved_cs_client */;

--
-- Dumping data for table `withdrawals`
--

/*!40000 ALTER TABLE `withdrawals` DISABLE KEYS */;
INSERT INTO `withdrawals` VALUES (1,50,'2024-12-06 04:28:38.515501','PENDING',NULL,NULL,'dang hoang minh','0343921331',NULL),(2,50,'2024-12-06 04:28:38.515501','PENDING',NULL,13,'dang hoang minh','0343921331','acb'),(3,117.5,'2024-12-06 04:28:38.515501','CANCELLED',NULL,13,'dang hoang minh','0343921313','vcb'),(4,50,'2024-12-06 04:28:38.515501','PENDING',NULL,13,'dang hoang minh','0343921331','acb'),(5,503.322,'2024-12-06 04:28:38.515501','PENDING',NULL,13,'dang hoang minh','0343921331','tcb');
/*!40000 ALTER TABLE `withdrawals` ENABLE KEYS */;

--
-- Dumping routines for database 'teashop'
--
/*!40103 SET TIME_ZONE=@OLD_TIME_ZONE */;

/*!40101 SET SQL_MODE=@OLD_SQL_MODE */;
/*!40014 SET FOREIGN_KEY_CHECKS=@OLD_FOREIGN_KEY_CHECKS */;
/*!40014 SET UNIQUE_CHECKS=@OLD_UNIQUE_CHECKS */;
/*!40101 SET CHARACTER_SET_CLIENT=@OLD_CHARACTER_SET_CLIENT */;
/*!40101 SET CHARACTER_SET_RESULTS=@OLD_CHARACTER_SET_RESULTS */;
/*!40101 SET COLLATION_CONNECTION=@OLD_COLLATION_CONNECTION */;
/*!40111 SET SQL_NOTES=@OLD_SQL_NOTES */;

-- Dump completed on 2024-12-06 15:28:13
